-- phpMyAdmin SQL Dump
-- version 5.2.1deb3
-- https://www.phpmyadmin.net/
--
-- Host: localhost:3306
-- Generation Time: Dec 09, 2025 at 10:50 AM
-- Server version: 8.0.44-0ubuntu0.24.04.2
-- PHP Version: 8.3.6

SET SQL_MODE = "NO_AUTO_VALUE_ON_ZERO";
START TRANSACTION;
SET time_zone = "+00:00";


/*!40101 SET @OLD_CHARACTER_SET_CLIENT=@@CHARACTER_SET_CLIENT */;
/*!40101 SET @OLD_CHARACTER_SET_RESULTS=@@CHARACTER_SET_RESULTS */;
/*!40101 SET @OLD_COLLATION_CONNECTION=@@COLLATION_CONNECTION */;
/*!40101 SET NAMES utf8mb4 */;

--
-- Database: `omeka`
--

-- --------------------------------------------------------

--
-- Table structure for table `api_key`
--

CREATE TABLE `api_key` (
  `id` varchar(32) CHARACTER SET utf8mb4 COLLATE utf8mb4_unicode_ci NOT NULL,
  `owner_id` int NOT NULL,
  `label` varchar(255) CHARACTER SET utf8mb4 COLLATE utf8mb4_unicode_ci NOT NULL,
  `credential_hash` varchar(60) CHARACTER SET utf8mb4 COLLATE utf8mb4_unicode_ci NOT NULL,
  `last_ip` varbinary(16) DEFAULT NULL COMMENT '(DC2Type:ip_address)',
  `last_accessed` datetime DEFAULT NULL,
  `created` datetime NOT NULL
) ENGINE=InnoDB DEFAULT CHARSET=utf8mb4 COLLATE=utf8mb4_unicode_ci;

--
-- Dumping data for table `api_key`
--

INSERT INTO `api_key` (`id`, `owner_id`, `label`, `credential_hash`, `last_ip`, `last_accessed`, `created`) VALUES
('bEpYCjsA9NBDJCycS3zr9V6U8jG01uCV', 2, 'key2', '$2y$10$x.y4AnbUszlgXqVLtIxADetmOoWXSkymB4E0ygaFegU/sYlgyIR2m', 0x00000000000000000000000000000001, '2025-12-09 10:45:29', '2025-12-09 10:15:41'),
('neecG2mXbk1MDcdL4t2vnYx3BxtVL0OM', 2, 'key 1', '$2y$10$idqg0UTiJ0dOWalNRGc.w.D5zWe1MU039Z7XEFWIuT57mli6fsVRC', 0x00000000000000000000000000000001, '2025-12-08 22:54:40', '2025-12-08 22:50:25'),
('q94woTAaTNH186HmJ4F6ykBecD1KAEfI', 1, 'api key 1', '$2y$10$K5Ej4zTcQSzZtaZVOkvrxOXtictwZhzmPnNibO14VhGGwwZOaQCRS', 0x00000000000000000000000000000001, '2025-12-08 22:42:38', '2025-12-07 16:22:02');

-- --------------------------------------------------------

--
-- Table structure for table `asset`
--

CREATE TABLE `asset` (
  `id` int NOT NULL,
  `owner_id` int DEFAULT NULL,
  `name` varchar(255) CHARACTER SET utf8mb4 COLLATE utf8mb4_unicode_ci NOT NULL,
  `media_type` varchar(255) CHARACTER SET utf8mb4 COLLATE utf8mb4_unicode_ci NOT NULL,
  `storage_id` varchar(190) CHARACTER SET utf8mb4 COLLATE utf8mb4_unicode_ci NOT NULL,
  `extension` varchar(255) CHARACTER SET utf8mb4 COLLATE utf8mb4_unicode_ci DEFAULT NULL,
  `alt_text` longtext CHARACTER SET utf8mb4 COLLATE utf8mb4_unicode_ci
) ENGINE=InnoDB DEFAULT CHARSET=utf8mb4 COLLATE=utf8mb4_unicode_ci;

-- --------------------------------------------------------

--
-- Table structure for table `csvimport_entity`
--

CREATE TABLE `csvimport_entity` (
  `id` int NOT NULL,
  `job_id` int NOT NULL,
  `entity_id` int NOT NULL,
  `resource_type` varchar(255) CHARACTER SET utf8mb4 COLLATE utf8mb4_unicode_ci NOT NULL
) ENGINE=InnoDB DEFAULT CHARSET=utf8mb4 COLLATE=utf8mb4_unicode_ci;

--
-- Dumping data for table `csvimport_entity`
--

INSERT INTO `csvimport_entity` (`id`, `job_id`, `entity_id`, `resource_type`) VALUES
(1, 1, 5, 'items'),
(2, 1, 6, 'items'),
(3, 1, 7, 'items'),
(4, 1, 8, 'items'),
(5, 1, 9, 'items'),
(6, 2, 10, 'items'),
(7, 2, 11, 'items'),
(8, 2, 12, 'items'),
(9, 2, 13, 'items'),
(10, 2, 14, 'items'),
(11, 3, 15, 'items'),
(12, 3, 16, 'items'),
(13, 3, 17, 'items'),
(14, 3, 18, 'items'),
(15, 3, 19, 'items'),
(16, 4, 20, 'items'),
(17, 4, 21, 'items'),
(18, 4, 22, 'items'),
(19, 4, 23, 'items'),
(20, 4, 24, 'items'),
(21, 5, 25, 'items'),
(22, 5, 26, 'items'),
(23, 5, 27, 'items'),
(24, 5, 28, 'items'),
(25, 5, 29, 'items'),
(26, 6, 30, 'items'),
(27, 6, 31, 'items'),
(28, 6, 32, 'items'),
(29, 6, 33, 'items'),
(30, 6, 34, 'items'),
(31, 8, 35, 'items'),
(32, 8, 36, 'items'),
(33, 8, 37, 'items'),
(34, 8, 38, 'items'),
(35, 8, 39, 'items'),
(36, 10, 40, 'items'),
(37, 10, 41, 'items'),
(38, 10, 42, 'items'),
(39, 10, 43, 'items'),
(40, 10, 44, 'items'),
(41, 12, 45, 'items'),
(42, 12, 46, 'items'),
(43, 12, 47, 'items'),
(44, 12, 48, 'items'),
(45, 12, 49, 'items'),
(46, 14, 50, 'items'),
(47, 14, 51, 'items'),
(48, 14, 52, 'items'),
(49, 14, 53, 'items'),
(50, 14, 54, 'items'),
(51, 15, 55, 'items'),
(52, 15, 56, 'items'),
(53, 15, 57, 'items'),
(54, 15, 58, 'items'),
(55, 15, 59, 'items'),
(56, 17, 60, 'items'),
(57, 17, 61, 'items'),
(58, 17, 62, 'items'),
(59, 17, 63, 'items'),
(60, 17, 64, 'items'),
(61, 18, 65, 'items'),
(62, 18, 66, 'items'),
(63, 18, 67, 'items'),
(64, 18, 68, 'items'),
(65, 18, 69, 'items'),
(66, 19, 70, 'items'),
(67, 19, 71, 'items'),
(68, 19, 72, 'items'),
(69, 19, 73, 'items'),
(70, 19, 74, 'items'),
(71, 20, 75, 'items'),
(72, 20, 76, 'items'),
(73, 20, 77, 'items'),
(74, 20, 78, 'items'),
(75, 20, 79, 'items'),
(76, 22, 80, 'items'),
(77, 22, 81, 'items'),
(78, 22, 82, 'items'),
(79, 22, 83, 'items'),
(80, 22, 84, 'items'),
(81, 23, 85, 'items'),
(82, 23, 86, 'items'),
(83, 23, 87, 'items'),
(84, 23, 88, 'items'),
(85, 23, 89, 'items'),
(86, 24, 90, 'items'),
(87, 24, 91, 'items'),
(88, 24, 92, 'items'),
(89, 24, 93, 'items'),
(90, 24, 94, 'items'),
(91, 25, 95, 'items'),
(92, 25, 96, 'items'),
(93, 25, 97, 'items'),
(94, 25, 98, 'items'),
(95, 25, 99, 'items'),
(96, 26, 100, 'items'),
(97, 26, 101, 'items'),
(98, 26, 102, 'items'),
(99, 26, 103, 'items'),
(100, 26, 104, 'items'),
(101, 27, 105, 'items'),
(102, 27, 106, 'items'),
(103, 27, 107, 'items'),
(104, 27, 108, 'items'),
(105, 27, 109, 'items'),
(106, 28, 110, 'items'),
(107, 28, 111, 'items'),
(108, 28, 112, 'items'),
(109, 28, 113, 'items'),
(110, 28, 114, 'items'),
(111, 29, 115, 'items'),
(112, 29, 116, 'items'),
(113, 29, 117, 'items'),
(114, 29, 118, 'items'),
(115, 29, 119, 'items'),
(116, 30, 120, 'items'),
(117, 30, 121, 'items'),
(118, 30, 122, 'items'),
(119, 30, 123, 'items'),
(120, 30, 124, 'items'),
(121, 31, 125, 'items'),
(122, 31, 126, 'items'),
(123, 31, 127, 'items'),
(124, 31, 128, 'items'),
(125, 31, 129, 'items'),
(126, 34, 130, 'items'),
(127, 34, 131, 'items'),
(128, 34, 132, 'items'),
(129, 34, 133, 'items'),
(130, 34, 134, 'items'),
(136, 41, 140, 'items'),
(137, 41, 141, 'items'),
(138, 41, 142, 'items'),
(139, 41, 143, 'items'),
(140, 41, 144, 'items'),
(141, 42, 145, 'items'),
(142, 42, 146, 'items'),
(143, 42, 147, 'items'),
(144, 42, 148, 'items'),
(145, 42, 149, 'items'),
(146, 45, 150, 'items'),
(147, 45, 151, 'items'),
(148, 45, 152, 'items'),
(149, 45, 153, 'items'),
(150, 45, 154, 'items'),
(151, 46, 160, 'items'),
(152, 46, 161, 'items'),
(153, 46, 162, 'items'),
(154, 46, 163, 'items'),
(155, 46, 164, 'items');

-- --------------------------------------------------------

--
-- Table structure for table `csvimport_import`
--

CREATE TABLE `csvimport_import` (
  `id` int NOT NULL,
  `job_id` int NOT NULL,
  `undo_job_id` int DEFAULT NULL,
  `comment` varchar(255) CHARACTER SET utf8mb4 COLLATE utf8mb4_unicode_ci DEFAULT NULL,
  `resource_type` varchar(255) CHARACTER SET utf8mb4 COLLATE utf8mb4_unicode_ci NOT NULL,
  `has_err` tinyint(1) NOT NULL,
  `stats` longtext CHARACTER SET utf8mb4 COLLATE utf8mb4_unicode_ci NOT NULL COMMENT '(DC2Type:json_array)'
) ENGINE=InnoDB DEFAULT CHARSET=utf8mb4 COLLATE=utf8mb4_unicode_ci;

--
-- Dumping data for table `csvimport_import`
--

INSERT INTO `csvimport_import` (`id`, `job_id`, `undo_job_id`, `comment`, `resource_type`, `has_err`, `stats`) VALUES
(1, 1, NULL, '', 'items', 0, '{\"added\":{\"items\":5}}'),
(2, 2, NULL, '', 'items', 0, '{\"added\":{\"items\":5}}'),
(3, 3, NULL, '', 'items', 0, '{\"added\":{\"items\":5}}'),
(4, 4, NULL, '', 'items', 0, '{\"added\":{\"items\":5}}'),
(5, 5, NULL, '', 'items', 0, '{\"added\":{\"items\":5}}'),
(6, 6, NULL, '', 'items', 0, '{\"added\":{\"items\":5}}'),
(7, 8, NULL, '', 'items', 0, '{\"added\":{\"items\":5}}'),
(8, 10, NULL, '', 'items', 0, '{\"added\":{\"items\":5}}'),
(9, 12, NULL, '', 'items', 0, '{\"added\":{\"items\":5}}'),
(10, 14, NULL, '', 'items', 1, '{\"added\":{\"items\":5}}'),
(11, 15, NULL, '', 'items', 0, '{\"added\":{\"items\":5}}'),
(12, 17, NULL, '', 'items', 0, '{\"added\":{\"items\":5}}'),
(13, 18, NULL, '', 'items', 0, '{\"added\":{\"items\":5}}'),
(14, 19, NULL, '', 'items', 0, '{\"added\":{\"items\":5}}'),
(15, 20, NULL, '', 'items', 0, '{\"added\":{\"items\":5}}'),
(16, 22, NULL, '', 'items', 0, '{\"added\":{\"items\":5}}'),
(17, 23, NULL, '', 'items', 0, '{\"added\":{\"items\":5}}'),
(18, 24, NULL, '', 'items', 0, '{\"added\":{\"items\":5}}'),
(19, 25, NULL, '', 'items', 0, '{\"added\":{\"items\":5}}'),
(20, 26, NULL, '', 'items', 0, '{\"added\":{\"items\":5}}'),
(21, 27, NULL, '', 'items', 0, '{\"added\":{\"items\":5}}'),
(22, 28, NULL, '', 'items', 0, '{\"added\":{\"items\":5}}'),
(23, 29, NULL, '', 'items', 0, '{\"added\":{\"items\":5}}'),
(24, 30, NULL, '', 'items', 0, '{\"added\":{\"items\":5}}'),
(25, 31, NULL, '', 'items', 0, '{\"added\":{\"items\":5}}'),
(26, 32, NULL, '', 'items', 0, '{\"added\":{\"items\":0}}'),
(27, 33, NULL, '', 'items', 1, '{\"added\":{\"items\":0}}'),
(28, 34, NULL, '', 'items', 0, '{\"added\":{\"items\":5}}'),
(29, 35, 40, '', 'items', 1, '{\"added\":{\"items\":5}}'),
(30, 36, 39, '', 'items', 0, '{\"added\":{\"items\":0}}'),
(31, 37, 38, '', 'items', 0, '{\"added\":{\"items\":0}}'),
(32, 41, NULL, '', 'items', 0, '{\"added\":{\"items\":5}}'),
(33, 42, NULL, '', 'items', 0, '{\"added\":{\"items\":5}}'),
(34, 43, NULL, '', 'items', 0, '{\"added\":{\"items\":0}}'),
(35, 44, NULL, '', 'items', 0, '{\"added\":{\"items\":0}}'),
(36, 45, NULL, '', 'items', 0, '{\"added\":{\"items\":5,\"media\":5}}'),
(37, 46, NULL, '', 'items', 0, '{\"added\":{\"items\":5}}');

-- --------------------------------------------------------

--
-- Table structure for table `fulltext_search`
--

CREATE TABLE `fulltext_search` (
  `id` int NOT NULL,
  `resource` varchar(190) CHARACTER SET utf8mb4 COLLATE utf8mb4_unicode_ci NOT NULL,
  `owner_id` int DEFAULT NULL,
  `is_public` tinyint(1) NOT NULL,
  `title` longtext CHARACTER SET utf8mb4 COLLATE utf8mb4_unicode_ci,
  `text` longtext CHARACTER SET utf8mb4 COLLATE utf8mb4_unicode_ci
) ENGINE=InnoDB DEFAULT CHARSET=utf8mb4 COLLATE=utf8mb4_unicode_ci;

--
-- Dumping data for table `fulltext_search`
--

INSERT INTO `fulltext_search` (`id`, `resource`, `owner_id`, `is_public`, `title`, `text`) VALUES
(287, 'items', 2, 1, 'Benakcha Iheb Chaker', 'Benakcha Iheb Chaker\nsil1/1\nBenakcha Iheb Chaker\nben@mail.com'),
(288, 'items', 2, 1, 'Jane Doe', 'Jane Doe\nsil1/2\nJane Doe\njan@mail.com'),
(289, 'items', 2, 1, 'Foo Bar', 'Foo Bar\nsil1/3\nFoo Bar\nfoo@mai.com'),
(290, 'items', 2, 1, 'Jhon Doe', 'Jhon Doe\nsil1/4\nJhon Doe\njhon@mail.com'),
(291, 'items', 2, 1, 'Méthodes Agiles', 'Méthodes Agiles\ncours-25-1\nthyp-1\n2'),
(292, 'items', 2, 1, 'Compilation', 'Compilation\ncours-25-2\nthyp-2\n8'),
(293, 'items', 2, 1, 'Analyse de données', 'Analyse de données\ncours-25-3\nthyp-3\n4'),
(294, 'items', 2, 1, 'Interface Homme Machine', 'Interface Homme Machine\ncours-25-5\nthyp-5\n3'),
(295, 'items', 2, 1, 'Inscription INSCR-1765277111082', 'Inscription INSCR-1765277111082\nINSCR-1765277111082\n18\nBenakcha Iheb Chaker\nMéthodes Agiles'),
(296, 'items', 2, 1, 'Inscription INSCR-1765277121383', 'Inscription INSCR-1765277121383\nINSCR-1765277121383\n17\nJane Doe\nAnalyse de données'),
(297, 'items', 2, 1, 'Inscription INSCR-1765277129173', 'Inscription INSCR-1765277129173\nINSCR-1765277129173\n17\nFoo Bar\nCompilation');

-- --------------------------------------------------------

--
-- Table structure for table `item`
--

CREATE TABLE `item` (
  `id` int NOT NULL,
  `primary_media_id` int DEFAULT NULL
) ENGINE=InnoDB DEFAULT CHARSET=utf8mb4 COLLATE=utf8mb4_unicode_ci;

--
-- Dumping data for table `item`
--

INSERT INTO `item` (`id`, `primary_media_id`) VALUES
(287, NULL),
(288, NULL),
(289, NULL),
(290, NULL),
(291, NULL),
(292, NULL),
(293, NULL),
(294, NULL),
(295, NULL),
(296, NULL),
(297, NULL);

-- --------------------------------------------------------

--
-- Table structure for table `item_item_set`
--

CREATE TABLE `item_item_set` (
  `item_id` int NOT NULL,
  `item_set_id` int NOT NULL
) ENGINE=InnoDB DEFAULT CHARSET=utf8mb4 COLLATE=utf8mb4_unicode_ci;

-- --------------------------------------------------------

--
-- Table structure for table `item_set`
--

CREATE TABLE `item_set` (
  `id` int NOT NULL,
  `is_open` tinyint(1) NOT NULL
) ENGINE=InnoDB DEFAULT CHARSET=utf8mb4 COLLATE=utf8mb4_unicode_ci;

-- --------------------------------------------------------

--
-- Table structure for table `item_site`
--

CREATE TABLE `item_site` (
  `item_id` int NOT NULL,
  `site_id` int NOT NULL
) ENGINE=InnoDB DEFAULT CHARSET=utf8mb4 COLLATE=utf8mb4_unicode_ci;

-- --------------------------------------------------------

--
-- Table structure for table `job`
--

CREATE TABLE `job` (
  `id` int NOT NULL,
  `owner_id` int DEFAULT NULL,
  `pid` varchar(255) CHARACTER SET utf8mb4 COLLATE utf8mb4_unicode_ci DEFAULT NULL,
  `status` varchar(255) CHARACTER SET utf8mb4 COLLATE utf8mb4_unicode_ci DEFAULT NULL,
  `class` varchar(255) CHARACTER SET utf8mb4 COLLATE utf8mb4_unicode_ci NOT NULL,
  `args` longtext CHARACTER SET utf8mb4 COLLATE utf8mb4_unicode_ci COMMENT '(DC2Type:json_array)',
  `log` longtext CHARACTER SET utf8mb4 COLLATE utf8mb4_unicode_ci,
  `started` datetime NOT NULL,
  `ended` datetime DEFAULT NULL
) ENGINE=InnoDB DEFAULT CHARSET=utf8mb4 COLLATE=utf8mb4_unicode_ci;

--
-- Dumping data for table `job`
--

INSERT INTO `job` (`id`, `owner_id`, `pid`, `status`, `class`, `args`, `log`, `started`, `ended`) VALUES
(1, 1, '42589', 'completed', 'CSVImport\\Job\\Import', '{\"filename\":\"User_fake.csv\",\"filesize\":\"266\",\"filepath\":\"\\/tmp\\/omekatckJiY\",\"media_type\":\"text\\/csv\",\"resource_type\":\"items\",\"comment\":\"\",\"automap_check_names_alone\":false,\"column\":[\"First Name\",\"Last Name\",\"Email\",\"Password\"],\"generic-data\":\"default\",\"media-source\":\"default\",\"resource-identifier-property\":\"\",\"o:resource_template\":\"\",\"o:resource_class\":\"\",\"o:owner\":{\"o:id\":1},\"o:is_public\":1,\"multivalue_separator\":\",\",\"global_language\":\"\",\"action\":\"create\",\"identifier_column\":0,\"identifier_property\":\"\",\"action_unidentified\":\"skip\",\"rows_by_batch\":20,\"column-multivalue\":[],\"delimiter\":\",\",\"enclosure\":\"\\\"\",\"escape\":\"\\\\\"}', NULL, '2025-10-17 13:14:54', '2025-10-17 13:14:55'),
(2, 1, '42733', 'completed', 'CSVImport\\Job\\Import', '{\"filename\":\"User_fake.csv\",\"filesize\":\"274\",\"filepath\":\"\\/tmp\\/omekaysLIXJ\",\"media_type\":\"text\\/csv\",\"resource_type\":\"items\",\"comment\":\"\",\"automap_check_names_alone\":true,\"column-property\":[{\"ke:firstName\":210},{\"ke:lastName\":211},{\"ke:email\":212},{\"ke:password\":213}],\"generic-data\":\"default\",\"media-source\":\"default\",\"resource-identifier-property\":\"\",\"o:resource_template\":\"\",\"o:resource_class\":\"\",\"o:owner\":{\"o:id\":1},\"o:is_public\":1,\"multivalue_separator\":\",\",\"global_language\":\"\",\"action\":\"create\",\"identifier_column\":0,\"identifier_property\":\"\",\"action_unidentified\":\"skip\",\"rows_by_batch\":20,\"column-multivalue\":[],\"delimiter\":\",\",\"enclosure\":\"\\\"\",\"escape\":\"\\\\\"}', NULL, '2025-10-17 13:18:04', '2025-10-17 13:18:05'),
(3, 1, '44312', 'completed', 'CSVImport\\Job\\Import', '{\"filename\":\"User_fake.csv\",\"filesize\":\"392\",\"filepath\":\"\\/tmp\\/omeka9g4vrH\",\"media_type\":\"text\\/csv\",\"resource_type\":\"items\",\"comment\":\"\",\"automap_check_names_alone\":true,\"column-property\":[{\"dcterms:title\":1},{\"ke:firstName\":210},{\"ke:lastName\":211},{\"ke:email\":212},{\"ke:password\":213}],\"generic-data\":\"default\",\"media-source\":\"default\",\"resource-identifier-property\":\"\",\"o:resource_template\":\"\",\"o:resource_class\":\"\",\"o:owner\":{\"o:id\":1},\"o:is_public\":1,\"multivalue_separator\":\",\",\"global_language\":\"\",\"action\":\"create\",\"identifier_column\":0,\"identifier_property\":\"\",\"action_unidentified\":\"skip\",\"rows_by_batch\":20,\"column-multivalue\":[],\"delimiter\":\",\",\"enclosure\":\"\\\"\",\"escape\":\"\\\\\"}', NULL, '2025-10-17 13:46:26', '2025-10-17 13:46:26'),
(4, 1, '44568', 'completed', 'CSVImport\\Job\\Import', '{\"filename\":\"SocialMediaLink_fake.csv\",\"filesize\":\"436\",\"filepath\":\"\\/tmp\\/omekaW81SDx\",\"media_type\":\"text\\/csv\",\"resource_type\":\"items\",\"comment\":\"\",\"automap_check_names_alone\":true,\"column-property\":[{\"foaf:name\":138},{\"foaf:logo\":169},{\"ke:link\":215}],\"generic-data\":\"default\",\"media-source\":\"default\",\"resource-identifier-property\":\"\",\"o:resource_template\":\"\",\"o:resource_class\":\"\",\"o:owner\":{\"o:id\":1},\"o:is_public\":1,\"multivalue_separator\":\",\",\"global_language\":\"\",\"action\":\"create\",\"identifier_column\":0,\"identifier_property\":\"\",\"action_unidentified\":\"skip\",\"rows_by_batch\":20,\"column-multivalue\":[],\"delimiter\":\",\",\"enclosure\":\"\\\"\",\"escape\":\"\\\\\"}', NULL, '2025-10-17 13:53:11', '2025-10-17 13:53:11'),
(5, 1, '44758', 'completed', 'CSVImport\\Job\\Import', '{\"filename\":\"SocialMediaLink_fake.csv\",\"filesize\":\"436\",\"filepath\":\"\\/tmp\\/omekanFFaax\",\"media_type\":\"text\\/csv\",\"resource_type\":\"items\",\"comment\":\"\",\"automap_check_names_alone\":true,\"column-property\":[{\"foaf:name\":138},{\"foaf:logo\":169},{\"ke:link\":215}],\"generic-data\":\"default\",\"media-source\":\"default\",\"resource-identifier-property\":\"\",\"o:resource_template\":\"\",\"o:resource_class\":\"\",\"o:owner\":{\"o:id\":1},\"o:is_public\":1,\"multivalue_separator\":\",\",\"global_language\":\"\",\"action\":\"create\",\"identifier_column\":0,\"identifier_property\":\"\",\"action_unidentified\":\"skip\",\"rows_by_batch\":20,\"column-multivalue\":[],\"delimiter\":\",\",\"enclosure\":\"\\\"\",\"escape\":\"\\\\\"}', NULL, '2025-10-17 13:58:41', '2025-10-17 13:58:41'),
(6, 1, '55250', 'completed', 'CSVImport\\Job\\Import', '{\"filename\":\"SocialMediaLink_fake.csv\",\"filesize\":\"436\",\"filepath\":\"\\/tmp\\/omekaJQ7Vq3\",\"media_type\":\"text\\/csv\",\"resource_type\":\"items\",\"comment\":\"\",\"automap_check_names_alone\":true,\"column-property\":[{\"foaf:name\":138},{\"foaf:logo\":169},{\"ke:link\":215}],\"generic-data\":\"default\",\"media-source\":\"default\",\"resource-identifier-property\":\"\",\"o:resource_template\":\"\",\"o:resource_class\":\"\",\"o:owner\":{\"o:id\":1},\"o:is_public\":1,\"multivalue_separator\":\",\",\"global_language\":\"\",\"action\":\"create\",\"identifier_column\":0,\"identifier_property\":\"\",\"action_unidentified\":\"skip\",\"rows_by_batch\":20,\"column-multivalue\":[],\"delimiter\":\",\",\"enclosure\":\"\\\"\",\"escape\":\"\\\\\"}', NULL, '2025-10-18 08:03:14', '2025-10-18 08:03:14'),
(7, 1, '55644', 'completed', 'Omeka\\Job\\BatchDelete', '{\"resource\":\"items\",\"query\":{\"sort_by_default\":\"\",\"sort_order_default\":\"\"}}', NULL, '2025-10-18 08:07:59', '2025-10-18 08:07:59'),
(8, 1, '55664', 'completed', 'CSVImport\\Job\\Import', '{\"filename\":\"User_fake.csv\",\"filesize\":\"442\",\"filepath\":\"\\/tmp\\/omekazWBWs6\",\"media_type\":\"text\\/csv\",\"resource_type\":\"items\",\"comment\":\"\",\"automap_check_names_alone\":true,\"column-property\":[{\"dcterms:type\":8},{\"dcterms:title\":1},{\"ke:firstName\":210},{\"ke:lastName\":211},{\"ke:email\":212},{\"ke:password\":213}],\"generic-data\":\"default\",\"media-source\":\"default\",\"resource-identifier-property\":\"\",\"o:resource_template\":\"\",\"o:resource_class\":\"\",\"o:owner\":{\"o:id\":1},\"o:is_public\":1,\"multivalue_separator\":\",\",\"global_language\":\"\",\"action\":\"create\",\"identifier_column\":0,\"identifier_property\":\"\",\"action_unidentified\":\"skip\",\"rows_by_batch\":20,\"column-multivalue\":[],\"delimiter\":\",\",\"enclosure\":\"\\\"\",\"escape\":\"\\\\\"}', NULL, '2025-10-18 08:08:17', '2025-10-18 08:08:17'),
(9, 1, '55915', 'completed', 'Omeka\\Job\\BatchDelete', '{\"resource\":\"items\",\"query\":{\"sort_by_default\":\"\",\"sort_order_default\":\"\"}}', NULL, '2025-10-18 08:13:29', '2025-10-18 08:13:30'),
(10, 1, '55961', 'completed', 'CSVImport\\Job\\Import', '{\"filename\":\"User_fake.csv\",\"filesize\":\"470\",\"filepath\":\"\\/tmp\\/omeka7CXQ8f\",\"media_type\":\"text\\/csv\",\"resource_type\":\"items\",\"comment\":\"\",\"automap_check_names_alone\":true,\"column-resource_class\":[\"1\"],\"column-property\":{\"1\":{\"ke:title\":235},\"2\":{\"ke:firstName\":210},\"3\":{\"ke:lastName\":211},\"4\":{\"ke:email\":212},\"5\":{\"ke:password\":213}},\"generic-data\":\"default\",\"media-source\":\"default\",\"resource-identifier-property\":\"\",\"o:resource_template\":\"\",\"o:resource_class\":\"\",\"o:owner\":{\"o:id\":1},\"o:is_public\":1,\"multivalue_separator\":\",\",\"global_language\":\"\",\"action\":\"create\",\"identifier_column\":0,\"identifier_property\":\"\",\"action_unidentified\":\"skip\",\"rows_by_batch\":20,\"column-multivalue\":[],\"delimiter\":\",\",\"enclosure\":\"\\\"\",\"escape\":\"\\\\\"}', NULL, '2025-10-18 08:14:25', '2025-10-18 08:14:26'),
(11, 1, '55988', 'completed', 'Omeka\\Job\\BatchDelete', '{\"resource\":\"items\",\"query\":{\"sort_by_default\":\"\",\"sort_order_default\":\"\"}}', NULL, '2025-10-18 08:15:16', '2025-10-18 08:15:17'),
(12, 1, '56025', 'completed', 'CSVImport\\Job\\Import', '{\"filename\":\"User_fake.csv\",\"filesize\":\"470\",\"filepath\":\"\\/tmp\\/omekaxxzh82\",\"media_type\":\"text\\/csv\",\"resource_type\":\"items\",\"comment\":\"\",\"automap_check_names_alone\":true,\"column-resource_class\":[\"1\"],\"column-property\":{\"1\":{\"ke:title\":235},\"2\":{\"ke:firstName\":210},\"3\":{\"ke:lastName\":211},\"4\":{\"ke:email\":212},\"5\":{\"ke:password\":213}},\"generic-data\":\"default\",\"media-source\":\"default\",\"resource-identifier-property\":\"\",\"o:resource_template\":\"\",\"o:resource_class\":\"\",\"o:owner\":{\"o:id\":1},\"o:is_public\":1,\"multivalue_separator\":\",\",\"global_language\":\"\",\"action\":\"create\",\"identifier_column\":0,\"identifier_property\":\"\",\"action_unidentified\":\"skip\",\"rows_by_batch\":20,\"column-multivalue\":[],\"delimiter\":\",\",\"enclosure\":\"\\\"\",\"escape\":\"\\\\\"}', NULL, '2025-10-18 08:15:51', '2025-10-18 08:15:51'),
(13, 1, '56120', 'completed', 'Omeka\\Job\\BatchDelete', '{\"resource\":\"items\",\"query\":{\"sort_by_default\":\"\",\"sort_order_default\":\"\"}}', NULL, '2025-10-18 08:19:26', '2025-10-18 08:19:26'),
(14, 1, '56158', 'completed', 'CSVImport\\Job\\Import', '{\"filename\":\"User_fake.csv\",\"filesize\":\"467\",\"filepath\":\"\\/tmp\\/omekajif1Hb\",\"media_type\":\"text\\/csv\",\"resource_type\":\"items\",\"comment\":\"\",\"automap_check_names_alone\":true,\"column-resource_template\":[\"1\"],\"column-property\":{\"1\":{\"dcterms:title\":1},\"2\":{\"ke:firstName\":210},\"3\":{\"ke:lastName\":211},\"4\":{\"ke:email\":212},\"5\":{\"ke:password\":213}},\"generic-data\":\"default\",\"media-source\":\"default\",\"resource-identifier-property\":\"\",\"o:resource_template\":\"\",\"o:resource_class\":\"\",\"o:owner\":{\"o:id\":1},\"o:is_public\":1,\"multivalue_separator\":\",\",\"global_language\":\"\",\"action\":\"create\",\"identifier_column\":0,\"identifier_property\":\"\",\"action_unidentified\":\"skip\",\"rows_by_batch\":20,\"column-multivalue\":[],\"delimiter\":\",\",\"enclosure\":\"\\\"\",\"escape\":\"\\\\\"}', '2025-10-18T08:20:02+00:00 ERR (3): \"ke:User\" is not a valid Resource Template name.\n2025-10-18T08:20:02+00:00 ERR (3): \"ke:User\" is not a valid Resource Template name.\n2025-10-18T08:20:02+00:00 ERR (3): \"ke:User\" is not a valid Resource Template name.\n2025-10-18T08:20:02+00:00 ERR (3): \"ke:User\" is not a valid Resource Template name.\n2025-10-18T08:20:02+00:00 ERR (3): \"ke:User\" is not a valid Resource Template name.\n', '2025-10-18 08:20:01', '2025-10-18 08:20:02'),
(15, 1, '56211', 'completed', 'CSVImport\\Job\\Import', '{\"filename\":\"SocialMediaLink_fake.csv\",\"filesize\":\"569\",\"filepath\":\"\\/tmp\\/omeka01s6Fl\",\"media_type\":\"text\\/csv\",\"resource_type\":\"items\",\"comment\":\"\",\"automap_check_names_alone\":true,\"column-resource_class\":[\"1\"],\"column-property\":{\"1\":{\"ke:name\":214},\"2\":{\"ke:logo\":216},\"3\":{\"ke:link\":215}},\"generic-data\":\"default\",\"media-source\":\"default\",\"resource-identifier-property\":\"\",\"o:resource_template\":\"\",\"o:resource_class\":\"\",\"o:owner\":{\"o:id\":1},\"o:is_public\":1,\"multivalue_separator\":\",\",\"global_language\":\"\",\"action\":\"create\",\"identifier_column\":0,\"identifier_property\":\"\",\"action_unidentified\":\"skip\",\"rows_by_batch\":20,\"column-multivalue\":[],\"delimiter\":\",\",\"enclosure\":\"\\\"\",\"escape\":\"\\\\\"}', NULL, '2025-10-18 08:21:24', '2025-10-18 08:21:24'),
(16, 1, '56260', 'completed', 'Omeka\\Job\\BatchDelete', '{\"resource\":\"items\",\"query\":{\"sort_by_default\":\"\",\"sort_order_default\":\"\"}}', NULL, '2025-10-18 08:22:41', '2025-10-18 08:22:42'),
(17, 1, '56301', 'completed', 'CSVImport\\Job\\Import', '{\"filename\":\"User_fake.csv\",\"filesize\":\"471\",\"filepath\":\"\\/tmp\\/omekaUt17OT\",\"media_type\":\"text\\/csv\",\"resource_type\":\"items\",\"comment\":\"\",\"automap_check_names_alone\":true,\"column-resource_class\":[\"1\"],\"column-property\":{\"1\":{\"dcterms:title\":1},\"2\":{\"ke:firstName\":210},\"3\":{\"ke:lastName\":211},\"4\":{\"ke:email\":212},\"5\":{\"ke:password\":213}},\"generic-data\":\"default\",\"media-source\":\"default\",\"resource-identifier-property\":\"\",\"o:resource_template\":\"\",\"o:resource_class\":\"\",\"o:owner\":{\"o:id\":1},\"o:is_public\":1,\"multivalue_separator\":\",\",\"global_language\":\"\",\"action\":\"create\",\"identifier_column\":0,\"identifier_property\":\"\",\"action_unidentified\":\"skip\",\"rows_by_batch\":20,\"column-multivalue\":[],\"delimiter\":\",\",\"enclosure\":\"\\\"\",\"escape\":\"\\\\\"}', NULL, '2025-10-18 08:23:10', '2025-10-18 08:23:10'),
(18, 1, '56339', 'completed', 'CSVImport\\Job\\Import', '{\"filename\":\"SocialMediaLink_fake.csv\",\"filesize\":\"569\",\"filepath\":\"\\/tmp\\/omeka29OaEV\",\"media_type\":\"text\\/csv\",\"resource_type\":\"items\",\"comment\":\"\",\"automap_check_names_alone\":true,\"column-resource_class\":[\"1\"],\"column-property\":{\"1\":{\"ke:name\":214},\"2\":{\"ke:logo\":216},\"3\":{\"ke:link\":215}},\"generic-data\":\"default\",\"media-source\":\"default\",\"resource-identifier-property\":\"\",\"o:resource_template\":\"\",\"o:resource_class\":\"\",\"o:owner\":{\"o:id\":1},\"o:is_public\":1,\"multivalue_separator\":\",\",\"global_language\":\"\",\"action\":\"create\",\"identifier_column\":0,\"identifier_property\":\"\",\"action_unidentified\":\"skip\",\"rows_by_batch\":20,\"column-multivalue\":[],\"delimiter\":\",\",\"enclosure\":\"\\\"\",\"escape\":\"\\\\\"}', NULL, '2025-10-18 08:24:05', '2025-10-18 08:24:05'),
(19, 1, '56463', 'completed', 'CSVImport\\Job\\Import', '{\"filename\":\"Ingredient_fake.csv\",\"filesize\":\"441\",\"filepath\":\"\\/tmp\\/omekaTOpTHn\",\"media_type\":\"text\\/csv\",\"resource_type\":\"items\",\"comment\":\"\",\"automap_check_names_alone\":true,\"column-resource_class\":[\"1\"],\"column-property\":{\"1\":{\"ke:name\":214},\"2\":{\"ke:nutritionalInfo\":225},\"3\":{\"ke:isHealthy\":226}},\"generic-data\":\"default\",\"media-source\":\"default\",\"resource-identifier-property\":\"\",\"o:resource_template\":\"\",\"o:resource_class\":\"\",\"o:owner\":{\"o:id\":1},\"o:is_public\":1,\"multivalue_separator\":\",\",\"global_language\":\"\",\"action\":\"create\",\"identifier_column\":0,\"identifier_property\":\"\",\"action_unidentified\":\"skip\",\"rows_by_batch\":20,\"column-multivalue\":[],\"delimiter\":\",\",\"enclosure\":\"\\\"\",\"escape\":\"\\\\\"}', NULL, '2025-10-18 08:26:54', '2025-10-18 08:26:54'),
(20, 1, '56560', 'completed', 'CSVImport\\Job\\Import', '{\"filename\":\"Post_fake.csv\",\"filesize\":\"579\",\"filepath\":\"\\/tmp\\/omeka1GEM8W\",\"media_type\":\"text\\/csv\",\"resource_type\":\"items\",\"comment\":\"\",\"automap_check_names_alone\":true,\"column-resource_class\":[\"1\"],\"column-property\":{\"1\":{\"ke:title\":235},\"2\":{\"ke:description\":234},\"3\":{\"ke:createdBy\":223}},\"generic-data\":\"default\",\"media-source\":\"default\",\"resource-identifier-property\":\"\",\"o:resource_template\":\"\",\"o:resource_class\":\"\",\"o:owner\":{\"o:id\":1},\"o:is_public\":1,\"multivalue_separator\":\",\",\"global_language\":\"\",\"action\":\"create\",\"identifier_column\":0,\"identifier_property\":\"\",\"action_unidentified\":\"skip\",\"rows_by_batch\":20,\"column-multivalue\":[],\"delimiter\":\",\",\"enclosure\":\"\\\"\",\"escape\":\"\\\\\"}', NULL, '2025-10-18 08:28:39', '2025-10-18 08:28:40'),
(21, 1, '56578', 'completed', 'Omeka\\Job\\BatchDelete', '{\"resource\":\"items\",\"query\":{\"sort_by_default\":\"\",\"sort_order_default\":\"\"}}', NULL, '2025-10-18 08:29:09', '2025-10-18 08:29:09'),
(22, 1, '56751', 'completed', 'CSVImport\\Job\\Import', '{\"filename\":\"User_fake.csv\",\"filesize\":\"528\",\"filepath\":\"\\/tmp\\/omekawuHf5K\",\"media_type\":\"text\\/csv\",\"resource_type\":\"items\",\"comment\":\"\",\"automap_check_names_alone\":true,\"column-resource_class\":[\"1\"],\"column-resource_template\":{\"1\":\"1\"},\"column-property\":{\"2\":{\"dcterms:title\":1},\"3\":{\"ke:firstName\":210},\"4\":{\"ke:lastName\":211},\"5\":{\"ke:email\":212},\"6\":{\"ke:password\":213}},\"generic-data\":\"default\",\"media-source\":\"default\",\"resource-identifier-property\":\"\",\"o:resource_template\":\"\",\"o:resource_class\":\"\",\"o:owner\":{\"o:id\":1},\"o:is_public\":1,\"multivalue_separator\":\",\",\"global_language\":\"\",\"action\":\"create\",\"identifier_column\":0,\"identifier_property\":\"\",\"action_unidentified\":\"skip\",\"rows_by_batch\":20,\"column-multivalue\":[],\"delimiter\":\",\",\"enclosure\":\"\\\"\",\"escape\":\"\\\\\"}', NULL, '2025-10-18 08:31:38', '2025-10-18 08:31:38'),
(23, 1, '56787', 'completed', 'CSVImport\\Job\\Import', '{\"filename\":\"Ingredient_fake.csv\",\"filesize\":\"528\",\"filepath\":\"\\/tmp\\/omekaBVZdGa\",\"media_type\":\"text\\/csv\",\"resource_type\":\"items\",\"comment\":\"\",\"automap_check_names_alone\":true,\"column-resource_class\":[\"1\"],\"column-resource_template\":{\"1\":\"1\"},\"column-property\":{\"2\":{\"ke:name\":214},\"3\":{\"ke:nutritionalInfo\":225},\"4\":{\"ke:isHealthy\":226}},\"generic-data\":\"default\",\"media-source\":\"default\",\"resource-identifier-property\":\"\",\"o:resource_template\":\"\",\"o:resource_class\":\"\",\"o:owner\":{\"o:id\":1},\"o:is_public\":1,\"multivalue_separator\":\",\",\"global_language\":\"\",\"action\":\"create\",\"identifier_column\":0,\"identifier_property\":\"\",\"action_unidentified\":\"skip\",\"rows_by_batch\":20,\"column-multivalue\":[],\"delimiter\":\",\",\"enclosure\":\"\\\"\",\"escape\":\"\\\\\"}', NULL, '2025-10-18 08:32:07', '2025-10-18 08:32:08'),
(24, 1, '56820', 'completed', 'CSVImport\\Job\\Import', '{\"filename\":\"SocialMediaLink_fake.csv\",\"filesize\":\"681\",\"filepath\":\"\\/tmp\\/omekacMLCGB\",\"media_type\":\"text\\/csv\",\"resource_type\":\"items\",\"comment\":\"\",\"automap_check_names_alone\":true,\"column-resource_class\":[\"1\"],\"column-resource_template\":{\"1\":\"1\"},\"column-property\":{\"2\":{\"ke:name\":214},\"3\":{\"ke:logo\":216},\"4\":{\"ke:link\":215}},\"generic-data\":\"default\",\"media-source\":\"default\",\"resource-identifier-property\":\"\",\"o:resource_template\":\"\",\"o:resource_class\":\"\",\"o:owner\":{\"o:id\":1},\"o:is_public\":1,\"multivalue_separator\":\",\",\"global_language\":\"\",\"action\":\"create\",\"identifier_column\":0,\"identifier_property\":\"\",\"action_unidentified\":\"skip\",\"rows_by_batch\":20,\"column-multivalue\":[],\"delimiter\":\",\",\"enclosure\":\"\\\"\",\"escape\":\"\\\\\"}', NULL, '2025-10-18 08:32:55', '2025-10-18 08:32:55'),
(25, 1, '57148', 'completed', 'CSVImport\\Job\\Import', '{\"filename\":\"Post_fake.csv\",\"filesize\":\"606\",\"filepath\":\"\\/tmp\\/omekaoRL1P2\",\"media_type\":\"text\\/csv\",\"resource_type\":\"items\",\"comment\":\"\",\"automap_check_names_alone\":true,\"column-resource_class\":[\"1\"],\"column-resource_template\":{\"1\":\"1\"},\"column-property\":{\"2\":{\"ke:title\":235},\"3\":{\"ke:description\":234},\"4\":{\"ke:createdBy\":223}},\"generic-data\":\"default\",\"media-source\":\"default\",\"resource-identifier-property\":\"\",\"o:resource_template\":\"\",\"o:resource_class\":\"\",\"o:owner\":{\"o:id\":1},\"o:is_public\":1,\"multivalue_separator\":\",\",\"global_language\":\"\",\"action\":\"create\",\"identifier_column\":0,\"identifier_property\":\"\",\"action_unidentified\":\"skip\",\"rows_by_batch\":20,\"column-multivalue\":[],\"delimiter\":\",\",\"enclosure\":\"\\\"\",\"escape\":\"\\\\\"}', NULL, '2025-10-18 08:39:41', '2025-10-18 08:39:41'),
(26, 1, '57354', 'completed', 'CSVImport\\Job\\Import', '{\"filename\":\"Post_fake.csv\",\"filesize\":\"641\",\"filepath\":\"\\/tmp\\/omeka3EIZXY\",\"media_type\":\"text\\/csv\",\"resource_type\":\"items\",\"comment\":\"\",\"automap_check_names_alone\":true,\"column-resource_class\":[\"1\"],\"column-resource_template\":{\"1\":\"1\"},\"column-property\":{\"2\":{\"ke:title\":235},\"3\":{\"ke:description\":234},\"4\":{\"ke:createdBy\":223}},\"generic-data\":\"default\",\"media-source\":\"default\",\"resource-identifier-property\":\"\",\"o:resource_template\":\"\",\"o:resource_class\":\"\",\"o:owner\":{\"o:id\":1},\"o:is_public\":1,\"multivalue_separator\":\",\",\"global_language\":\"\",\"action\":\"create\",\"identifier_column\":0,\"identifier_property\":\"\",\"action_unidentified\":\"skip\",\"rows_by_batch\":20,\"column-multivalue\":[],\"delimiter\":\",\",\"enclosure\":\"\\\"\",\"escape\":\"\\\\\"}', NULL, '2025-10-18 08:45:28', '2025-10-18 08:45:29'),
(27, 1, '57405', 'completed', 'CSVImport\\Job\\Import', '{\"filename\":\"Post_fake.csv\",\"filesize\":\"641\",\"filepath\":\"\\/tmp\\/omekaAvtUi7\",\"media_type\":\"text\\/csv\",\"resource_type\":\"items\",\"comment\":\"\",\"automap_check_names_alone\":true,\"column-resource_class\":[\"1\"],\"column-resource_template\":{\"1\":\"1\"},\"column-property\":{\"2\":{\"ke:title\":235},\"3\":{\"ke:description\":234},\"4\":{\"ke:createdBy\":223}},\"generic-data\":\"default\",\"media-source\":\"default\",\"resource-identifier-property\":\"\",\"o:resource_template\":\"\",\"o:resource_class\":\"\",\"o:owner\":{\"o:id\":1},\"o:is_public\":1,\"multivalue_separator\":\",\",\"global_language\":\"\",\"action\":\"create\",\"identifier_column\":0,\"identifier_property\":\"\",\"action_unidentified\":\"skip\",\"rows_by_batch\":20,\"column-multivalue\":[],\"delimiter\":\",\",\"enclosure\":\"\\\"\",\"escape\":\"\\\\\"}', NULL, '2025-10-18 08:46:46', '2025-10-18 08:46:46'),
(28, 1, '57467', 'completed', 'CSVImport\\Job\\Import', '{\"filename\":\"Post_fake.csv\",\"filesize\":\"641\",\"filepath\":\"\\/tmp\\/omekaS4ePMR\",\"media_type\":\"text\\/csv\",\"resource_type\":\"items\",\"comment\":\"\",\"automap_check_names_alone\":true,\"column-resource_class\":[\"1\"],\"column-resource_template\":{\"1\":\"1\"},\"column-property\":{\"2\":{\"ke:title\":235},\"3\":{\"ke:description\":234},\"4\":{\"ke:createdBy\":223}},\"generic-data\":\"default\",\"media-source\":\"default\",\"resource-identifier-property\":\"\",\"o:resource_template\":\"\",\"o:resource_class\":\"\",\"o:owner\":{\"o:id\":1},\"o:is_public\":1,\"multivalue_separator\":\",\",\"global_language\":\"\",\"action\":\"create\",\"identifier_column\":0,\"identifier_property\":\"\",\"action_unidentified\":\"skip\",\"rows_by_batch\":20,\"column-multivalue\":[],\"delimiter\":\",\",\"enclosure\":\"\\\"\",\"escape\":\"\\\\\"}', NULL, '2025-10-18 08:48:55', '2025-10-18 08:48:55'),
(29, 1, '57554', 'completed', 'CSVImport\\Job\\Import', '{\"filename\":\"Post_fake.csv\",\"filesize\":\"606\",\"filepath\":\"\\/tmp\\/omekapdmiLC\",\"media_type\":\"text\\/csv\",\"resource_type\":\"items\",\"comment\":\"\",\"automap_check_names_alone\":true,\"column-resource_class\":[\"1\"],\"column-resource_template\":{\"1\":\"1\"},\"column-property\":{\"2\":{\"ke:title\":235},\"3\":{\"ke:description\":234},\"4\":{\"ke:createdBy\":223}},\"column-data-type\":{\"4\":\"resource\"},\"generic-data\":\"default\",\"media-source\":\"default\",\"resource-identifier-property\":\"\",\"o:resource_template\":\"\",\"o:resource_class\":\"\",\"o:owner\":{\"o:id\":1},\"o:is_public\":1,\"multivalue_separator\":\",\",\"global_language\":\"\",\"action\":\"create\",\"identifier_column\":0,\"identifier_property\":\"\",\"action_unidentified\":\"skip\",\"rows_by_batch\":20,\"column-multivalue\":[],\"delimiter\":\",\",\"enclosure\":\"\\\"\",\"escape\":\"\\\\\"}', NULL, '2025-10-18 08:50:31', '2025-10-18 08:50:32'),
(30, 1, '11265', 'completed', 'CSVImport\\Job\\Import', '{\"filename\":\"Recipe_fake.csv\",\"filesize\":\"1360\",\"filepath\":\"\\/tmp\\/omekaqh1oWG\",\"media_type\":\"text\\/csv\",\"resource_type\":\"items\",\"comment\":\"\",\"automap_check_names_alone\":true,\"column-resource_class\":[\"1\"],\"column-resource_template\":{\"1\":\"1\"},\"column-property\":{\"2\":{\"ke:name\":214},\"3\":{\"ke:description\":234},\"4\":{\"ke:image\":217},\"5\":{\"ke:hasIngredient\":224},\"6\":{\"ke:preparationTime\":220},\"7\":{\"ke:cookingTime\":219},\"8\":{\"ke:steps\":218},\"9\":{\"ke:calories\":221},\"10\":{\"ke:difficulty\":222},\"11\":{\"ke:createdBy\":223}},\"generic-data\":\"default\",\"media-source\":\"default\",\"resource-identifier-property\":\"\",\"o:resource_template\":\"\",\"o:resource_class\":\"\",\"o:owner\":{\"o:id\":1},\"o:is_public\":1,\"multivalue_separator\":\",\",\"global_language\":\"\",\"action\":\"create\",\"identifier_column\":0,\"identifier_property\":\"\",\"action_unidentified\":\"skip\",\"rows_by_batch\":20,\"column-multivalue\":[],\"delimiter\":\",\",\"enclosure\":\"\\\"\",\"escape\":\"\\\\\"}', NULL, '2025-10-19 09:31:19', '2025-10-19 09:31:20'),
(31, 1, '11303', 'completed', 'CSVImport\\Job\\Import', '{\"filename\":\"Recipe_fake.csv\",\"filesize\":\"1360\",\"filepath\":\"\\/tmp\\/omeka6tYt7t\",\"media_type\":\"text\\/csv\",\"resource_type\":\"items\",\"comment\":\"\",\"automap_check_names_alone\":true,\"column-resource_class\":[\"1\"],\"column-resource_template\":{\"1\":\"1\"},\"column-property\":{\"2\":{\"ke:name\":214},\"3\":{\"ke:description\":234},\"4\":{\"ke:image\":217},\"5\":{\"ke:hasIngredient\":224},\"6\":{\"ke:preparationTime\":220},\"7\":{\"ke:cookingTime\":219},\"8\":{\"ke:steps\":218},\"9\":{\"ke:calories\":221},\"10\":{\"ke:difficulty\":222},\"11\":{\"ke:createdBy\":223}},\"column-data-type\":{\"11\":\"resource\"},\"generic-data\":\"default\",\"media-source\":\"default\",\"resource-identifier-property\":\"\",\"o:resource_template\":\"\",\"o:resource_class\":\"\",\"o:owner\":{\"o:id\":1},\"o:is_public\":1,\"multivalue_separator\":\",\",\"global_language\":\"\",\"action\":\"create\",\"identifier_column\":0,\"identifier_property\":\"\",\"action_unidentified\":\"skip\",\"rows_by_batch\":20,\"column-multivalue\":[],\"delimiter\":\",\",\"enclosure\":\"\\\"\",\"escape\":\"\\\\\"}', NULL, '2025-10-19 09:32:50', '2025-10-19 09:32:50'),
(32, 1, '11402', 'completed', 'CSVImport\\Job\\Import', '{\"filename\":\"Recipe_fake.csv\",\"filesize\":\"1360\",\"filepath\":\"\\/tmp\\/omekaRNFa1X\",\"media_type\":\"text\\/csv\",\"resource_type\":\"items\",\"comment\":\"\",\"automap_check_names_alone\":true,\"column-resource_class\":[\"1\"],\"column-resource_template\":{\"1\":\"1\"},\"column-property\":{\"2\":{\"ke:name\":214},\"3\":{\"ke:description\":234},\"4\":{\"ke:image\":217},\"5\":{\"ke:hasIngredient\":224},\"6\":{\"ke:preparationTime\":220},\"7\":{\"ke:cookingTime\":219},\"8\":{\"ke:steps\":218},\"9\":{\"ke:calories\":221},\"10\":{\"ke:difficulty\":222},\"11\":{\"ke:createdBy\":223}},\"column-data-type\":{\"5\":\"resource\",\"11\":\"resource\"},\"column-multivalue\":{\"5\":\"1\"},\"generic-data\":\"default\",\"media-source\":\"default\",\"resource-identifier-property\":\"\",\"o:resource_template\":\"\",\"o:resource_class\":\"\",\"o:owner\":{\"o:id\":1},\"o:is_public\":1,\"multivalue_separator\":\",\",\"global_language\":\"\",\"action\":\"create\",\"identifier_column\":0,\"identifier_property\":\"\",\"action_unidentified\":\"skip\",\"rows_by_batch\":20,\"delimiter\":\",\",\"enclosure\":\"\\\"\",\"escape\":\"\\\\\"}', '2025-10-19T09:36:21+00:00 ERR (3): Omeka\\Api\\Exception\\NotFoundException: Resource not found with id 101. in /var/www/html/omeka-s/application/src/DataType/Resource/AbstractResource.php:60\nStack trace:\n#0 /var/www/html/omeka-s/application/src/Api/Adapter/ValueHydrator.php(132): Omeka\\DataType\\Resource\\AbstractResource->hydrate()\n#1 /var/www/html/omeka-s/application/src/Api/Adapter/AbstractResourceEntityAdapter.php(174): Omeka\\Api\\Adapter\\ValueHydrator->hydrate()\n#2 /var/www/html/omeka-s/application/src/Api/Adapter/ItemAdapter.php(166): Omeka\\Api\\Adapter\\AbstractResourceEntityAdapter->hydrate()\n#3 /var/www/html/omeka-s/application/src/Api/Adapter/AbstractEntityAdapter.php(643): Omeka\\Api\\Adapter\\ItemAdapter->hydrate()\n#4 /var/www/html/omeka-s/application/src/Api/Adapter/AbstractEntityAdapter.php(354): Omeka\\Api\\Adapter\\AbstractEntityAdapter->hydrateEntity()\n#5 /var/www/html/omeka-s/application/src/Api/Manager.php(224): Omeka\\Api\\Adapter\\AbstractEntityAdapter->create()\n#6 /var/www/html/omeka-s/application/src/Api/Manager.php(78): Omeka\\Api\\Manager->execute()\n#7 /var/www/html/omeka-s/application/src/Api/Adapter/AbstractEntityAdapter.php(402): Omeka\\Api\\Manager->create()\n#8 /var/www/html/omeka-s/application/src/Api/Manager.php(227): Omeka\\Api\\Adapter\\AbstractEntityAdapter->batchCreate()\n#9 /var/www/html/omeka-s/application/src/Api/Manager.php(97): Omeka\\Api\\Manager->execute()\n#10 /var/www/html/omeka-s/modules/CSVImport/src/Job/Import.php(364): Omeka\\Api\\Manager->batchCreate()\n#11 /var/www/html/omeka-s/modules/CSVImport/src/Job/Import.php(266): CSVImport\\Job\\Import->create()\n#12 /var/www/html/omeka-s/modules/CSVImport/src/Job/Import.php(205): CSVImport\\Job\\Import->processBatchData()\n#13 /var/www/html/omeka-s/application/src/Job/DispatchStrategy/Synchronous.php(34): CSVImport\\Job\\Import->perform()\n#14 /var/www/html/omeka-s/application/src/Job/Dispatcher.php(105): Omeka\\Job\\DispatchStrategy\\Synchronous->send()\n#15 /var/www/html/omeka-s/application/data/scripts/perform-job.php(66): Omeka\\Job\\Dispatcher->send()\n#16 {main}\n2025-10-19T09:36:21+00:00 ERR (3): Omeka\\Api\\Exception\\NotFoundException: Resource not found with id 103. in /var/www/html/omeka-s/application/src/DataType/Resource/AbstractResource.php:60\nStack trace:\n#0 /var/www/html/omeka-s/application/src/Api/Adapter/ValueHydrator.php(132): Omeka\\DataType\\Resource\\AbstractResource->hydrate()\n#1 /var/www/html/omeka-s/application/src/Api/Adapter/AbstractResourceEntityAdapter.php(174): Omeka\\Api\\Adapter\\ValueHydrator->hydrate()\n#2 /var/www/html/omeka-s/application/src/Api/Adapter/ItemAdapter.php(166): Omeka\\Api\\Adapter\\AbstractResourceEntityAdapter->hydrate()\n#3 /var/www/html/omeka-s/application/src/Api/Adapter/AbstractEntityAdapter.php(643): Omeka\\Api\\Adapter\\ItemAdapter->hydrate()\n#4 /var/www/html/omeka-s/application/src/Api/Adapter/AbstractEntityAdapter.php(354): Omeka\\Api\\Adapter\\AbstractEntityAdapter->hydrateEntity()\n#5 /var/www/html/omeka-s/application/src/Api/Manager.php(224): Omeka\\Api\\Adapter\\AbstractEntityAdapter->create()\n#6 /var/www/html/omeka-s/application/src/Api/Manager.php(78): Omeka\\Api\\Manager->execute()\n#7 /var/www/html/omeka-s/application/src/Api/Adapter/AbstractEntityAdapter.php(402): Omeka\\Api\\Manager->create()\n#8 /var/www/html/omeka-s/application/src/Api/Manager.php(227): Omeka\\Api\\Adapter\\AbstractEntityAdapter->batchCreate()\n#9 /var/www/html/omeka-s/application/src/Api/Manager.php(97): Omeka\\Api\\Manager->execute()\n#10 /var/www/html/omeka-s/modules/CSVImport/src/Job/Import.php(364): Omeka\\Api\\Manager->batchCreate()\n#11 /var/www/html/omeka-s/modules/CSVImport/src/Job/Import.php(266): CSVImport\\Job\\Import->create()\n#12 /var/www/html/omeka-s/modules/CSVImport/src/Job/Import.php(205): CSVImport\\Job\\Import->processBatchData()\n#13 /var/www/html/omeka-s/application/src/Job/DispatchStrategy/Synchronous.php(34): CSVImport\\Job\\Import->perform()\n#14 /var/www/html/omeka-s/application/src/Job/Dispatcher.php(105): Omeka\\Job\\DispatchStrategy\\Synchronous->send()\n#15 /var/www/html/omeka-s/application/data/scripts/perform-job.php(66): Omeka\\Job\\Dispatcher->send()\n#16 {main}\n2025-10-19T09:36:21+00:00 ERR (3): Omeka\\Api\\Exception\\NotFoundException: Resource not found with id 104. in /var/www/html/omeka-s/application/src/DataType/Resource/AbstractResource.php:60\nStack trace:\n#0 /var/www/html/omeka-s/application/src/Api/Adapter/ValueHydrator.php(132): Omeka\\DataType\\Resource\\AbstractResource->hydrate()\n#1 /var/www/html/omeka-s/application/src/Api/Adapter/AbstractResourceEntityAdapter.php(174): Omeka\\Api\\Adapter\\ValueHydrator->hydrate()\n#2 /var/www/html/omeka-s/application/src/Api/Adapter/ItemAdapter.php(166): Omeka\\Api\\Adapter\\AbstractResourceEntityAdapter->hydrate()\n#3 /var/www/html/omeka-s/application/src/Api/Adapter/AbstractEntityAdapter.php(643): Omeka\\Api\\Adapter\\ItemAdapter->hydrate()\n#4 /var/www/html/omeka-s/application/src/Api/Adapter/AbstractEntityAdapter.php(354): Omeka\\Api\\Adapter\\AbstractEntityAdapter->hydrateEntity()\n#5 /var/www/html/omeka-s/application/src/Api/Manager.php(224): Omeka\\Api\\Adapter\\AbstractEntityAdapter->create()\n#6 /var/www/html/omeka-s/application/src/Api/Manager.php(78): Omeka\\Api\\Manager->execute()\n#7 /var/www/html/omeka-s/application/src/Api/Adapter/AbstractEntityAdapter.php(402): Omeka\\Api\\Manager->create()\n#8 /var/www/html/omeka-s/application/src/Api/Manager.php(227): Omeka\\Api\\Adapter\\AbstractEntityAdapter->batchCreate()\n#9 /var/www/html/omeka-s/application/src/Api/Manager.php(97): Omeka\\Api\\Manager->execute()\n#10 /var/www/html/omeka-s/modules/CSVImport/src/Job/Import.php(364): Omeka\\Api\\Manager->batchCreate()\n#11 /var/www/html/omeka-s/modules/CSVImport/src/Job/Import.php(266): CSVImport\\Job\\Import->create()\n#12 /var/www/html/omeka-s/modules/CSVImport/src/Job/Import.php(205): CSVImport\\Job\\Import->processBatchData()\n#13 /var/www/html/omeka-s/application/src/Job/DispatchStrategy/Synchronous.php(34): CSVImport\\Job\\Import->perform()\n#14 /var/www/html/omeka-s/application/src/Job/Dispatcher.php(105): Omeka\\Job\\DispatchStrategy\\Synchronous->send()\n#15 /var/www/html/omeka-s/application/data/scripts/perform-job.php(66): Omeka\\Job\\Dispatcher->send()\n#16 {main}\n2025-10-19T09:36:21+00:00 ERR (3): Omeka\\Api\\Exception\\NotFoundException: Resource not found with id 107. in /var/www/html/omeka-s/application/src/DataType/Resource/AbstractResource.php:60\nStack trace:\n#0 /var/www/html/omeka-s/application/src/Api/Adapter/ValueHydrator.php(132): Omeka\\DataType\\Resource\\AbstractResource->hydrate()\n#1 /var/www/html/omeka-s/application/src/Api/Adapter/AbstractResourceEntityAdapter.php(174): Omeka\\Api\\Adapter\\ValueHydrator->hydrate()\n#2 /var/www/html/omeka-s/application/src/Api/Adapter/ItemAdapter.php(166): Omeka\\Api\\Adapter\\AbstractResourceEntityAdapter->hydrate()\n#3 /var/www/html/omeka-s/application/src/Api/Adapter/AbstractEntityAdapter.php(643): Omeka\\Api\\Adapter\\ItemAdapter->hydrate()\n#4 /var/www/html/omeka-s/application/src/Api/Adapter/AbstractEntityAdapter.php(354): Omeka\\Api\\Adapter\\AbstractEntityAdapter->hydrateEntity()\n#5 /var/www/html/omeka-s/application/src/Api/Manager.php(224): Omeka\\Api\\Adapter\\AbstractEntityAdapter->create()\n#6 /var/www/html/omeka-s/application/src/Api/Manager.php(78): Omeka\\Api\\Manager->execute()\n#7 /var/www/html/omeka-s/application/src/Api/Adapter/AbstractEntityAdapter.php(402): Omeka\\Api\\Manager->create()\n#8 /var/www/html/omeka-s/application/src/Api/Manager.php(227): Omeka\\Api\\Adapter\\AbstractEntityAdapter->batchCreate()\n#9 /var/www/html/omeka-s/application/src/Api/Manager.php(97): Omeka\\Api\\Manager->execute()\n#10 /var/www/html/omeka-s/modules/CSVImport/src/Job/Import.php(364): Omeka\\Api\\Manager->batchCreate()\n#11 /var/www/html/omeka-s/modules/CSVImport/src/Job/Import.php(266): CSVImport\\Job\\Import->create()\n#12 /var/www/html/omeka-s/modules/CSVImport/src/Job/Import.php(205): CSVImport\\Job\\Import->processBatchData()\n#13 /var/www/html/omeka-s/application/src/Job/DispatchStrategy/Synchronous.php(34): CSVImport\\Job\\Import->perform()\n#14 /var/www/html/omeka-s/application/src/Job/Dispatcher.php(105): Omeka\\Job\\DispatchStrategy\\Synchronous->send()\n#15 /var/www/html/omeka-s/application/data/scripts/perform-job.php(66): Omeka\\Job\\Dispatcher->send()\n#16 {main}\n2025-10-19T09:36:21+00:00 ERR (3): Omeka\\Api\\Exception\\NotFoundException: Resource not found with id 110. in /var/www/html/omeka-s/application/src/DataType/Resource/AbstractResource.php:60\nStack trace:\n#0 /var/www/html/omeka-s/application/src/Api/Adapter/ValueHydrator.php(132): Omeka\\DataType\\Resource\\AbstractResource->hydrate()\n#1 /var/www/html/omeka-s/application/src/Api/Adapter/AbstractResourceEntityAdapter.php(174): Omeka\\Api\\Adapter\\ValueHydrator->hydrate()\n#2 /var/www/html/omeka-s/application/src/Api/Adapter/ItemAdapter.php(166): Omeka\\Api\\Adapter\\AbstractResourceEntityAdapter->hydrate()\n#3 /var/www/html/omeka-s/application/src/Api/Adapter/AbstractEntityAdapter.php(643): Omeka\\Api\\Adapter\\ItemAdapter->hydrate()\n#4 /var/www/html/omeka-s/application/src/Api/Adapter/AbstractEntityAdapter.php(354): Omeka\\Api\\Adapter\\AbstractEntityAdapter->hydrateEntity()\n#5 /var/www/html/omeka-s/application/src/Api/Manager.php(224): Omeka\\Api\\Adapter\\AbstractEntityAdapter->create()\n#6 /var/www/html/omeka-s/application/src/Api/Manager.php(78): Omeka\\Api\\Manager->execute()\n#7 /var/www/html/omeka-s/application/src/Api/Adapter/AbstractEntityAdapter.php(402): Omeka\\Api\\Manager->create()\n#8 /var/www/html/omeka-s/application/src/Api/Manager.php(227): Omeka\\Api\\Adapter\\AbstractEntityAdapter->batchCreate()\n#9 /var/www/html/omeka-s/application/src/Api/Manager.php(97): Omeka\\Api\\Manager->execute()\n#10 /var/www/html/omeka-s/modules/CSVImport/src/Job/Import.php(364): Omeka\\Api\\Manager->batchCreate()\n#11 /var/www/html/omeka-s/modules/CSVImport/src/Job/Import.php(266): CSVImport\\Job\\Import->create()\n#12 /var/www/html/omeka-s/modules/CSVImport/src/Job/Import.php(205): CSVImport\\Job\\Import->processBatchData()\n#13 /var/www/html/omeka-s/application/src/Job/DispatchStrategy/Synchronous.php(34): CSVImport\\Job\\Import->perform()\n#14 /var/www/html/omeka-s/application/src/Job/Dispatcher.php(105): Omeka\\Job\\DispatchStrategy\\Synchronous->send()\n#15 /var/www/html/omeka-s/application/data/scripts/perform-job.php(66): Omeka\\Job\\Dispatcher->send()\n#16 {main}\n', '2025-10-19 09:36:20', '2025-10-19 09:36:21');
INSERT INTO `job` (`id`, `owner_id`, `pid`, `status`, `class`, `args`, `log`, `started`, `ended`) VALUES
(33, 1, '11805', 'completed', 'CSVImport\\Job\\Import', '{\"filename\":\"Recipe_fake.csv\",\"filesize\":\"1360\",\"filepath\":\"\\/tmp\\/omeka2UF13P\",\"media_type\":\"text\\/csv\",\"resource_type\":\"items\",\"comment\":\"\",\"automap_check_names_alone\":true,\"column-resource_class\":[\"1\",\"1\"],\"column-property\":{\"2\":{\"ke:name\":214},\"3\":{\"ke:description\":234},\"4\":{\"ke:image\":217},\"5\":{\"ke:hasIngredient\":224},\"6\":{\"ke:preparationTime\":220},\"7\":{\"ke:cookingTime\":219},\"8\":{\"ke:steps\":218},\"9\":{\"ke:calories\":221},\"10\":{\"ke:difficulty\":222},\"11\":{\"ke:createdBy\":223}},\"column-item_set\":{\"5\":\"internal_id\"},\"column-data-type\":{\"5\":\"resource\",\"11\":\"resource\"},\"column-multivalue\":{\"5\":\"1\"},\"generic-data\":\"default\",\"media-source\":\"default\",\"resource-identifier-property\":\"\",\"o:resource_template\":\"\",\"o:resource_class\":\"\",\"o:owner\":{\"o:id\":1},\"o:is_public\":1,\"multivalue_separator\":\",\",\"global_language\":\"\",\"action\":\"create\",\"identifier_column\":0,\"identifier_property\":\"\",\"action_unidentified\":\"skip\",\"rows_by_batch\":20,\"delimiter\":\",\",\"enclosure\":\"\\\"\",\"escape\":\"\\\\\"}', '2025-10-19T09:44:03+00:00 ERR (3): \"Recipe\" is not a valid resource class. Resource Classes must be a Class found on the Vocabularies page.\n2025-10-19T09:44:03+00:00 ERR (3): \"101\" (internal_id) is not a valid item set.\n2025-10-19T09:44:03+00:00 ERR (3): \"102\" (internal_id) is not a valid item set.\n2025-10-19T09:44:03+00:00 ERR (3): \"Recipe\" is not a valid resource class. Resource Classes must be a Class found on the Vocabularies page.\n2025-10-19T09:44:03+00:00 ERR (3): \"103\" (internal_id) is not a valid item set.\n2025-10-19T09:44:03+00:00 ERR (3): \"Recipe\" is not a valid resource class. Resource Classes must be a Class found on the Vocabularies page.\n2025-10-19T09:44:03+00:00 ERR (3): \"104\" (internal_id) is not a valid item set.\n2025-10-19T09:44:03+00:00 ERR (3): \"105\" (internal_id) is not a valid item set.\n2025-10-19T09:44:03+00:00 ERR (3): \"106\" (internal_id) is not a valid item set.\n2025-10-19T09:44:03+00:00 ERR (3): \"Recipe\" is not a valid resource class. Resource Classes must be a Class found on the Vocabularies page.\n2025-10-19T09:44:03+00:00 ERR (3): \"107\" (internal_id) is not a valid item set.\n2025-10-19T09:44:03+00:00 ERR (3): \"108\" (internal_id) is not a valid item set.\n2025-10-19T09:44:03+00:00 ERR (3): \"109\" (internal_id) is not a valid item set.\n2025-10-19T09:44:03+00:00 ERR (3): \"Recipe\" is not a valid resource class. Resource Classes must be a Class found on the Vocabularies page.\n2025-10-19T09:44:03+00:00 ERR (3): \"110\" (internal_id) is not a valid item set.\n2025-10-19T09:44:03+00:00 ERR (3): \"111\" (internal_id) is not a valid item set.\n2025-10-19T09:44:03+00:00 ERR (3): Omeka\\Api\\Exception\\NotFoundException: Resource not found with id 101. in /var/www/html/omeka-s/application/src/DataType/Resource/AbstractResource.php:60\nStack trace:\n#0 /var/www/html/omeka-s/application/src/Api/Adapter/ValueHydrator.php(132): Omeka\\DataType\\Resource\\AbstractResource->hydrate()\n#1 /var/www/html/omeka-s/application/src/Api/Adapter/AbstractResourceEntityAdapter.php(174): Omeka\\Api\\Adapter\\ValueHydrator->hydrate()\n#2 /var/www/html/omeka-s/application/src/Api/Adapter/ItemAdapter.php(166): Omeka\\Api\\Adapter\\AbstractResourceEntityAdapter->hydrate()\n#3 /var/www/html/omeka-s/application/src/Api/Adapter/AbstractEntityAdapter.php(643): Omeka\\Api\\Adapter\\ItemAdapter->hydrate()\n#4 /var/www/html/omeka-s/application/src/Api/Adapter/AbstractEntityAdapter.php(354): Omeka\\Api\\Adapter\\AbstractEntityAdapter->hydrateEntity()\n#5 /var/www/html/omeka-s/application/src/Api/Manager.php(224): Omeka\\Api\\Adapter\\AbstractEntityAdapter->create()\n#6 /var/www/html/omeka-s/application/src/Api/Manager.php(78): Omeka\\Api\\Manager->execute()\n#7 /var/www/html/omeka-s/application/src/Api/Adapter/AbstractEntityAdapter.php(402): Omeka\\Api\\Manager->create()\n#8 /var/www/html/omeka-s/application/src/Api/Manager.php(227): Omeka\\Api\\Adapter\\AbstractEntityAdapter->batchCreate()\n#9 /var/www/html/omeka-s/application/src/Api/Manager.php(97): Omeka\\Api\\Manager->execute()\n#10 /var/www/html/omeka-s/modules/CSVImport/src/Job/Import.php(364): Omeka\\Api\\Manager->batchCreate()\n#11 /var/www/html/omeka-s/modules/CSVImport/src/Job/Import.php(266): CSVImport\\Job\\Import->create()\n#12 /var/www/html/omeka-s/modules/CSVImport/src/Job/Import.php(205): CSVImport\\Job\\Import->processBatchData()\n#13 /var/www/html/omeka-s/application/src/Job/DispatchStrategy/Synchronous.php(34): CSVImport\\Job\\Import->perform()\n#14 /var/www/html/omeka-s/application/src/Job/Dispatcher.php(105): Omeka\\Job\\DispatchStrategy\\Synchronous->send()\n#15 /var/www/html/omeka-s/application/data/scripts/perform-job.php(66): Omeka\\Job\\Dispatcher->send()\n#16 {main}\n2025-10-19T09:44:03+00:00 ERR (3): Omeka\\Api\\Exception\\NotFoundException: Resource not found with id 103. in /var/www/html/omeka-s/application/src/DataType/Resource/AbstractResource.php:60\nStack trace:\n#0 /var/www/html/omeka-s/application/src/Api/Adapter/ValueHydrator.php(132): Omeka\\DataType\\Resource\\AbstractResource->hydrate()\n#1 /var/www/html/omeka-s/application/src/Api/Adapter/AbstractResourceEntityAdapter.php(174): Omeka\\Api\\Adapter\\ValueHydrator->hydrate()\n#2 /var/www/html/omeka-s/application/src/Api/Adapter/ItemAdapter.php(166): Omeka\\Api\\Adapter\\AbstractResourceEntityAdapter->hydrate()\n#3 /var/www/html/omeka-s/application/src/Api/Adapter/AbstractEntityAdapter.php(643): Omeka\\Api\\Adapter\\ItemAdapter->hydrate()\n#4 /var/www/html/omeka-s/application/src/Api/Adapter/AbstractEntityAdapter.php(354): Omeka\\Api\\Adapter\\AbstractEntityAdapter->hydrateEntity()\n#5 /var/www/html/omeka-s/application/src/Api/Manager.php(224): Omeka\\Api\\Adapter\\AbstractEntityAdapter->create()\n#6 /var/www/html/omeka-s/application/src/Api/Manager.php(78): Omeka\\Api\\Manager->execute()\n#7 /var/www/html/omeka-s/application/src/Api/Adapter/AbstractEntityAdapter.php(402): Omeka\\Api\\Manager->create()\n#8 /var/www/html/omeka-s/application/src/Api/Manager.php(227): Omeka\\Api\\Adapter\\AbstractEntityAdapter->batchCreate()\n#9 /var/www/html/omeka-s/application/src/Api/Manager.php(97): Omeka\\Api\\Manager->execute()\n#10 /var/www/html/omeka-s/modules/CSVImport/src/Job/Import.php(364): Omeka\\Api\\Manager->batchCreate()\n#11 /var/www/html/omeka-s/modules/CSVImport/src/Job/Import.php(266): CSVImport\\Job\\Import->create()\n#12 /var/www/html/omeka-s/modules/CSVImport/src/Job/Import.php(205): CSVImport\\Job\\Import->processBatchData()\n#13 /var/www/html/omeka-s/application/src/Job/DispatchStrategy/Synchronous.php(34): CSVImport\\Job\\Import->perform()\n#14 /var/www/html/omeka-s/application/src/Job/Dispatcher.php(105): Omeka\\Job\\DispatchStrategy\\Synchronous->send()\n#15 /var/www/html/omeka-s/application/data/scripts/perform-job.php(66): Omeka\\Job\\Dispatcher->send()\n#16 {main}\n2025-10-19T09:44:03+00:00 ERR (3): Omeka\\Api\\Exception\\NotFoundException: Resource not found with id 104. in /var/www/html/omeka-s/application/src/DataType/Resource/AbstractResource.php:60\nStack trace:\n#0 /var/www/html/omeka-s/application/src/Api/Adapter/ValueHydrator.php(132): Omeka\\DataType\\Resource\\AbstractResource->hydrate()\n#1 /var/www/html/omeka-s/application/src/Api/Adapter/AbstractResourceEntityAdapter.php(174): Omeka\\Api\\Adapter\\ValueHydrator->hydrate()\n#2 /var/www/html/omeka-s/application/src/Api/Adapter/ItemAdapter.php(166): Omeka\\Api\\Adapter\\AbstractResourceEntityAdapter->hydrate()\n#3 /var/www/html/omeka-s/application/src/Api/Adapter/AbstractEntityAdapter.php(643): Omeka\\Api\\Adapter\\ItemAdapter->hydrate()\n#4 /var/www/html/omeka-s/application/src/Api/Adapter/AbstractEntityAdapter.php(354): Omeka\\Api\\Adapter\\AbstractEntityAdapter->hydrateEntity()\n#5 /var/www/html/omeka-s/application/src/Api/Manager.php(224): Omeka\\Api\\Adapter\\AbstractEntityAdapter->create()\n#6 /var/www/html/omeka-s/application/src/Api/Manager.php(78): Omeka\\Api\\Manager->execute()\n#7 /var/www/html/omeka-s/application/src/Api/Adapter/AbstractEntityAdapter.php(402): Omeka\\Api\\Manager->create()\n#8 /var/www/html/omeka-s/application/src/Api/Manager.php(227): Omeka\\Api\\Adapter\\AbstractEntityAdapter->batchCreate()\n#9 /var/www/html/omeka-s/application/src/Api/Manager.php(97): Omeka\\Api\\Manager->execute()\n#10 /var/www/html/omeka-s/modules/CSVImport/src/Job/Import.php(364): Omeka\\Api\\Manager->batchCreate()\n#11 /var/www/html/omeka-s/modules/CSVImport/src/Job/Import.php(266): CSVImport\\Job\\Import->create()\n#12 /var/www/html/omeka-s/modules/CSVImport/src/Job/Import.php(205): CSVImport\\Job\\Import->processBatchData()\n#13 /var/www/html/omeka-s/application/src/Job/DispatchStrategy/Synchronous.php(34): CSVImport\\Job\\Import->perform()\n#14 /var/www/html/omeka-s/application/src/Job/Dispatcher.php(105): Omeka\\Job\\DispatchStrategy\\Synchronous->send()\n#15 /var/www/html/omeka-s/application/data/scripts/perform-job.php(66): Omeka\\Job\\Dispatcher->send()\n#16 {main}\n2025-10-19T09:44:03+00:00 ERR (3): Omeka\\Api\\Exception\\NotFoundException: Resource not found with id 107. in /var/www/html/omeka-s/application/src/DataType/Resource/AbstractResource.php:60\nStack trace:\n#0 /var/www/html/omeka-s/application/src/Api/Adapter/ValueHydrator.php(132): Omeka\\DataType\\Resource\\AbstractResource->hydrate()\n#1 /var/www/html/omeka-s/application/src/Api/Adapter/AbstractResourceEntityAdapter.php(174): Omeka\\Api\\Adapter\\ValueHydrator->hydrate()\n#2 /var/www/html/omeka-s/application/src/Api/Adapter/ItemAdapter.php(166): Omeka\\Api\\Adapter\\AbstractResourceEntityAdapter->hydrate()\n#3 /var/www/html/omeka-s/application/src/Api/Adapter/AbstractEntityAdapter.php(643): Omeka\\Api\\Adapter\\ItemAdapter->hydrate()\n#4 /var/www/html/omeka-s/application/src/Api/Adapter/AbstractEntityAdapter.php(354): Omeka\\Api\\Adapter\\AbstractEntityAdapter->hydrateEntity()\n#5 /var/www/html/omeka-s/application/src/Api/Manager.php(224): Omeka\\Api\\Adapter\\AbstractEntityAdapter->create()\n#6 /var/www/html/omeka-s/application/src/Api/Manager.php(78): Omeka\\Api\\Manager->execute()\n#7 /var/www/html/omeka-s/application/src/Api/Adapter/AbstractEntityAdapter.php(402): Omeka\\Api\\Manager->create()\n#8 /var/www/html/omeka-s/application/src/Api/Manager.php(227): Omeka\\Api\\Adapter\\AbstractEntityAdapter->batchCreate()\n#9 /var/www/html/omeka-s/application/src/Api/Manager.php(97): Omeka\\Api\\Manager->execute()\n#10 /var/www/html/omeka-s/modules/CSVImport/src/Job/Import.php(364): Omeka\\Api\\Manager->batchCreate()\n#11 /var/www/html/omeka-s/modules/CSVImport/src/Job/Import.php(266): CSVImport\\Job\\Import->create()\n#12 /var/www/html/omeka-s/modules/CSVImport/src/Job/Import.php(205): CSVImport\\Job\\Import->processBatchData()\n#13 /var/www/html/omeka-s/application/src/Job/DispatchStrategy/Synchronous.php(34): CSVImport\\Job\\Import->perform()\n#14 /var/www/html/omeka-s/application/src/Job/Dispatcher.php(105): Omeka\\Job\\DispatchStrategy\\Synchronous->send()\n#15 /var/www/html/omeka-s/application/data/scripts/perform-job.php(66): Omeka\\Job\\Dispatcher->send()\n#16 {main}\n2025-10-19T09:44:03+00:00 ERR (3): Omeka\\Api\\Exception\\NotFoundException: Resource not found with id 110. in /var/www/html/omeka-s/application/src/DataType/Resource/AbstractResource.php:60\nStack trace:\n#0 /var/www/html/omeka-s/application/src/Api/Adapter/ValueHydrator.php(132): Omeka\\DataType\\Resource\\AbstractResource->hydrate()\n#1 /var/www/html/omeka-s/application/src/Api/Adapter/AbstractResourceEntityAdapter.php(174): Omeka\\Api\\Adapter\\ValueHydrator->hydrate()\n#2 /var/www/html/omeka-s/application/src/Api/Adapter/ItemAdapter.php(166): Omeka\\Api\\Adapter\\AbstractResourceEntityAdapter->hydrate()\n#3 /var/www/html/omeka-s/application/src/Api/Adapter/AbstractEntityAdapter.php(643): Omeka\\Api\\Adapter\\ItemAdapter->hydrate()\n#4 /var/www/html/omeka-s/application/src/Api/Adapter/AbstractEntityAdapter.php(354): Omeka\\Api\\Adapter\\AbstractEntityAdapter->hydrateEntity()\n#5 /var/www/html/omeka-s/application/src/Api/Manager.php(224): Omeka\\Api\\Adapter\\AbstractEntityAdapter->create()\n#6 /var/www/html/omeka-s/application/src/Api/Manager.php(78): Omeka\\Api\\Manager->execute()\n#7 /var/www/html/omeka-s/application/src/Api/Adapter/AbstractEntityAdapter.php(402): Omeka\\Api\\Manager->create()\n#8 /var/www/html/omeka-s/application/src/Api/Manager.php(227): Omeka\\Api\\Adapter\\AbstractEntityAdapter->batchCreate()\n#9 /var/www/html/omeka-s/application/src/Api/Manager.php(97): Omeka\\Api\\Manager->execute()\n#10 /var/www/html/omeka-s/modules/CSVImport/src/Job/Import.php(364): Omeka\\Api\\Manager->batchCreate()\n#11 /var/www/html/omeka-s/modules/CSVImport/src/Job/Import.php(266): CSVImport\\Job\\Import->create()\n#12 /var/www/html/omeka-s/modules/CSVImport/src/Job/Import.php(205): CSVImport\\Job\\Import->processBatchData()\n#13 /var/www/html/omeka-s/application/src/Job/DispatchStrategy/Synchronous.php(34): CSVImport\\Job\\Import->perform()\n#14 /var/www/html/omeka-s/application/src/Job/Dispatcher.php(105): Omeka\\Job\\DispatchStrategy\\Synchronous->send()\n#15 /var/www/html/omeka-s/application/data/scripts/perform-job.php(66): Omeka\\Job\\Dispatcher->send()\n#16 {main}\n', '2025-10-19 09:44:03', '2025-10-19 09:44:03'),
(34, 1, '11839', 'completed', 'CSVImport\\Job\\Import', '{\"filename\":\"Recipe_fake.csv\",\"filesize\":\"1360\",\"filepath\":\"\\/tmp\\/omekaZZbnym\",\"media_type\":\"text\\/csv\",\"resource_type\":\"items\",\"comment\":\"\",\"automap_check_names_alone\":true,\"column-property\":{\"2\":{\"ke:name\":214},\"3\":{\"ke:description\":234},\"4\":{\"ke:image\":217},\"5\":{\"ke:hasIngredient\":224},\"6\":{\"ke:preparationTime\":220},\"7\":{\"ke:cookingTime\":219},\"8\":{\"ke:steps\":218},\"9\":{\"ke:calories\":221},\"10\":{\"ke:difficulty\":222},\"11\":{\"ke:createdBy\":223}},\"generic-data\":\"default\",\"media-source\":\"default\",\"resource-identifier-property\":\"\",\"o:resource_template\":\"\",\"o:resource_class\":\"\",\"o:owner\":{\"o:id\":1},\"o:is_public\":1,\"multivalue_separator\":\",\",\"global_language\":\"\",\"action\":\"create\",\"identifier_column\":0,\"identifier_property\":\"\",\"action_unidentified\":\"skip\",\"rows_by_batch\":20,\"column-multivalue\":[],\"delimiter\":\",\",\"enclosure\":\"\\\"\",\"escape\":\"\\\\\"}', NULL, '2025-10-19 09:44:17', '2025-10-19 09:44:17'),
(35, 1, '11931', 'completed', 'CSVImport\\Job\\Import', '{\"filename\":\"Recipe_fake.csv\",\"filesize\":\"1360\",\"filepath\":\"\\/tmp\\/omekaEHqlh6\",\"media_type\":\"text\\/csv\",\"resource_type\":\"items\",\"comment\":\"\",\"automap_check_names_alone\":true,\"column-resource_class\":[\"1\"],\"column-resource_template\":{\"1\":\"1\"},\"column-property\":{\"2\":{\"ke:name\":214},\"3\":{\"ke:description\":234},\"4\":{\"ke:image\":217},\"5\":{\"ke:hasIngredient\":224},\"6\":{\"ke:preparationTime\":220},\"7\":{\"ke:cookingTime\":219},\"8\":{\"ke:steps\":218},\"9\":{\"ke:calories\":221},\"10\":{\"ke:difficulty\":222},\"11\":{\"ke:createdBy\":223}},\"column-item_set\":{\"5\":\"internal_id\"},\"column-data-type\":{\"11\":\"resource\"},\"generic-data\":\"default\",\"media-source\":\"default\",\"resource-identifier-property\":\"\",\"o:resource_template\":\"\",\"o:resource_class\":\"\",\"o:owner\":{\"o:id\":1},\"o:is_public\":1,\"multivalue_separator\":\",\",\"global_language\":\"\",\"action\":\"create\",\"identifier_column\":0,\"identifier_property\":\"\",\"action_unidentified\":\"skip\",\"rows_by_batch\":20,\"column-multivalue\":[],\"delimiter\":\",\",\"enclosure\":\"\\\"\",\"escape\":\"\\\\\"}', '2025-10-19T09:47:38+00:00 ERR (3): \"101,102\" (internal_id) is not a valid item set.\n2025-10-19T09:47:38+00:00 ERR (3): \"103\" (internal_id) is not a valid item set.\n2025-10-19T09:47:38+00:00 ERR (3): \"104,105,106\" (internal_id) is not a valid item set.\n2025-10-19T09:47:38+00:00 ERR (3): \"107,108,109\" (internal_id) is not a valid item set.\n2025-10-19T09:47:38+00:00 ERR (3): \"110,111\" (internal_id) is not a valid item set.\n', '2025-10-19 09:47:38', '2025-10-19 09:47:38'),
(36, 1, '12031', 'completed', 'CSVImport\\Job\\Import', '{\"filename\":\"Recipe_fake.csv\",\"filesize\":\"1360\",\"filepath\":\"\\/tmp\\/omekaAJwchr\",\"media_type\":\"text\\/csv\",\"resource_type\":\"items\",\"comment\":\"\",\"automap_check_names_alone\":true,\"column-resource_class\":[\"1\"],\"column-resource_template\":{\"1\":\"1\"},\"column-property\":{\"2\":{\"ke:name\":214},\"3\":{\"ke:description\":234},\"4\":{\"ke:image\":217},\"5\":{\"ke:hasIngredient\":224},\"6\":{\"ke:preparationTime\":220},\"7\":{\"ke:cookingTime\":219},\"8\":{\"ke:steps\":218},\"9\":{\"ke:calories\":221},\"10\":{\"ke:difficulty\":222},\"11\":{\"ke:createdBy\":223}},\"column-data-type\":{\"5\":\"resource\",\"11\":\"resource\"},\"column-multivalue\":{\"5\":\"1\"},\"generic-data\":\"default\",\"media-source\":\"default\",\"resource-identifier-property\":\"\",\"o:resource_template\":\"\",\"o:resource_class\":\"\",\"o:owner\":{\"o:id\":1},\"o:is_public\":1,\"multivalue_separator\":\",\",\"global_language\":\"\",\"action\":\"create\",\"identifier_column\":0,\"identifier_property\":\"\",\"action_unidentified\":\"skip\",\"rows_by_batch\":20,\"delimiter\":\",\",\"enclosure\":\"\\\"\",\"escape\":\"\\\\\"}', '2025-10-19T09:50:08+00:00 ERR (3): Omeka\\Api\\Exception\\NotFoundException: Resource not found with id 101. in /var/www/html/omeka-s/application/src/DataType/Resource/AbstractResource.php:60\nStack trace:\n#0 /var/www/html/omeka-s/application/src/Api/Adapter/ValueHydrator.php(132): Omeka\\DataType\\Resource\\AbstractResource->hydrate()\n#1 /var/www/html/omeka-s/application/src/Api/Adapter/AbstractResourceEntityAdapter.php(174): Omeka\\Api\\Adapter\\ValueHydrator->hydrate()\n#2 /var/www/html/omeka-s/application/src/Api/Adapter/ItemAdapter.php(166): Omeka\\Api\\Adapter\\AbstractResourceEntityAdapter->hydrate()\n#3 /var/www/html/omeka-s/application/src/Api/Adapter/AbstractEntityAdapter.php(643): Omeka\\Api\\Adapter\\ItemAdapter->hydrate()\n#4 /var/www/html/omeka-s/application/src/Api/Adapter/AbstractEntityAdapter.php(354): Omeka\\Api\\Adapter\\AbstractEntityAdapter->hydrateEntity()\n#5 /var/www/html/omeka-s/application/src/Api/Manager.php(224): Omeka\\Api\\Adapter\\AbstractEntityAdapter->create()\n#6 /var/www/html/omeka-s/application/src/Api/Manager.php(78): Omeka\\Api\\Manager->execute()\n#7 /var/www/html/omeka-s/application/src/Api/Adapter/AbstractEntityAdapter.php(402): Omeka\\Api\\Manager->create()\n#8 /var/www/html/omeka-s/application/src/Api/Manager.php(227): Omeka\\Api\\Adapter\\AbstractEntityAdapter->batchCreate()\n#9 /var/www/html/omeka-s/application/src/Api/Manager.php(97): Omeka\\Api\\Manager->execute()\n#10 /var/www/html/omeka-s/modules/CSVImport/src/Job/Import.php(364): Omeka\\Api\\Manager->batchCreate()\n#11 /var/www/html/omeka-s/modules/CSVImport/src/Job/Import.php(266): CSVImport\\Job\\Import->create()\n#12 /var/www/html/omeka-s/modules/CSVImport/src/Job/Import.php(205): CSVImport\\Job\\Import->processBatchData()\n#13 /var/www/html/omeka-s/application/src/Job/DispatchStrategy/Synchronous.php(34): CSVImport\\Job\\Import->perform()\n#14 /var/www/html/omeka-s/application/src/Job/Dispatcher.php(105): Omeka\\Job\\DispatchStrategy\\Synchronous->send()\n#15 /var/www/html/omeka-s/application/data/scripts/perform-job.php(66): Omeka\\Job\\Dispatcher->send()\n#16 {main}\n2025-10-19T09:50:08+00:00 ERR (3): Omeka\\Api\\Exception\\NotFoundException: Resource not found with id 103. in /var/www/html/omeka-s/application/src/DataType/Resource/AbstractResource.php:60\nStack trace:\n#0 /var/www/html/omeka-s/application/src/Api/Adapter/ValueHydrator.php(132): Omeka\\DataType\\Resource\\AbstractResource->hydrate()\n#1 /var/www/html/omeka-s/application/src/Api/Adapter/AbstractResourceEntityAdapter.php(174): Omeka\\Api\\Adapter\\ValueHydrator->hydrate()\n#2 /var/www/html/omeka-s/application/src/Api/Adapter/ItemAdapter.php(166): Omeka\\Api\\Adapter\\AbstractResourceEntityAdapter->hydrate()\n#3 /var/www/html/omeka-s/application/src/Api/Adapter/AbstractEntityAdapter.php(643): Omeka\\Api\\Adapter\\ItemAdapter->hydrate()\n#4 /var/www/html/omeka-s/application/src/Api/Adapter/AbstractEntityAdapter.php(354): Omeka\\Api\\Adapter\\AbstractEntityAdapter->hydrateEntity()\n#5 /var/www/html/omeka-s/application/src/Api/Manager.php(224): Omeka\\Api\\Adapter\\AbstractEntityAdapter->create()\n#6 /var/www/html/omeka-s/application/src/Api/Manager.php(78): Omeka\\Api\\Manager->execute()\n#7 /var/www/html/omeka-s/application/src/Api/Adapter/AbstractEntityAdapter.php(402): Omeka\\Api\\Manager->create()\n#8 /var/www/html/omeka-s/application/src/Api/Manager.php(227): Omeka\\Api\\Adapter\\AbstractEntityAdapter->batchCreate()\n#9 /var/www/html/omeka-s/application/src/Api/Manager.php(97): Omeka\\Api\\Manager->execute()\n#10 /var/www/html/omeka-s/modules/CSVImport/src/Job/Import.php(364): Omeka\\Api\\Manager->batchCreate()\n#11 /var/www/html/omeka-s/modules/CSVImport/src/Job/Import.php(266): CSVImport\\Job\\Import->create()\n#12 /var/www/html/omeka-s/modules/CSVImport/src/Job/Import.php(205): CSVImport\\Job\\Import->processBatchData()\n#13 /var/www/html/omeka-s/application/src/Job/DispatchStrategy/Synchronous.php(34): CSVImport\\Job\\Import->perform()\n#14 /var/www/html/omeka-s/application/src/Job/Dispatcher.php(105): Omeka\\Job\\DispatchStrategy\\Synchronous->send()\n#15 /var/www/html/omeka-s/application/data/scripts/perform-job.php(66): Omeka\\Job\\Dispatcher->send()\n#16 {main}\n2025-10-19T09:50:08+00:00 ERR (3): Omeka\\Api\\Exception\\NotFoundException: Resource not found with id 104. in /var/www/html/omeka-s/application/src/DataType/Resource/AbstractResource.php:60\nStack trace:\n#0 /var/www/html/omeka-s/application/src/Api/Adapter/ValueHydrator.php(132): Omeka\\DataType\\Resource\\AbstractResource->hydrate()\n#1 /var/www/html/omeka-s/application/src/Api/Adapter/AbstractResourceEntityAdapter.php(174): Omeka\\Api\\Adapter\\ValueHydrator->hydrate()\n#2 /var/www/html/omeka-s/application/src/Api/Adapter/ItemAdapter.php(166): Omeka\\Api\\Adapter\\AbstractResourceEntityAdapter->hydrate()\n#3 /var/www/html/omeka-s/application/src/Api/Adapter/AbstractEntityAdapter.php(643): Omeka\\Api\\Adapter\\ItemAdapter->hydrate()\n#4 /var/www/html/omeka-s/application/src/Api/Adapter/AbstractEntityAdapter.php(354): Omeka\\Api\\Adapter\\AbstractEntityAdapter->hydrateEntity()\n#5 /var/www/html/omeka-s/application/src/Api/Manager.php(224): Omeka\\Api\\Adapter\\AbstractEntityAdapter->create()\n#6 /var/www/html/omeka-s/application/src/Api/Manager.php(78): Omeka\\Api\\Manager->execute()\n#7 /var/www/html/omeka-s/application/src/Api/Adapter/AbstractEntityAdapter.php(402): Omeka\\Api\\Manager->create()\n#8 /var/www/html/omeka-s/application/src/Api/Manager.php(227): Omeka\\Api\\Adapter\\AbstractEntityAdapter->batchCreate()\n#9 /var/www/html/omeka-s/application/src/Api/Manager.php(97): Omeka\\Api\\Manager->execute()\n#10 /var/www/html/omeka-s/modules/CSVImport/src/Job/Import.php(364): Omeka\\Api\\Manager->batchCreate()\n#11 /var/www/html/omeka-s/modules/CSVImport/src/Job/Import.php(266): CSVImport\\Job\\Import->create()\n#12 /var/www/html/omeka-s/modules/CSVImport/src/Job/Import.php(205): CSVImport\\Job\\Import->processBatchData()\n#13 /var/www/html/omeka-s/application/src/Job/DispatchStrategy/Synchronous.php(34): CSVImport\\Job\\Import->perform()\n#14 /var/www/html/omeka-s/application/src/Job/Dispatcher.php(105): Omeka\\Job\\DispatchStrategy\\Synchronous->send()\n#15 /var/www/html/omeka-s/application/data/scripts/perform-job.php(66): Omeka\\Job\\Dispatcher->send()\n#16 {main}\n2025-10-19T09:50:08+00:00 ERR (3): Omeka\\Api\\Exception\\NotFoundException: Resource not found with id 107. in /var/www/html/omeka-s/application/src/DataType/Resource/AbstractResource.php:60\nStack trace:\n#0 /var/www/html/omeka-s/application/src/Api/Adapter/ValueHydrator.php(132): Omeka\\DataType\\Resource\\AbstractResource->hydrate()\n#1 /var/www/html/omeka-s/application/src/Api/Adapter/AbstractResourceEntityAdapter.php(174): Omeka\\Api\\Adapter\\ValueHydrator->hydrate()\n#2 /var/www/html/omeka-s/application/src/Api/Adapter/ItemAdapter.php(166): Omeka\\Api\\Adapter\\AbstractResourceEntityAdapter->hydrate()\n#3 /var/www/html/omeka-s/application/src/Api/Adapter/AbstractEntityAdapter.php(643): Omeka\\Api\\Adapter\\ItemAdapter->hydrate()\n#4 /var/www/html/omeka-s/application/src/Api/Adapter/AbstractEntityAdapter.php(354): Omeka\\Api\\Adapter\\AbstractEntityAdapter->hydrateEntity()\n#5 /var/www/html/omeka-s/application/src/Api/Manager.php(224): Omeka\\Api\\Adapter\\AbstractEntityAdapter->create()\n#6 /var/www/html/omeka-s/application/src/Api/Manager.php(78): Omeka\\Api\\Manager->execute()\n#7 /var/www/html/omeka-s/application/src/Api/Adapter/AbstractEntityAdapter.php(402): Omeka\\Api\\Manager->create()\n#8 /var/www/html/omeka-s/application/src/Api/Manager.php(227): Omeka\\Api\\Adapter\\AbstractEntityAdapter->batchCreate()\n#9 /var/www/html/omeka-s/application/src/Api/Manager.php(97): Omeka\\Api\\Manager->execute()\n#10 /var/www/html/omeka-s/modules/CSVImport/src/Job/Import.php(364): Omeka\\Api\\Manager->batchCreate()\n#11 /var/www/html/omeka-s/modules/CSVImport/src/Job/Import.php(266): CSVImport\\Job\\Import->create()\n#12 /var/www/html/omeka-s/modules/CSVImport/src/Job/Import.php(205): CSVImport\\Job\\Import->processBatchData()\n#13 /var/www/html/omeka-s/application/src/Job/DispatchStrategy/Synchronous.php(34): CSVImport\\Job\\Import->perform()\n#14 /var/www/html/omeka-s/application/src/Job/Dispatcher.php(105): Omeka\\Job\\DispatchStrategy\\Synchronous->send()\n#15 /var/www/html/omeka-s/application/data/scripts/perform-job.php(66): Omeka\\Job\\Dispatcher->send()\n#16 {main}\n2025-10-19T09:50:08+00:00 ERR (3): Omeka\\Api\\Exception\\NotFoundException: Resource not found with id 110. in /var/www/html/omeka-s/application/src/DataType/Resource/AbstractResource.php:60\nStack trace:\n#0 /var/www/html/omeka-s/application/src/Api/Adapter/ValueHydrator.php(132): Omeka\\DataType\\Resource\\AbstractResource->hydrate()\n#1 /var/www/html/omeka-s/application/src/Api/Adapter/AbstractResourceEntityAdapter.php(174): Omeka\\Api\\Adapter\\ValueHydrator->hydrate()\n#2 /var/www/html/omeka-s/application/src/Api/Adapter/ItemAdapter.php(166): Omeka\\Api\\Adapter\\AbstractResourceEntityAdapter->hydrate()\n#3 /var/www/html/omeka-s/application/src/Api/Adapter/AbstractEntityAdapter.php(643): Omeka\\Api\\Adapter\\ItemAdapter->hydrate()\n#4 /var/www/html/omeka-s/application/src/Api/Adapter/AbstractEntityAdapter.php(354): Omeka\\Api\\Adapter\\AbstractEntityAdapter->hydrateEntity()\n#5 /var/www/html/omeka-s/application/src/Api/Manager.php(224): Omeka\\Api\\Adapter\\AbstractEntityAdapter->create()\n#6 /var/www/html/omeka-s/application/src/Api/Manager.php(78): Omeka\\Api\\Manager->execute()\n#7 /var/www/html/omeka-s/application/src/Api/Adapter/AbstractEntityAdapter.php(402): Omeka\\Api\\Manager->create()\n#8 /var/www/html/omeka-s/application/src/Api/Manager.php(227): Omeka\\Api\\Adapter\\AbstractEntityAdapter->batchCreate()\n#9 /var/www/html/omeka-s/application/src/Api/Manager.php(97): Omeka\\Api\\Manager->execute()\n#10 /var/www/html/omeka-s/modules/CSVImport/src/Job/Import.php(364): Omeka\\Api\\Manager->batchCreate()\n#11 /var/www/html/omeka-s/modules/CSVImport/src/Job/Import.php(266): CSVImport\\Job\\Import->create()\n#12 /var/www/html/omeka-s/modules/CSVImport/src/Job/Import.php(205): CSVImport\\Job\\Import->processBatchData()\n#13 /var/www/html/omeka-s/application/src/Job/DispatchStrategy/Synchronous.php(34): CSVImport\\Job\\Import->perform()\n#14 /var/www/html/omeka-s/application/src/Job/Dispatcher.php(105): Omeka\\Job\\DispatchStrategy\\Synchronous->send()\n#15 /var/www/html/omeka-s/application/data/scripts/perform-job.php(66): Omeka\\Job\\Dispatcher->send()\n#16 {main}\n', '2025-10-19 09:50:08', '2025-10-19 09:50:08'),
(37, 1, '12126', 'completed', 'CSVImport\\Job\\Import', '{\"filename\":\"Recipe_fake.csv\",\"filesize\":\"1360\",\"filepath\":\"\\/tmp\\/omekaAkZCmR\",\"media_type\":\"text\\/csv\",\"resource_type\":\"items\",\"comment\":\"\",\"automap_check_names_alone\":true,\"column-resource_class\":[\"1\"],\"column-resource_template\":{\"1\":\"1\"},\"column-property\":{\"2\":{\"ke:name\":214},\"3\":{\"ke:description\":234},\"4\":{\"ke:image\":217},\"5\":{\"ke:hasIngredient\":224},\"6\":{\"ke:preparationTime\":220},\"7\":{\"ke:cookingTime\":219},\"8\":{\"ke:steps\":218},\"9\":{\"ke:calories\":221},\"10\":{\"ke:difficulty\":222},\"11\":{\"ke:createdBy\":223}},\"column-data-type\":{\"5\":\"resource\",\"11\":\"resource\"},\"column-multivalue\":{\"5\":\"1\"},\"generic-data\":\"default\",\"media-source\":\"default\",\"resource-identifier-property\":\"\",\"o:resource_template\":\"\",\"o:resource_class\":\"\",\"o:owner\":{\"o:id\":1},\"o:is_public\":1,\"multivalue_separator\":\",\",\"global_language\":\"\",\"action\":\"create\",\"identifier_column\":0,\"identifier_property\":\"\",\"action_unidentified\":\"skip\",\"rows_by_batch\":20,\"delimiter\":\",\",\"enclosure\":\"\\\"\",\"escape\":\"\\\\\"}', '2025-10-19T09:52:35+00:00 ERR (3): Omeka\\Api\\Exception\\NotFoundException: Resource not found with id 101. in /var/www/html/omeka-s/application/src/DataType/Resource/AbstractResource.php:60\nStack trace:\n#0 /var/www/html/omeka-s/application/src/Api/Adapter/ValueHydrator.php(132): Omeka\\DataType\\Resource\\AbstractResource->hydrate()\n#1 /var/www/html/omeka-s/application/src/Api/Adapter/AbstractResourceEntityAdapter.php(174): Omeka\\Api\\Adapter\\ValueHydrator->hydrate()\n#2 /var/www/html/omeka-s/application/src/Api/Adapter/ItemAdapter.php(166): Omeka\\Api\\Adapter\\AbstractResourceEntityAdapter->hydrate()\n#3 /var/www/html/omeka-s/application/src/Api/Adapter/AbstractEntityAdapter.php(643): Omeka\\Api\\Adapter\\ItemAdapter->hydrate()\n#4 /var/www/html/omeka-s/application/src/Api/Adapter/AbstractEntityAdapter.php(354): Omeka\\Api\\Adapter\\AbstractEntityAdapter->hydrateEntity()\n#5 /var/www/html/omeka-s/application/src/Api/Manager.php(224): Omeka\\Api\\Adapter\\AbstractEntityAdapter->create()\n#6 /var/www/html/omeka-s/application/src/Api/Manager.php(78): Omeka\\Api\\Manager->execute()\n#7 /var/www/html/omeka-s/application/src/Api/Adapter/AbstractEntityAdapter.php(402): Omeka\\Api\\Manager->create()\n#8 /var/www/html/omeka-s/application/src/Api/Manager.php(227): Omeka\\Api\\Adapter\\AbstractEntityAdapter->batchCreate()\n#9 /var/www/html/omeka-s/application/src/Api/Manager.php(97): Omeka\\Api\\Manager->execute()\n#10 /var/www/html/omeka-s/modules/CSVImport/src/Job/Import.php(364): Omeka\\Api\\Manager->batchCreate()\n#11 /var/www/html/omeka-s/modules/CSVImport/src/Job/Import.php(266): CSVImport\\Job\\Import->create()\n#12 /var/www/html/omeka-s/modules/CSVImport/src/Job/Import.php(205): CSVImport\\Job\\Import->processBatchData()\n#13 /var/www/html/omeka-s/application/src/Job/DispatchStrategy/Synchronous.php(34): CSVImport\\Job\\Import->perform()\n#14 /var/www/html/omeka-s/application/src/Job/Dispatcher.php(105): Omeka\\Job\\DispatchStrategy\\Synchronous->send()\n#15 /var/www/html/omeka-s/application/data/scripts/perform-job.php(66): Omeka\\Job\\Dispatcher->send()\n#16 {main}\n2025-10-19T09:52:35+00:00 ERR (3): Omeka\\Api\\Exception\\NotFoundException: Resource not found with id 103. in /var/www/html/omeka-s/application/src/DataType/Resource/AbstractResource.php:60\nStack trace:\n#0 /var/www/html/omeka-s/application/src/Api/Adapter/ValueHydrator.php(132): Omeka\\DataType\\Resource\\AbstractResource->hydrate()\n#1 /var/www/html/omeka-s/application/src/Api/Adapter/AbstractResourceEntityAdapter.php(174): Omeka\\Api\\Adapter\\ValueHydrator->hydrate()\n#2 /var/www/html/omeka-s/application/src/Api/Adapter/ItemAdapter.php(166): Omeka\\Api\\Adapter\\AbstractResourceEntityAdapter->hydrate()\n#3 /var/www/html/omeka-s/application/src/Api/Adapter/AbstractEntityAdapter.php(643): Omeka\\Api\\Adapter\\ItemAdapter->hydrate()\n#4 /var/www/html/omeka-s/application/src/Api/Adapter/AbstractEntityAdapter.php(354): Omeka\\Api\\Adapter\\AbstractEntityAdapter->hydrateEntity()\n#5 /var/www/html/omeka-s/application/src/Api/Manager.php(224): Omeka\\Api\\Adapter\\AbstractEntityAdapter->create()\n#6 /var/www/html/omeka-s/application/src/Api/Manager.php(78): Omeka\\Api\\Manager->execute()\n#7 /var/www/html/omeka-s/application/src/Api/Adapter/AbstractEntityAdapter.php(402): Omeka\\Api\\Manager->create()\n#8 /var/www/html/omeka-s/application/src/Api/Manager.php(227): Omeka\\Api\\Adapter\\AbstractEntityAdapter->batchCreate()\n#9 /var/www/html/omeka-s/application/src/Api/Manager.php(97): Omeka\\Api\\Manager->execute()\n#10 /var/www/html/omeka-s/modules/CSVImport/src/Job/Import.php(364): Omeka\\Api\\Manager->batchCreate()\n#11 /var/www/html/omeka-s/modules/CSVImport/src/Job/Import.php(266): CSVImport\\Job\\Import->create()\n#12 /var/www/html/omeka-s/modules/CSVImport/src/Job/Import.php(205): CSVImport\\Job\\Import->processBatchData()\n#13 /var/www/html/omeka-s/application/src/Job/DispatchStrategy/Synchronous.php(34): CSVImport\\Job\\Import->perform()\n#14 /var/www/html/omeka-s/application/src/Job/Dispatcher.php(105): Omeka\\Job\\DispatchStrategy\\Synchronous->send()\n#15 /var/www/html/omeka-s/application/data/scripts/perform-job.php(66): Omeka\\Job\\Dispatcher->send()\n#16 {main}\n2025-10-19T09:52:35+00:00 ERR (3): Omeka\\Api\\Exception\\NotFoundException: Resource not found with id 104. in /var/www/html/omeka-s/application/src/DataType/Resource/AbstractResource.php:60\nStack trace:\n#0 /var/www/html/omeka-s/application/src/Api/Adapter/ValueHydrator.php(132): Omeka\\DataType\\Resource\\AbstractResource->hydrate()\n#1 /var/www/html/omeka-s/application/src/Api/Adapter/AbstractResourceEntityAdapter.php(174): Omeka\\Api\\Adapter\\ValueHydrator->hydrate()\n#2 /var/www/html/omeka-s/application/src/Api/Adapter/ItemAdapter.php(166): Omeka\\Api\\Adapter\\AbstractResourceEntityAdapter->hydrate()\n#3 /var/www/html/omeka-s/application/src/Api/Adapter/AbstractEntityAdapter.php(643): Omeka\\Api\\Adapter\\ItemAdapter->hydrate()\n#4 /var/www/html/omeka-s/application/src/Api/Adapter/AbstractEntityAdapter.php(354): Omeka\\Api\\Adapter\\AbstractEntityAdapter->hydrateEntity()\n#5 /var/www/html/omeka-s/application/src/Api/Manager.php(224): Omeka\\Api\\Adapter\\AbstractEntityAdapter->create()\n#6 /var/www/html/omeka-s/application/src/Api/Manager.php(78): Omeka\\Api\\Manager->execute()\n#7 /var/www/html/omeka-s/application/src/Api/Adapter/AbstractEntityAdapter.php(402): Omeka\\Api\\Manager->create()\n#8 /var/www/html/omeka-s/application/src/Api/Manager.php(227): Omeka\\Api\\Adapter\\AbstractEntityAdapter->batchCreate()\n#9 /var/www/html/omeka-s/application/src/Api/Manager.php(97): Omeka\\Api\\Manager->execute()\n#10 /var/www/html/omeka-s/modules/CSVImport/src/Job/Import.php(364): Omeka\\Api\\Manager->batchCreate()\n#11 /var/www/html/omeka-s/modules/CSVImport/src/Job/Import.php(266): CSVImport\\Job\\Import->create()\n#12 /var/www/html/omeka-s/modules/CSVImport/src/Job/Import.php(205): CSVImport\\Job\\Import->processBatchData()\n#13 /var/www/html/omeka-s/application/src/Job/DispatchStrategy/Synchronous.php(34): CSVImport\\Job\\Import->perform()\n#14 /var/www/html/omeka-s/application/src/Job/Dispatcher.php(105): Omeka\\Job\\DispatchStrategy\\Synchronous->send()\n#15 /var/www/html/omeka-s/application/data/scripts/perform-job.php(66): Omeka\\Job\\Dispatcher->send()\n#16 {main}\n2025-10-19T09:52:35+00:00 ERR (3): Omeka\\Api\\Exception\\NotFoundException: Resource not found with id 107. in /var/www/html/omeka-s/application/src/DataType/Resource/AbstractResource.php:60\nStack trace:\n#0 /var/www/html/omeka-s/application/src/Api/Adapter/ValueHydrator.php(132): Omeka\\DataType\\Resource\\AbstractResource->hydrate()\n#1 /var/www/html/omeka-s/application/src/Api/Adapter/AbstractResourceEntityAdapter.php(174): Omeka\\Api\\Adapter\\ValueHydrator->hydrate()\n#2 /var/www/html/omeka-s/application/src/Api/Adapter/ItemAdapter.php(166): Omeka\\Api\\Adapter\\AbstractResourceEntityAdapter->hydrate()\n#3 /var/www/html/omeka-s/application/src/Api/Adapter/AbstractEntityAdapter.php(643): Omeka\\Api\\Adapter\\ItemAdapter->hydrate()\n#4 /var/www/html/omeka-s/application/src/Api/Adapter/AbstractEntityAdapter.php(354): Omeka\\Api\\Adapter\\AbstractEntityAdapter->hydrateEntity()\n#5 /var/www/html/omeka-s/application/src/Api/Manager.php(224): Omeka\\Api\\Adapter\\AbstractEntityAdapter->create()\n#6 /var/www/html/omeka-s/application/src/Api/Manager.php(78): Omeka\\Api\\Manager->execute()\n#7 /var/www/html/omeka-s/application/src/Api/Adapter/AbstractEntityAdapter.php(402): Omeka\\Api\\Manager->create()\n#8 /var/www/html/omeka-s/application/src/Api/Manager.php(227): Omeka\\Api\\Adapter\\AbstractEntityAdapter->batchCreate()\n#9 /var/www/html/omeka-s/application/src/Api/Manager.php(97): Omeka\\Api\\Manager->execute()\n#10 /var/www/html/omeka-s/modules/CSVImport/src/Job/Import.php(364): Omeka\\Api\\Manager->batchCreate()\n#11 /var/www/html/omeka-s/modules/CSVImport/src/Job/Import.php(266): CSVImport\\Job\\Import->create()\n#12 /var/www/html/omeka-s/modules/CSVImport/src/Job/Import.php(205): CSVImport\\Job\\Import->processBatchData()\n#13 /var/www/html/omeka-s/application/src/Job/DispatchStrategy/Synchronous.php(34): CSVImport\\Job\\Import->perform()\n#14 /var/www/html/omeka-s/application/src/Job/Dispatcher.php(105): Omeka\\Job\\DispatchStrategy\\Synchronous->send()\n#15 /var/www/html/omeka-s/application/data/scripts/perform-job.php(66): Omeka\\Job\\Dispatcher->send()\n#16 {main}\n2025-10-19T09:52:35+00:00 ERR (3): Omeka\\Api\\Exception\\NotFoundException: Resource not found with id 110. in /var/www/html/omeka-s/application/src/DataType/Resource/AbstractResource.php:60\nStack trace:\n#0 /var/www/html/omeka-s/application/src/Api/Adapter/ValueHydrator.php(132): Omeka\\DataType\\Resource\\AbstractResource->hydrate()\n#1 /var/www/html/omeka-s/application/src/Api/Adapter/AbstractResourceEntityAdapter.php(174): Omeka\\Api\\Adapter\\ValueHydrator->hydrate()\n#2 /var/www/html/omeka-s/application/src/Api/Adapter/ItemAdapter.php(166): Omeka\\Api\\Adapter\\AbstractResourceEntityAdapter->hydrate()\n#3 /var/www/html/omeka-s/application/src/Api/Adapter/AbstractEntityAdapter.php(643): Omeka\\Api\\Adapter\\ItemAdapter->hydrate()\n#4 /var/www/html/omeka-s/application/src/Api/Adapter/AbstractEntityAdapter.php(354): Omeka\\Api\\Adapter\\AbstractEntityAdapter->hydrateEntity()\n#5 /var/www/html/omeka-s/application/src/Api/Manager.php(224): Omeka\\Api\\Adapter\\AbstractEntityAdapter->create()\n#6 /var/www/html/omeka-s/application/src/Api/Manager.php(78): Omeka\\Api\\Manager->execute()\n#7 /var/www/html/omeka-s/application/src/Api/Adapter/AbstractEntityAdapter.php(402): Omeka\\Api\\Manager->create()\n#8 /var/www/html/omeka-s/application/src/Api/Manager.php(227): Omeka\\Api\\Adapter\\AbstractEntityAdapter->batchCreate()\n#9 /var/www/html/omeka-s/application/src/Api/Manager.php(97): Omeka\\Api\\Manager->execute()\n#10 /var/www/html/omeka-s/modules/CSVImport/src/Job/Import.php(364): Omeka\\Api\\Manager->batchCreate()\n#11 /var/www/html/omeka-s/modules/CSVImport/src/Job/Import.php(266): CSVImport\\Job\\Import->create()\n#12 /var/www/html/omeka-s/modules/CSVImport/src/Job/Import.php(205): CSVImport\\Job\\Import->processBatchData()\n#13 /var/www/html/omeka-s/application/src/Job/DispatchStrategy/Synchronous.php(34): CSVImport\\Job\\Import->perform()\n#14 /var/www/html/omeka-s/application/src/Job/Dispatcher.php(105): Omeka\\Job\\DispatchStrategy\\Synchronous->send()\n#15 /var/www/html/omeka-s/application/data/scripts/perform-job.php(66): Omeka\\Job\\Dispatcher->send()\n#16 {main}\n', '2025-10-19 09:52:35', '2025-10-19 09:52:35'),
(38, 1, '12178', 'completed', 'CSVImport\\Job\\Undo', '{\"jobId\":\"37\"}', NULL, '2025-10-19 09:53:23', '2025-10-19 09:53:23'),
(39, 1, '12181', 'completed', 'CSVImport\\Job\\Undo', '{\"jobId\":\"36\"}', NULL, '2025-10-19 09:53:23', '2025-10-19 09:53:23'),
(40, 1, '12185', 'completed', 'CSVImport\\Job\\Undo', '{\"jobId\":\"35\"}', NULL, '2025-10-19 09:53:23', '2025-10-19 09:53:23'),
(41, 1, '12282', 'completed', 'CSVImport\\Job\\Import', '{\"filename\":\"Recipe_fake.csv\",\"filesize\":\"1349\",\"filepath\":\"\\/tmp\\/omekaRm7gMZ\",\"media_type\":\"text\\/csv\",\"resource_type\":\"items\",\"comment\":\"\",\"automap_check_names_alone\":true,\"column-resource_class\":[\"1\"],\"column-resource_template\":{\"1\":\"1\"},\"column-property\":{\"2\":{\"ke:name\":214},\"3\":{\"ke:description\":234},\"4\":{\"ke:image\":217},\"5\":{\"ke:hasIngredient\":224},\"6\":{\"ke:preparationTime\":220},\"7\":{\"ke:cookingTime\":219},\"8\":{\"ke:steps\":218},\"9\":{\"ke:calories\":221},\"10\":{\"ke:difficulty\":222},\"11\":{\"ke:createdBy\":223}},\"column-data-type\":{\"5\":\"resource\",\"11\":\"resource\"},\"column-multivalue\":{\"5\":\"1\"},\"generic-data\":\"default\",\"media-source\":\"default\",\"resource-identifier-property\":\"\",\"o:resource_template\":\"\",\"o:resource_class\":\"\",\"o:owner\":{\"o:id\":1},\"o:is_public\":1,\"multivalue_separator\":\";\",\"global_language\":\"\",\"action\":\"create\",\"identifier_column\":0,\"identifier_property\":\"\",\"action_unidentified\":\"skip\",\"rows_by_batch\":20,\"delimiter\":\",\",\"enclosure\":\"\\\"\",\"escape\":\"\\\\\"}', NULL, '2025-10-19 09:55:42', '2025-10-19 09:55:42'),
(42, 1, '12493', 'completed', 'CSVImport\\Job\\Import', '{\"filename\":\"Rating_fake.csv\",\"filesize\":\"268\",\"filepath\":\"\\/tmp\\/omekadVYUU8\",\"media_type\":\"text\\/csv\",\"resource_type\":\"items\",\"comment\":\"\",\"automap_check_names_alone\":true,\"column-resource_class\":[\"1\"],\"column-resource_template\":{\"1\":\"1\"},\"column-property\":{\"2\":{\"ke:ratingValue\":229},\"3\":{\"ke:ratedBy\":227},\"4\":{\"ke:ratesRecipe\":228}},\"column-data-type\":{\"3\":\"resource\",\"4\":\"resource\"},\"generic-data\":\"default\",\"media-source\":\"default\",\"resource-identifier-property\":\"\",\"o:resource_template\":\"\",\"o:resource_class\":\"\",\"o:owner\":{\"o:id\":1},\"o:is_public\":1,\"multivalue_separator\":\";\",\"global_language\":\"\",\"action\":\"create\",\"identifier_column\":0,\"identifier_property\":\"\",\"action_unidentified\":\"skip\",\"rows_by_batch\":20,\"column-multivalue\":[],\"delimiter\":\",\",\"enclosure\":\"\\\"\",\"escape\":\"\\\\\"}', NULL, '2025-10-19 09:59:23', '2025-10-19 09:59:23');
INSERT INTO `job` (`id`, `owner_id`, `pid`, `status`, `class`, `args`, `log`, `started`, `ended`) VALUES
(43, 1, '15489', 'completed', 'CSVImport\\Job\\Import', '{\"filename\":\"Recipe_fake.csv\",\"filesize\":\"1349\",\"filepath\":\"\\/tmp\\/omekaohFKoG\",\"media_type\":\"text\\/csv\",\"resource_type\":\"items\",\"comment\":\"\",\"automap_check_names_alone\":true,\"column-resource_class\":[\"1\"],\"column-resource_template\":{\"1\":\"1\"},\"column-property\":{\"2\":{\"ke:name\":214},\"3\":{\"ke:description\":234},\"4\":{\"ke:image\":217},\"5\":{\"ke:hasIngredient\":224},\"6\":{\"ke:preparationTime\":220},\"7\":{\"ke:cookingTime\":219},\"8\":{\"ke:steps\":218},\"9\":{\"ke:calories\":221},\"10\":{\"ke:difficulty\":222},\"11\":{\"ke:createdBy\":223}},\"column-media_source\":{\"4\":\"iiif\"},\"column-data-type\":{\"5\":\"resource\",\"11\":\"resource\"},\"column-multivalue\":{\"5\":\"1\",\"8\":\"1\"},\"generic-data\":\"default\",\"media-source\":\"default\",\"resource-identifier-property\":\"\",\"o:resource_template\":\"\",\"o:resource_class\":\"\",\"o:owner\":{\"o:id\":1},\"o:is_public\":1,\"multivalue_separator\":\";\",\"global_language\":\"\",\"action\":\"create\",\"identifier_column\":0,\"identifier_property\":\"\",\"action_unidentified\":\"skip\",\"rows_by_batch\":20,\"delimiter\":\",\",\"enclosure\":\"\\\"\",\"escape\":\"\\\\\"}', '2025-10-19T10:37:08+00:00 ERR (3): exception \'Omeka\\Api\\Exception\\ValidationException\' in /var/www/html/omeka-s/application/src/Api/Adapter/AbstractEntityAdapter.php:662\nErrors:\n{\n    \"o:media\": [\n        {\n            \"o:source\": [\n                \"Error reading IIIF image: Not Found (404)\"\n            ]\n        }\n    ]\n}\nStack trace:\n#0 /var/www/html/omeka-s/application/src/Api/Adapter/AbstractEntityAdapter.php(354): Omeka\\Api\\Adapter\\AbstractEntityAdapter->hydrateEntity()\n#1 /var/www/html/omeka-s/application/src/Api/Manager.php(224): Omeka\\Api\\Adapter\\AbstractEntityAdapter->create()\n#2 /var/www/html/omeka-s/application/src/Api/Manager.php(78): Omeka\\Api\\Manager->execute()\n#3 /var/www/html/omeka-s/application/src/Api/Adapter/AbstractEntityAdapter.php(402): Omeka\\Api\\Manager->create()\n#4 /var/www/html/omeka-s/application/src/Api/Manager.php(227): Omeka\\Api\\Adapter\\AbstractEntityAdapter->batchCreate()\n#5 /var/www/html/omeka-s/application/src/Api/Manager.php(97): Omeka\\Api\\Manager->execute()\n#6 /var/www/html/omeka-s/modules/CSVImport/src/Job/Import.php(364): Omeka\\Api\\Manager->batchCreate()\n#7 /var/www/html/omeka-s/modules/CSVImport/src/Job/Import.php(266): CSVImport\\Job\\Import->create()\n#8 /var/www/html/omeka-s/modules/CSVImport/src/Job/Import.php(205): CSVImport\\Job\\Import->processBatchData()\n#9 /var/www/html/omeka-s/application/src/Job/DispatchStrategy/Synchronous.php(34): CSVImport\\Job\\Import->perform()\n#10 /var/www/html/omeka-s/application/src/Job/Dispatcher.php(105): Omeka\\Job\\DispatchStrategy\\Synchronous->send()\n#11 /var/www/html/omeka-s/application/data/scripts/perform-job.php(66): Omeka\\Job\\Dispatcher->send()\n#12 {main}\n2025-10-19T10:37:10+00:00 ERR (3): exception \'Omeka\\Api\\Exception\\ValidationException\' in /var/www/html/omeka-s/application/src/Api/Adapter/AbstractEntityAdapter.php:662\nErrors:\n{\n    \"o:media\": [\n        {\n            \"o:source\": [\n                \"Error reading IIIF image: Not Found (404)\"\n            ]\n        }\n    ]\n}\nStack trace:\n#0 /var/www/html/omeka-s/application/src/Api/Adapter/AbstractEntityAdapter.php(354): Omeka\\Api\\Adapter\\AbstractEntityAdapter->hydrateEntity()\n#1 /var/www/html/omeka-s/application/src/Api/Manager.php(224): Omeka\\Api\\Adapter\\AbstractEntityAdapter->create()\n#2 /var/www/html/omeka-s/application/src/Api/Manager.php(78): Omeka\\Api\\Manager->execute()\n#3 /var/www/html/omeka-s/application/src/Api/Adapter/AbstractEntityAdapter.php(402): Omeka\\Api\\Manager->create()\n#4 /var/www/html/omeka-s/application/src/Api/Manager.php(227): Omeka\\Api\\Adapter\\AbstractEntityAdapter->batchCreate()\n#5 /var/www/html/omeka-s/application/src/Api/Manager.php(97): Omeka\\Api\\Manager->execute()\n#6 /var/www/html/omeka-s/modules/CSVImport/src/Job/Import.php(364): Omeka\\Api\\Manager->batchCreate()\n#7 /var/www/html/omeka-s/modules/CSVImport/src/Job/Import.php(266): CSVImport\\Job\\Import->create()\n#8 /var/www/html/omeka-s/modules/CSVImport/src/Job/Import.php(205): CSVImport\\Job\\Import->processBatchData()\n#9 /var/www/html/omeka-s/application/src/Job/DispatchStrategy/Synchronous.php(34): CSVImport\\Job\\Import->perform()\n#10 /var/www/html/omeka-s/application/src/Job/Dispatcher.php(105): Omeka\\Job\\DispatchStrategy\\Synchronous->send()\n#11 /var/www/html/omeka-s/application/data/scripts/perform-job.php(66): Omeka\\Job\\Dispatcher->send()\n#12 {main}\n2025-10-19T10:37:11+00:00 ERR (3): exception \'Omeka\\Api\\Exception\\ValidationException\' in /var/www/html/omeka-s/application/src/Api/Adapter/AbstractEntityAdapter.php:662\nErrors:\n{\n    \"o:media\": [\n        {\n            \"o:source\": [\n                \"Error reading IIIF image: Not Found (404)\"\n            ]\n        }\n    ]\n}\nStack trace:\n#0 /var/www/html/omeka-s/application/src/Api/Adapter/AbstractEntityAdapter.php(354): Omeka\\Api\\Adapter\\AbstractEntityAdapter->hydrateEntity()\n#1 /var/www/html/omeka-s/application/src/Api/Manager.php(224): Omeka\\Api\\Adapter\\AbstractEntityAdapter->create()\n#2 /var/www/html/omeka-s/application/src/Api/Manager.php(78): Omeka\\Api\\Manager->execute()\n#3 /var/www/html/omeka-s/application/src/Api/Adapter/AbstractEntityAdapter.php(402): Omeka\\Api\\Manager->create()\n#4 /var/www/html/omeka-s/application/src/Api/Manager.php(227): Omeka\\Api\\Adapter\\AbstractEntityAdapter->batchCreate()\n#5 /var/www/html/omeka-s/application/src/Api/Manager.php(97): Omeka\\Api\\Manager->execute()\n#6 /var/www/html/omeka-s/modules/CSVImport/src/Job/Import.php(364): Omeka\\Api\\Manager->batchCreate()\n#7 /var/www/html/omeka-s/modules/CSVImport/src/Job/Import.php(266): CSVImport\\Job\\Import->create()\n#8 /var/www/html/omeka-s/modules/CSVImport/src/Job/Import.php(205): CSVImport\\Job\\Import->processBatchData()\n#9 /var/www/html/omeka-s/application/src/Job/DispatchStrategy/Synchronous.php(34): CSVImport\\Job\\Import->perform()\n#10 /var/www/html/omeka-s/application/src/Job/Dispatcher.php(105): Omeka\\Job\\DispatchStrategy\\Synchronous->send()\n#11 /var/www/html/omeka-s/application/data/scripts/perform-job.php(66): Omeka\\Job\\Dispatcher->send()\n#12 {main}\n2025-10-19T10:37:12+00:00 ERR (3): exception \'Omeka\\Api\\Exception\\ValidationException\' in /var/www/html/omeka-s/application/src/Api/Adapter/AbstractEntityAdapter.php:662\nErrors:\n{\n    \"o:media\": [\n        {\n            \"o:source\": [\n                \"Error reading IIIF image: Not Found (404)\"\n            ]\n        }\n    ]\n}\nStack trace:\n#0 /var/www/html/omeka-s/application/src/Api/Adapter/AbstractEntityAdapter.php(354): Omeka\\Api\\Adapter\\AbstractEntityAdapter->hydrateEntity()\n#1 /var/www/html/omeka-s/application/src/Api/Manager.php(224): Omeka\\Api\\Adapter\\AbstractEntityAdapter->create()\n#2 /var/www/html/omeka-s/application/src/Api/Manager.php(78): Omeka\\Api\\Manager->execute()\n#3 /var/www/html/omeka-s/application/src/Api/Adapter/AbstractEntityAdapter.php(402): Omeka\\Api\\Manager->create()\n#4 /var/www/html/omeka-s/application/src/Api/Manager.php(227): Omeka\\Api\\Adapter\\AbstractEntityAdapter->batchCreate()\n#5 /var/www/html/omeka-s/application/src/Api/Manager.php(97): Omeka\\Api\\Manager->execute()\n#6 /var/www/html/omeka-s/modules/CSVImport/src/Job/Import.php(364): Omeka\\Api\\Manager->batchCreate()\n#7 /var/www/html/omeka-s/modules/CSVImport/src/Job/Import.php(266): CSVImport\\Job\\Import->create()\n#8 /var/www/html/omeka-s/modules/CSVImport/src/Job/Import.php(205): CSVImport\\Job\\Import->processBatchData()\n#9 /var/www/html/omeka-s/application/src/Job/DispatchStrategy/Synchronous.php(34): CSVImport\\Job\\Import->perform()\n#10 /var/www/html/omeka-s/application/src/Job/Dispatcher.php(105): Omeka\\Job\\DispatchStrategy\\Synchronous->send()\n#11 /var/www/html/omeka-s/application/data/scripts/perform-job.php(66): Omeka\\Job\\Dispatcher->send()\n#12 {main}\n2025-10-19T10:37:13+00:00 ERR (3): exception \'Omeka\\Api\\Exception\\ValidationException\' in /var/www/html/omeka-s/application/src/Api/Adapter/AbstractEntityAdapter.php:662\nErrors:\n{\n    \"o:media\": [\n        {\n            \"o:source\": [\n                \"Error reading IIIF image: Not Found (404)\"\n            ]\n        }\n    ]\n}\nStack trace:\n#0 /var/www/html/omeka-s/application/src/Api/Adapter/AbstractEntityAdapter.php(354): Omeka\\Api\\Adapter\\AbstractEntityAdapter->hydrateEntity()\n#1 /var/www/html/omeka-s/application/src/Api/Manager.php(224): Omeka\\Api\\Adapter\\AbstractEntityAdapter->create()\n#2 /var/www/html/omeka-s/application/src/Api/Manager.php(78): Omeka\\Api\\Manager->execute()\n#3 /var/www/html/omeka-s/application/src/Api/Adapter/AbstractEntityAdapter.php(402): Omeka\\Api\\Manager->create()\n#4 /var/www/html/omeka-s/application/src/Api/Manager.php(227): Omeka\\Api\\Adapter\\AbstractEntityAdapter->batchCreate()\n#5 /var/www/html/omeka-s/application/src/Api/Manager.php(97): Omeka\\Api\\Manager->execute()\n#6 /var/www/html/omeka-s/modules/CSVImport/src/Job/Import.php(364): Omeka\\Api\\Manager->batchCreate()\n#7 /var/www/html/omeka-s/modules/CSVImport/src/Job/Import.php(266): CSVImport\\Job\\Import->create()\n#8 /var/www/html/omeka-s/modules/CSVImport/src/Job/Import.php(205): CSVImport\\Job\\Import->processBatchData()\n#9 /var/www/html/omeka-s/application/src/Job/DispatchStrategy/Synchronous.php(34): CSVImport\\Job\\Import->perform()\n#10 /var/www/html/omeka-s/application/src/Job/Dispatcher.php(105): Omeka\\Job\\DispatchStrategy\\Synchronous->send()\n#11 /var/www/html/omeka-s/application/data/scripts/perform-job.php(66): Omeka\\Job\\Dispatcher->send()\n#12 {main}\n', '2025-10-19 10:37:07', '2025-10-19 10:37:13'),
(44, 1, '15730', 'completed', 'CSVImport\\Job\\Import', '{\"filename\":\"Recipe_fake.csv\",\"filesize\":\"1349\",\"filepath\":\"\\/tmp\\/omekaftxOTe\",\"media_type\":\"text\\/csv\",\"resource_type\":\"items\",\"comment\":\"\",\"automap_check_names_alone\":true,\"column-resource_class\":[\"1\"],\"column-resource_template\":{\"1\":\"1\"},\"column-property\":{\"2\":{\"ke:name\":214},\"3\":{\"ke:description\":234},\"4\":{\"ke:image\":217},\"5\":{\"ke:hasIngredient\":224},\"6\":{\"ke:preparationTime\":220},\"7\":{\"ke:cookingTime\":219},\"8\":{\"ke:steps\":218},\"9\":{\"ke:calories\":221},\"10\":{\"ke:difficulty\":222},\"11\":{\"ke:createdBy\":223}},\"column-media_source\":{\"4\":\"url\"},\"column-data-type\":{\"5\":\"resource\",\"11\":\"resource\"},\"column-multivalue\":{\"5\":\"1\",\"8\":\"1\"},\"generic-data\":\"default\",\"media-source\":\"default\",\"resource-identifier-property\":\"\",\"o:resource_template\":\"\",\"o:resource_class\":\"\",\"o:owner\":{\"o:id\":1},\"o:is_public\":1,\"multivalue_separator\":\";\",\"global_language\":\"\",\"action\":\"create\",\"identifier_column\":0,\"identifier_property\":\"\",\"action_unidentified\":\"skip\",\"rows_by_batch\":20,\"delimiter\":\",\",\"enclosure\":\"\\\"\",\"escape\":\"\\\\\"}', '2025-10-19T10:42:08+00:00 ERR (3): Error downloading https://example.com/images/tomato_sauce.jpg: 404 Not Found\n2025-10-19T10:42:08+00:00 ERR (3): exception \'Omeka\\Api\\Exception\\ValidationException\' in /var/www/html/omeka-s/application/src/Api/Adapter/AbstractEntityAdapter.php:662\nErrors:\n{\n    \"o:media\": [\n        {\n            \"download\": [\n                \"Error downloading https:\\/\\/example.com\\/images\\/tomato_sauce.jpg: 404 Not Found\"\n            ]\n        }\n    ]\n}\nStack trace:\n#0 /var/www/html/omeka-s/application/src/Api/Adapter/AbstractEntityAdapter.php(354): Omeka\\Api\\Adapter\\AbstractEntityAdapter->hydrateEntity()\n#1 /var/www/html/omeka-s/application/src/Api/Manager.php(224): Omeka\\Api\\Adapter\\AbstractEntityAdapter->create()\n#2 /var/www/html/omeka-s/application/src/Api/Manager.php(78): Omeka\\Api\\Manager->execute()\n#3 /var/www/html/omeka-s/application/src/Api/Adapter/AbstractEntityAdapter.php(402): Omeka\\Api\\Manager->create()\n#4 /var/www/html/omeka-s/application/src/Api/Manager.php(227): Omeka\\Api\\Adapter\\AbstractEntityAdapter->batchCreate()\n#5 /var/www/html/omeka-s/application/src/Api/Manager.php(97): Omeka\\Api\\Manager->execute()\n#6 /var/www/html/omeka-s/modules/CSVImport/src/Job/Import.php(364): Omeka\\Api\\Manager->batchCreate()\n#7 /var/www/html/omeka-s/modules/CSVImport/src/Job/Import.php(266): CSVImport\\Job\\Import->create()\n#8 /var/www/html/omeka-s/modules/CSVImport/src/Job/Import.php(205): CSVImport\\Job\\Import->processBatchData()\n#9 /var/www/html/omeka-s/application/src/Job/DispatchStrategy/Synchronous.php(34): CSVImport\\Job\\Import->perform()\n#10 /var/www/html/omeka-s/application/src/Job/Dispatcher.php(105): Omeka\\Job\\DispatchStrategy\\Synchronous->send()\n#11 /var/www/html/omeka-s/application/data/scripts/perform-job.php(66): Omeka\\Job\\Dispatcher->send()\n#12 {main}\n2025-10-19T10:42:09+00:00 ERR (3): Error downloading https://example.com/images/grilled_chicken.jpg: 404 Not Found\n2025-10-19T10:42:09+00:00 ERR (3): exception \'Omeka\\Api\\Exception\\ValidationException\' in /var/www/html/omeka-s/application/src/Api/Adapter/AbstractEntityAdapter.php:662\nErrors:\n{\n    \"o:media\": [\n        {\n            \"download\": [\n                \"Error downloading https:\\/\\/example.com\\/images\\/grilled_chicken.jpg: 404 Not Found\"\n            ]\n        }\n    ]\n}\nStack trace:\n#0 /var/www/html/omeka-s/application/src/Api/Adapter/AbstractEntityAdapter.php(354): Omeka\\Api\\Adapter\\AbstractEntityAdapter->hydrateEntity()\n#1 /var/www/html/omeka-s/application/src/Api/Manager.php(224): Omeka\\Api\\Adapter\\AbstractEntityAdapter->create()\n#2 /var/www/html/omeka-s/application/src/Api/Manager.php(78): Omeka\\Api\\Manager->execute()\n#3 /var/www/html/omeka-s/application/src/Api/Adapter/AbstractEntityAdapter.php(402): Omeka\\Api\\Manager->create()\n#4 /var/www/html/omeka-s/application/src/Api/Manager.php(227): Omeka\\Api\\Adapter\\AbstractEntityAdapter->batchCreate()\n#5 /var/www/html/omeka-s/application/src/Api/Manager.php(97): Omeka\\Api\\Manager->execute()\n#6 /var/www/html/omeka-s/modules/CSVImport/src/Job/Import.php(364): Omeka\\Api\\Manager->batchCreate()\n#7 /var/www/html/omeka-s/modules/CSVImport/src/Job/Import.php(266): CSVImport\\Job\\Import->create()\n#8 /var/www/html/omeka-s/modules/CSVImport/src/Job/Import.php(205): CSVImport\\Job\\Import->processBatchData()\n#9 /var/www/html/omeka-s/application/src/Job/DispatchStrategy/Synchronous.php(34): CSVImport\\Job\\Import->perform()\n#10 /var/www/html/omeka-s/application/src/Job/Dispatcher.php(105): Omeka\\Job\\DispatchStrategy\\Synchronous->send()\n#11 /var/www/html/omeka-s/application/data/scripts/perform-job.php(66): Omeka\\Job\\Dispatcher->send()\n#12 {main}\n2025-10-19T10:42:10+00:00 ERR (3): Error downloading https://example.com/images/veggie_stirfry.jpg: 404 Not Found\n2025-10-19T10:42:10+00:00 ERR (3): exception \'Omeka\\Api\\Exception\\ValidationException\' in /var/www/html/omeka-s/application/src/Api/Adapter/AbstractEntityAdapter.php:662\nErrors:\n{\n    \"o:media\": [\n        {\n            \"download\": [\n                \"Error downloading https:\\/\\/example.com\\/images\\/veggie_stirfry.jpg: 404 Not Found\"\n            ]\n        }\n    ]\n}\nStack trace:\n#0 /var/www/html/omeka-s/application/src/Api/Adapter/AbstractEntityAdapter.php(354): Omeka\\Api\\Adapter\\AbstractEntityAdapter->hydrateEntity()\n#1 /var/www/html/omeka-s/application/src/Api/Manager.php(224): Omeka\\Api\\Adapter\\AbstractEntityAdapter->create()\n#2 /var/www/html/omeka-s/application/src/Api/Manager.php(78): Omeka\\Api\\Manager->execute()\n#3 /var/www/html/omeka-s/application/src/Api/Adapter/AbstractEntityAdapter.php(402): Omeka\\Api\\Manager->create()\n#4 /var/www/html/omeka-s/application/src/Api/Manager.php(227): Omeka\\Api\\Adapter\\AbstractEntityAdapter->batchCreate()\n#5 /var/www/html/omeka-s/application/src/Api/Manager.php(97): Omeka\\Api\\Manager->execute()\n#6 /var/www/html/omeka-s/modules/CSVImport/src/Job/Import.php(364): Omeka\\Api\\Manager->batchCreate()\n#7 /var/www/html/omeka-s/modules/CSVImport/src/Job/Import.php(266): CSVImport\\Job\\Import->create()\n#8 /var/www/html/omeka-s/modules/CSVImport/src/Job/Import.php(205): CSVImport\\Job\\Import->processBatchData()\n#9 /var/www/html/omeka-s/application/src/Job/DispatchStrategy/Synchronous.php(34): CSVImport\\Job\\Import->perform()\n#10 /var/www/html/omeka-s/application/src/Job/Dispatcher.php(105): Omeka\\Job\\DispatchStrategy\\Synchronous->send()\n#11 /var/www/html/omeka-s/application/data/scripts/perform-job.php(66): Omeka\\Job\\Dispatcher->send()\n#12 {main}\n2025-10-19T10:42:11+00:00 ERR (3): Error downloading https://example.com/images/chocolate_cake.jpg: 404 Not Found\n2025-10-19T10:42:11+00:00 ERR (3): exception \'Omeka\\Api\\Exception\\ValidationException\' in /var/www/html/omeka-s/application/src/Api/Adapter/AbstractEntityAdapter.php:662\nErrors:\n{\n    \"o:media\": [\n        {\n            \"download\": [\n                \"Error downloading https:\\/\\/example.com\\/images\\/chocolate_cake.jpg: 404 Not Found\"\n            ]\n        }\n    ]\n}\nStack trace:\n#0 /var/www/html/omeka-s/application/src/Api/Adapter/AbstractEntityAdapter.php(354): Omeka\\Api\\Adapter\\AbstractEntityAdapter->hydrateEntity()\n#1 /var/www/html/omeka-s/application/src/Api/Manager.php(224): Omeka\\Api\\Adapter\\AbstractEntityAdapter->create()\n#2 /var/www/html/omeka-s/application/src/Api/Manager.php(78): Omeka\\Api\\Manager->execute()\n#3 /var/www/html/omeka-s/application/src/Api/Adapter/AbstractEntityAdapter.php(402): Omeka\\Api\\Manager->create()\n#4 /var/www/html/omeka-s/application/src/Api/Manager.php(227): Omeka\\Api\\Adapter\\AbstractEntityAdapter->batchCreate()\n#5 /var/www/html/omeka-s/application/src/Api/Manager.php(97): Omeka\\Api\\Manager->execute()\n#6 /var/www/html/omeka-s/modules/CSVImport/src/Job/Import.php(364): Omeka\\Api\\Manager->batchCreate()\n#7 /var/www/html/omeka-s/modules/CSVImport/src/Job/Import.php(266): CSVImport\\Job\\Import->create()\n#8 /var/www/html/omeka-s/modules/CSVImport/src/Job/Import.php(205): CSVImport\\Job\\Import->processBatchData()\n#9 /var/www/html/omeka-s/application/src/Job/DispatchStrategy/Synchronous.php(34): CSVImport\\Job\\Import->perform()\n#10 /var/www/html/omeka-s/application/src/Job/Dispatcher.php(105): Omeka\\Job\\DispatchStrategy\\Synchronous->send()\n#11 /var/www/html/omeka-s/application/data/scripts/perform-job.php(66): Omeka\\Job\\Dispatcher->send()\n#12 {main}\n2025-10-19T10:42:12+00:00 ERR (3): Error downloading https://example.com/images/caesar_salad.jpg: 404 Not Found\n2025-10-19T10:42:12+00:00 ERR (3): exception \'Omeka\\Api\\Exception\\ValidationException\' in /var/www/html/omeka-s/application/src/Api/Adapter/AbstractEntityAdapter.php:662\nErrors:\n{\n    \"o:media\": [\n        {\n            \"download\": [\n                \"Error downloading https:\\/\\/example.com\\/images\\/caesar_salad.jpg: 404 Not Found\"\n            ]\n        }\n    ]\n}\nStack trace:\n#0 /var/www/html/omeka-s/application/src/Api/Adapter/AbstractEntityAdapter.php(354): Omeka\\Api\\Adapter\\AbstractEntityAdapter->hydrateEntity()\n#1 /var/www/html/omeka-s/application/src/Api/Manager.php(224): Omeka\\Api\\Adapter\\AbstractEntityAdapter->create()\n#2 /var/www/html/omeka-s/application/src/Api/Manager.php(78): Omeka\\Api\\Manager->execute()\n#3 /var/www/html/omeka-s/application/src/Api/Adapter/AbstractEntityAdapter.php(402): Omeka\\Api\\Manager->create()\n#4 /var/www/html/omeka-s/application/src/Api/Manager.php(227): Omeka\\Api\\Adapter\\AbstractEntityAdapter->batchCreate()\n#5 /var/www/html/omeka-s/application/src/Api/Manager.php(97): Omeka\\Api\\Manager->execute()\n#6 /var/www/html/omeka-s/modules/CSVImport/src/Job/Import.php(364): Omeka\\Api\\Manager->batchCreate()\n#7 /var/www/html/omeka-s/modules/CSVImport/src/Job/Import.php(266): CSVImport\\Job\\Import->create()\n#8 /var/www/html/omeka-s/modules/CSVImport/src/Job/Import.php(205): CSVImport\\Job\\Import->processBatchData()\n#9 /var/www/html/omeka-s/application/src/Job/DispatchStrategy/Synchronous.php(34): CSVImport\\Job\\Import->perform()\n#10 /var/www/html/omeka-s/application/src/Job/Dispatcher.php(105): Omeka\\Job\\DispatchStrategy\\Synchronous->send()\n#11 /var/www/html/omeka-s/application/data/scripts/perform-job.php(66): Omeka\\Job\\Dispatcher->send()\n#12 {main}\n', '2025-10-19 10:42:07', '2025-10-19 10:42:12'),
(45, 1, '16285', 'completed', 'CSVImport\\Job\\Import', '{\"filename\":\"Recipe_fake.csv\",\"filesize\":\"1504\",\"filepath\":\"\\/tmp\\/omeka6U1kk3\",\"media_type\":\"text\\/csv\",\"resource_type\":\"items\",\"comment\":\"\",\"automap_check_names_alone\":true,\"column-resource_class\":[\"1\"],\"column-resource_template\":{\"1\":\"1\"},\"column-property\":{\"2\":{\"ke:name\":214},\"3\":{\"ke:description\":234},\"4\":{\"ke:image\":217},\"5\":{\"ke:hasIngredient\":224},\"6\":{\"ke:preparationTime\":220},\"7\":{\"ke:cookingTime\":219},\"8\":{\"ke:steps\":218},\"9\":{\"ke:calories\":221},\"10\":{\"ke:difficulty\":222},\"11\":{\"ke:createdBy\":223}},\"column-media_source\":{\"4\":\"url\"},\"column-data-type\":{\"5\":\"resource\",\"11\":\"resource\"},\"column-multivalue\":{\"5\":\"1\",\"8\":\"1\"},\"generic-data\":\"default\",\"media-source\":\"default\",\"resource-identifier-property\":\"\",\"o:resource_template\":\"\",\"o:resource_class\":\"\",\"o:owner\":{\"o:id\":1},\"o:is_public\":1,\"multivalue_separator\":\";\",\"global_language\":\"\",\"action\":\"create\",\"identifier_column\":0,\"identifier_property\":\"\",\"action_unidentified\":\"skip\",\"rows_by_batch\":20,\"delimiter\":\",\",\"enclosure\":\"\\\"\",\"escape\":\"\\\\\"}', NULL, '2025-10-19 10:47:09', '2025-10-19 10:47:13'),
(46, 1, '16587', 'completed', 'CSVImport\\Job\\Import', '{\"filename\":\"Rating_fake.csv\",\"filesize\":\"268\",\"filepath\":\"\\/tmp\\/omekalSOp7p\",\"media_type\":\"text\\/csv\",\"resource_type\":\"items\",\"comment\":\"\",\"automap_check_names_alone\":true,\"column-resource_class\":[\"1\"],\"column-resource_template\":{\"1\":\"1\"},\"column-property\":{\"2\":{\"ke:ratingValue\":229},\"3\":{\"ke:ratedBy\":227},\"4\":{\"ke:ratesRecipe\":228}},\"column-data-type\":{\"3\":\"resource\",\"4\":\"resource\"},\"generic-data\":\"default\",\"media-source\":\"default\",\"resource-identifier-property\":\"\",\"o:resource_template\":\"\",\"o:resource_class\":\"\",\"o:owner\":{\"o:id\":1},\"o:is_public\":1,\"multivalue_separator\":\";\",\"global_language\":\"\",\"action\":\"create\",\"identifier_column\":0,\"identifier_property\":\"\",\"action_unidentified\":\"skip\",\"rows_by_batch\":20,\"column-multivalue\":[],\"delimiter\":\",\",\"enclosure\":\"\\\"\",\"escape\":\"\\\\\"}', NULL, '2025-10-19 10:49:27', '2025-10-19 10:49:28'),
(47, 1, '191446', 'completed', 'MyModule\\Job\\SyncToAnythingLLM', '{\"resource_types\":[\"Recipe\",\"Ingredient\",\"User\"],\"item_sets\":[],\"full_sync\":true,\"batch_size\":50}', '2025-12-02T06:03:55+00:00 INFO (6): Starting AnythingLLM sync job...\n2025-12-02T06:03:55+00:00 INFO (6): Resource types: Recipe, Ingredient, User\n2025-12-02T06:03:55+00:00 INFO (6): Full sync: yes\n2025-12-02T06:03:55+00:00 INFO (6): Performing full sync...\n2025-12-02T06:03:55+00:00 INFO (6): Processing resource type: Recipe\n2025-12-02T06:03:55+00:00 INFO (6): Found 5 items to process for Recipe\n2025-12-02T06:03:55+00:00 INFO (6): Processing batch 1/1 (5 items)\n2025-12-02T06:04:03+00:00 INFO (6): Uploaded new document for item #150 (Classic Tomato Sauce)\n2025-12-02T06:04:03+00:00 INFO (6): Uploaded new document for item #151 (Grilled Chicken Breast)\n2025-12-02T06:04:04+00:00 INFO (6): Uploaded new document for item #152 (Vegetable Stir Fry)\n2025-12-02T06:04:04+00:00 INFO (6): Uploaded new document for item #153 (Chocolate Cake)\n2025-12-02T06:04:04+00:00 INFO (6): Uploaded new document for item #154 (Caesar Salad)\n2025-12-02T06:04:04+00:00 INFO (6): Processing resource type: Ingredient\n2025-12-02T06:04:04+00:00 INFO (6): Found 5 items to process for Ingredient\n2025-12-02T06:04:04+00:00 INFO (6): Processing batch 1/1 (5 items)\n2025-12-02T06:04:05+00:00 INFO (6): Uploaded new document for item #85 (Tomato)\n2025-12-02T06:04:05+00:00 INFO (6): Uploaded new document for item #86 (Olive Oil)\n2025-12-02T06:04:05+00:00 INFO (6): Uploaded new document for item #87 (Sugar)\n2025-12-02T06:04:06+00:00 INFO (6): Uploaded new document for item #88 (Chicken Breast)\n2025-12-02T06:04:06+00:00 INFO (6): Uploaded new document for item #89 (Butter)\n2025-12-02T06:04:06+00:00 INFO (6): Processing resource type: User\n2025-12-02T06:04:06+00:00 INFO (6): Found 5 items to process for User\n2025-12-02T06:04:06+00:00 INFO (6): Processing batch 1/1 (5 items)\n2025-12-02T06:04:06+00:00 INFO (6): Uploaded new document for item #80 (Alice Smith)\n2025-12-02T06:04:06+00:00 INFO (6): Uploaded new document for item #81 (Bob Johnson)\n2025-12-02T06:04:07+00:00 INFO (6): Uploaded new document for item #82 (Charlie Brown)\n2025-12-02T06:04:07+00:00 INFO (6): Uploaded new document for item #83 (Diana Evans)\n2025-12-02T06:04:07+00:00 INFO (6): Uploaded new document for item #84 (Ethan Lee)\n2025-12-02T06:04:07+00:00 INFO (6): Sync completed successfully!\n2025-12-02T06:04:07+00:00 INFO (6): Total processed: 15\n2025-12-02T06:04:07+00:00 INFO (6): New uploads: 15\n2025-12-02T06:04:07+00:00 INFO (6): Updated: 0\n2025-12-02T06:04:07+00:00 INFO (6): Skipped: 0\n2025-12-02T06:04:07+00:00 INFO (6): Errors: 0\n', '2025-12-02 06:03:55', '2025-12-02 06:04:07'),
(48, 1, '203821', 'completed', 'MyModule\\Job\\SyncToAnythingLLM', '{\"resource_types\":[\"Recipe\",\"Ingredient\"],\"item_sets\":[],\"full_sync\":true,\"batch_size\":50}', '2025-12-08T21:25:18+00:00 INFO (6): Starting AnythingLLM sync job...\n2025-12-08T21:25:18+00:00 INFO (6): Resource types: Recipe, Ingredient\n2025-12-08T21:25:18+00:00 INFO (6): Full sync: yes\n2025-12-08T21:25:18+00:00 INFO (6): Performing full sync...\n2025-12-08T21:25:18+00:00 INFO (6): Processing resource type: Recipe\n2025-12-08T21:25:18+00:00 INFO (6): Found 6 items to process for Recipe\n2025-12-08T21:25:18+00:00 INFO (6): Processing batch 1/1 (6 items)\n2025-12-08T21:25:19+00:00 INFO (6): Uploaded new document for item #151 ([RECIPE-151] Grilled Chicken Breast)\n2025-12-08T21:25:19+00:00 INFO (6): Uploaded new document for item #152 ([RECIPE-152] Vegetable Stir Fry)\n2025-12-08T21:25:19+00:00 INFO (6): Uploaded new document for item #153 ([RECIPE-153] Chocolate Cake)\n2025-12-08T21:25:19+00:00 INFO (6): Uploaded new document for item #168 ([RECIPE-168] Tarte)\n2025-12-08T21:25:20+00:00 INFO (6): Uploaded new document for item #169 ([RECIPE-169] Tarte)\n2025-12-08T21:25:20+00:00 INFO (6): Uploaded new document for item #173 ([RECIPE-173] Fritte omlette)\n2025-12-08T21:25:20+00:00 INFO (6): Processing resource type: Ingredient\n2025-12-08T21:25:20+00:00 INFO (6): Found 3 items to process for Ingredient\n2025-12-08T21:25:20+00:00 INFO (6): Processing batch 1/1 (3 items)\n2025-12-08T21:25:20+00:00 INFO (6): Uploaded new document for item #88 ([INGREDIENT-88] Chicken Breast)\n2025-12-08T21:25:21+00:00 INFO (6): Uploaded new document for item #89 ([INGREDIENT-89] Butter)\n2025-12-08T21:25:21+00:00 INFO (6): Uploaded new document for item #187 ([INGREDIENT-187] Water)\n2025-12-08T21:25:21+00:00 INFO (6): Sync completed successfully!\n2025-12-08T21:25:21+00:00 INFO (6): Total processed: 9\n2025-12-08T21:25:21+00:00 INFO (6): New uploads: 9\n2025-12-08T21:25:21+00:00 INFO (6): Updated: 0\n2025-12-08T21:25:21+00:00 INFO (6): Skipped: 0\n2025-12-08T21:25:21+00:00 INFO (6): Errors: 0\n', '2025-12-08 21:25:18', '2025-12-08 21:25:21'),
(49, 2, '12537', 'completed', 'Omeka\\Job\\BatchDelete', '{\"resource\":\"items\",\"query\":{\"sort_by_default\":\"\",\"sort_order_default\":\"\"}}', '2025-12-09T08:59:27+00:00 WARN (4): Cannot delete file; file does not exist /var/www/html/omk_thyp_25-26_clone/files/original/0d68b94cd2c5c365ffa5abd460472ce74f3f9580.jpg\n2025-12-09T08:59:27+00:00 WARN (4): Cannot delete file; file does not exist /var/www/html/omk_thyp_25-26_clone/files/large/0d68b94cd2c5c365ffa5abd460472ce74f3f9580.jpg\n2025-12-09T08:59:27+00:00 WARN (4): Cannot delete file; file does not exist /var/www/html/omk_thyp_25-26_clone/files/medium/0d68b94cd2c5c365ffa5abd460472ce74f3f9580.jpg\n2025-12-09T08:59:27+00:00 WARN (4): Cannot delete file; file does not exist /var/www/html/omk_thyp_25-26_clone/files/square/0d68b94cd2c5c365ffa5abd460472ce74f3f9580.jpg\n2025-12-09T08:59:27+00:00 WARN (4): Cannot delete file; file does not exist /var/www/html/omk_thyp_25-26_clone/files/original/5d54830e81f3e479b80fe5f6a8bef0d221d136f9.jpg\n2025-12-09T08:59:27+00:00 WARN (4): Cannot delete file; file does not exist /var/www/html/omk_thyp_25-26_clone/files/large/5d54830e81f3e479b80fe5f6a8bef0d221d136f9.jpg\n2025-12-09T08:59:27+00:00 WARN (4): Cannot delete file; file does not exist /var/www/html/omk_thyp_25-26_clone/files/medium/5d54830e81f3e479b80fe5f6a8bef0d221d136f9.jpg\n2025-12-09T08:59:27+00:00 WARN (4): Cannot delete file; file does not exist /var/www/html/omk_thyp_25-26_clone/files/square/5d54830e81f3e479b80fe5f6a8bef0d221d136f9.jpg\n', '2025-12-09 08:59:27', '2025-12-09 08:59:27'),
(50, 2, '17490', 'completed', 'Omeka\\Job\\BatchDelete', '{\"resource\":\"items\",\"query\":{\"sort_by_default\":\"\",\"sort_order_default\":\"\"}}', NULL, '2025-12-09 10:27:25', '2025-12-09 10:27:25'),
(51, 2, '18001', 'completed', 'Omeka\\Job\\BatchDelete', '{\"resource\":\"items\",\"query\":{\"sort_by_default\":\"\",\"sort_order_default\":\"\"}}', NULL, '2025-12-09 10:41:09', '2025-12-09 10:41:10');

-- --------------------------------------------------------

--
-- Table structure for table `media`
--

CREATE TABLE `media` (
  `id` int NOT NULL,
  `item_id` int NOT NULL,
  `ingester` varchar(255) CHARACTER SET utf8mb4 COLLATE utf8mb4_unicode_ci NOT NULL,
  `renderer` varchar(255) CHARACTER SET utf8mb4 COLLATE utf8mb4_unicode_ci NOT NULL,
  `data` longtext CHARACTER SET utf8mb4 COLLATE utf8mb4_unicode_ci COMMENT '(DC2Type:json_array)',
  `source` longtext CHARACTER SET utf8mb4 COLLATE utf8mb4_unicode_ci,
  `media_type` varchar(255) CHARACTER SET utf8mb4 COLLATE utf8mb4_unicode_ci DEFAULT NULL,
  `storage_id` varchar(190) CHARACTER SET utf8mb4 COLLATE utf8mb4_unicode_ci DEFAULT NULL,
  `extension` varchar(255) CHARACTER SET utf8mb4 COLLATE utf8mb4_unicode_ci DEFAULT NULL,
  `sha256` char(64) CHARACTER SET utf8mb4 COLLATE utf8mb4_unicode_ci DEFAULT NULL,
  `size` bigint DEFAULT NULL,
  `has_original` tinyint(1) NOT NULL,
  `has_thumbnails` tinyint(1) NOT NULL,
  `position` int DEFAULT NULL,
  `lang` varchar(190) CHARACTER SET utf8mb4 COLLATE utf8mb4_unicode_ci DEFAULT NULL,
  `alt_text` longtext CHARACTER SET utf8mb4 COLLATE utf8mb4_unicode_ci
) ENGINE=InnoDB DEFAULT CHARSET=utf8mb4 COLLATE=utf8mb4_unicode_ci;

-- --------------------------------------------------------

--
-- Table structure for table `migration`
--

CREATE TABLE `migration` (
  `version` varchar(16) CHARACTER SET utf8mb4 COLLATE utf8mb4_unicode_ci NOT NULL
) ENGINE=InnoDB DEFAULT CHARSET=utf8mb4 COLLATE=utf8mb4_unicode_ci;

--
-- Dumping data for table `migration`
--

INSERT INTO `migration` (`version`) VALUES
('20171128053327'),
('20180412035023'),
('20180919072656'),
('20180924033501'),
('20181002015551'),
('20181004043735'),
('20181106060421'),
('20190307043537'),
('20190319020708'),
('20190412090532'),
('20190423040354'),
('20190423071228'),
('20190514061351'),
('20190515055359'),
('20190729023728'),
('20190809092609'),
('20190815062003'),
('20200224022356'),
('20200226064602'),
('20200325091157'),
('20200326091310'),
('20200803000000'),
('20200831000000'),
('20210205101827'),
('20210225095734'),
('20210810083804'),
('20220718090449'),
('20220824103916'),
('20230124033031'),
('20230410074846'),
('20230523085358'),
('20230601060113'),
('20230713101012'),
('20231016000000'),
('20240103030617');

-- --------------------------------------------------------

--
-- Table structure for table `module`
--

CREATE TABLE `module` (
  `id` varchar(190) CHARACTER SET utf8mb4 COLLATE utf8mb4_unicode_ci NOT NULL,
  `is_active` tinyint(1) NOT NULL,
  `version` varchar(255) CHARACTER SET utf8mb4 COLLATE utf8mb4_unicode_ci NOT NULL
) ENGINE=InnoDB DEFAULT CHARSET=utf8mb4 COLLATE=utf8mb4_unicode_ci;

--
-- Dumping data for table `module`
--

INSERT INTO `module` (`id`, `is_active`, `version`) VALUES
('CSVImport', 1, '2.6.2'),
('MyModule', 1, '1.0');

-- --------------------------------------------------------

--
-- Table structure for table `password_creation`
--

CREATE TABLE `password_creation` (
  `id` varchar(32) CHARACTER SET utf8mb4 COLLATE utf8mb4_bin NOT NULL,
  `user_id` int NOT NULL,
  `created` datetime NOT NULL,
  `activate` tinyint(1) NOT NULL
) ENGINE=InnoDB DEFAULT CHARSET=utf8mb4 COLLATE=utf8mb4_unicode_ci;

--
-- Dumping data for table `password_creation`
--

INSERT INTO `password_creation` (`id`, `user_id`, `created`, `activate`) VALUES
('MDLQvI1yg3MPWcCztYTdLGry2ivrSYrA', 2, '2025-12-08 22:49:55', 1);

-- --------------------------------------------------------

--
-- Table structure for table `property`
--

CREATE TABLE `property` (
  `id` int NOT NULL,
  `owner_id` int DEFAULT NULL,
  `vocabulary_id` int NOT NULL,
  `local_name` varchar(190) CHARACTER SET utf8mb4 COLLATE utf8mb4_bin NOT NULL,
  `label` varchar(255) CHARACTER SET utf8mb4 COLLATE utf8mb4_unicode_ci NOT NULL,
  `comment` longtext CHARACTER SET utf8mb4 COLLATE utf8mb4_unicode_ci
) ENGINE=InnoDB DEFAULT CHARSET=utf8mb4 COLLATE=utf8mb4_unicode_ci;

--
-- Dumping data for table `property`
--

INSERT INTO `property` (`id`, `owner_id`, `vocabulary_id`, `local_name`, `label`, `comment`) VALUES
(1, NULL, 1, 'title', 'Title', 'A name given to the resource.'),
(2, NULL, 1, 'creator', 'Creator', 'An entity primarily responsible for making the resource.'),
(3, NULL, 1, 'subject', 'Subject', 'The topic of the resource.'),
(4, NULL, 1, 'description', 'Description', 'An account of the resource.'),
(5, NULL, 1, 'publisher', 'Publisher', 'An entity responsible for making the resource available.'),
(6, NULL, 1, 'contributor', 'Contributor', 'An entity responsible for making contributions to the resource.'),
(7, NULL, 1, 'date', 'Date', 'A point or period of time associated with an event in the lifecycle of the resource.'),
(8, NULL, 1, 'type', 'Type', 'The nature or genre of the resource.'),
(9, NULL, 1, 'format', 'Format', 'The file format, physical medium, or dimensions of the resource.'),
(10, NULL, 1, 'identifier', 'Identifier', 'An unambiguous reference to the resource within a given context.'),
(11, NULL, 1, 'source', 'Source', 'A related resource from which the described resource is derived.'),
(12, NULL, 1, 'language', 'Language', 'A language of the resource.'),
(13, NULL, 1, 'relation', 'Relation', 'A related resource.'),
(14, NULL, 1, 'coverage', 'Coverage', 'The spatial or temporal topic of the resource, the spatial applicability of the resource, or the jurisdiction under which the resource is relevant.'),
(15, NULL, 1, 'rights', 'Rights', 'Information about rights held in and over the resource.'),
(16, NULL, 1, 'audience', 'Audience', 'A class of entity for whom the resource is intended or useful.'),
(17, NULL, 1, 'alternative', 'Alternative Title', 'An alternative name for the resource.'),
(18, NULL, 1, 'tableOfContents', 'Table Of Contents', 'A list of subunits of the resource.'),
(19, NULL, 1, 'abstract', 'Abstract', 'A summary of the resource.'),
(20, NULL, 1, 'created', 'Date Created', 'Date of creation of the resource.'),
(21, NULL, 1, 'valid', 'Date Valid', 'Date (often a range) of validity of a resource.'),
(22, NULL, 1, 'available', 'Date Available', 'Date (often a range) that the resource became or will become available.'),
(23, NULL, 1, 'issued', 'Date Issued', 'Date of formal issuance (e.g., publication) of the resource.'),
(24, NULL, 1, 'modified', 'Date Modified', 'Date on which the resource was changed.'),
(25, NULL, 1, 'extent', 'Extent', 'The size or duration of the resource.'),
(26, NULL, 1, 'medium', 'Medium', 'The material or physical carrier of the resource.'),
(27, NULL, 1, 'isVersionOf', 'Is Version Of', 'A related resource of which the described resource is a version, edition, or adaptation.'),
(28, NULL, 1, 'hasVersion', 'Has Version', 'A related resource that is a version, edition, or adaptation of the described resource.'),
(29, NULL, 1, 'isReplacedBy', 'Is Replaced By', 'A related resource that supplants, displaces, or supersedes the described resource.'),
(30, NULL, 1, 'replaces', 'Replaces', 'A related resource that is supplanted, displaced, or superseded by the described resource.'),
(31, NULL, 1, 'isRequiredBy', 'Is Required By', 'A related resource that requires the described resource to support its function, delivery, or coherence.'),
(32, NULL, 1, 'requires', 'Requires', 'A related resource that is required by the described resource to support its function, delivery, or coherence.'),
(33, NULL, 1, 'isPartOf', 'Is Part Of', 'A related resource in which the described resource is physically or logically included.'),
(34, NULL, 1, 'hasPart', 'Has Part', 'A related resource that is included either physically or logically in the described resource.'),
(35, NULL, 1, 'isReferencedBy', 'Is Referenced By', 'A related resource that references, cites, or otherwise points to the described resource.'),
(36, NULL, 1, 'references', 'References', 'A related resource that is referenced, cited, or otherwise pointed to by the described resource.'),
(37, NULL, 1, 'isFormatOf', 'Is Format Of', 'A related resource that is substantially the same as the described resource, but in another format.'),
(38, NULL, 1, 'hasFormat', 'Has Format', 'A related resource that is substantially the same as the pre-existing described resource, but in another format.'),
(39, NULL, 1, 'conformsTo', 'Conforms To', 'An established standard to which the described resource conforms.'),
(40, NULL, 1, 'spatial', 'Spatial Coverage', 'Spatial characteristics of the resource.'),
(41, NULL, 1, 'temporal', 'Temporal Coverage', 'Temporal characteristics of the resource.'),
(42, NULL, 1, 'mediator', 'Mediator', 'An entity that mediates access to the resource and for whom the resource is intended or useful.'),
(43, NULL, 1, 'dateAccepted', 'Date Accepted', 'Date of acceptance of the resource.'),
(44, NULL, 1, 'dateCopyrighted', 'Date Copyrighted', 'Date of copyright.'),
(45, NULL, 1, 'dateSubmitted', 'Date Submitted', 'Date of submission of the resource.'),
(46, NULL, 1, 'educationLevel', 'Audience Education Level', 'A class of entity, defined in terms of progression through an educational or training context, for which the described resource is intended.'),
(47, NULL, 1, 'accessRights', 'Access Rights', 'Information about who can access the resource or an indication of its security status.'),
(48, NULL, 1, 'bibliographicCitation', 'Bibliographic Citation', 'A bibliographic reference for the resource.'),
(49, NULL, 1, 'license', 'License', 'A legal document giving official permission to do something with the resource.'),
(50, NULL, 1, 'rightsHolder', 'Rights Holder', 'A person or organization owning or managing rights over the resource.'),
(51, NULL, 1, 'provenance', 'Provenance', 'A statement of any changes in ownership and custody of the resource since its creation that are significant for its authenticity, integrity, and interpretation.'),
(52, NULL, 1, 'instructionalMethod', 'Instructional Method', 'A process, used to engender knowledge, attitudes and skills, that the described resource is designed to support.'),
(53, NULL, 1, 'accrualMethod', 'Accrual Method', 'The method by which items are added to a collection.'),
(54, NULL, 1, 'accrualPeriodicity', 'Accrual Periodicity', 'The frequency with which items are added to a collection.'),
(55, NULL, 1, 'accrualPolicy', 'Accrual Policy', 'The policy governing the addition of items to a collection.'),
(56, NULL, 3, 'affirmedBy', 'affirmedBy', 'A legal decision that affirms a ruling.'),
(57, NULL, 3, 'annotates', 'annotates', 'Critical or explanatory note for a Document.'),
(58, NULL, 3, 'authorList', 'list of authors', 'An ordered list of authors. Normally, this list is seen as a priority list that order authors by importance.'),
(59, NULL, 3, 'citedBy', 'cited by', 'Relates a document to another document that cites the\nfirst document.'),
(60, NULL, 3, 'cites', 'cites', 'Relates a document to another document that is cited\nby the first document as reference, comment, review, quotation or for\nanother purpose.'),
(61, NULL, 3, 'contributorList', 'list of contributors', 'An ordered list of contributors. Normally, this list is seen as a priority list that order contributors by importance.'),
(62, NULL, 3, 'court', 'court', 'A court associated with a legal document; for example, that which issues a decision.'),
(63, NULL, 3, 'degree', 'degree', 'The thesis degree.'),
(64, NULL, 3, 'director', 'director', 'A Film director.'),
(65, NULL, 3, 'distributor', 'distributor', 'Distributor of a document or a collection of documents.'),
(66, NULL, 3, 'editor', 'editor', 'A person having managerial and sometimes policy-making responsibility for the editorial part of a publishing firm or of a newspaper, magazine, or other publication.'),
(67, NULL, 3, 'editorList', 'list of editors', 'An ordered list of editors. Normally, this list is seen as a priority list that order editors by importance.'),
(68, NULL, 3, 'interviewee', 'interviewee', 'An agent that is interviewed by another agent.'),
(69, NULL, 3, 'interviewer', 'interviewer', 'An agent that interview another agent.'),
(70, NULL, 3, 'issuer', 'issuer', 'An entity responsible for issuing often informally published documents such as press releases, reports, etc.'),
(71, NULL, 3, 'organizer', 'organizer', 'The organizer of an event; includes conference organizers, but also government agencies or other bodies that are responsible for conducting hearings.'),
(72, NULL, 3, 'owner', 'owner', 'Owner of a document or a collection of documents.'),
(73, NULL, 3, 'performer', 'performer', NULL),
(74, NULL, 3, 'presentedAt', 'presented at', 'Relates a document to an event; for example, a paper to a conference.'),
(75, NULL, 3, 'presents', 'presents', 'Relates an event to associated documents; for example, conference to a paper.'),
(76, NULL, 3, 'producer', 'producer', 'Producer of a document or a collection of documents.'),
(77, NULL, 3, 'recipient', 'recipient', 'An agent that receives a communication document.'),
(78, NULL, 3, 'reproducedIn', 'reproducedIn', 'The resource in which another resource is reproduced.'),
(79, NULL, 3, 'reversedBy', 'reversedBy', 'A legal decision that reverses a ruling.'),
(80, NULL, 3, 'reviewOf', 'review of', 'Relates a review document to a reviewed thing (resource, item, etc.).'),
(81, NULL, 3, 'status', 'status', 'The publication status of (typically academic) content.'),
(82, NULL, 3, 'subsequentLegalDecision', 'subsequentLegalDecision', 'A legal decision on appeal that takes action on a case (affirming it, reversing it, etc.).'),
(83, NULL, 3, 'transcriptOf', 'transcript of', 'Relates a document to some transcribed original.'),
(84, NULL, 3, 'translationOf', 'translation of', 'Relates a translated document to the original document.'),
(85, NULL, 3, 'translator', 'translator', 'A person who translates written document from one language to another.'),
(86, NULL, 3, 'abstract', 'abstract', 'A summary of the resource.'),
(87, NULL, 3, 'argued', 'date argued', 'The date on which a legal case is argued before a court. Date is of format xsd:date'),
(88, NULL, 3, 'asin', 'asin', NULL),
(89, NULL, 3, 'chapter', 'chapter', 'An chapter number'),
(90, NULL, 3, 'coden', 'coden', NULL),
(91, NULL, 3, 'content', 'content', 'This property is for a plain-text rendering of the content of a Document. While the plain-text content of an entire document could be described by this property.'),
(92, NULL, 3, 'doi', 'doi', NULL),
(93, NULL, 3, 'eanucc13', 'eanucc13', NULL),
(94, NULL, 3, 'edition', 'edition', 'The name defining a special edition of a document. Normally its a literal value composed of a version number and words.'),
(95, NULL, 3, 'eissn', 'eissn', NULL),
(96, NULL, 3, 'gtin14', 'gtin14', NULL),
(97, NULL, 3, 'handle', 'handle', NULL),
(98, NULL, 3, 'identifier', 'identifier', NULL),
(99, NULL, 3, 'isbn', 'isbn', NULL),
(100, NULL, 3, 'isbn10', 'isbn10', NULL),
(101, NULL, 3, 'isbn13', 'isbn13', NULL),
(102, NULL, 3, 'issn', 'issn', NULL),
(103, NULL, 3, 'issue', 'issue', 'An issue number'),
(104, NULL, 3, 'lccn', 'lccn', NULL),
(105, NULL, 3, 'locator', 'locator', 'A description (often numeric) that locates an item within a containing document or collection.'),
(106, NULL, 3, 'numPages', 'number of pages', 'The number of pages contained in a document'),
(107, NULL, 3, 'numVolumes', 'number of volumes', 'The number of volumes contained in a collection of documents (usually a series, periodical, etc.).'),
(108, NULL, 3, 'number', 'number', 'A generic item or document number. Not to be confused with issue number.'),
(109, NULL, 3, 'oclcnum', 'oclcnum', NULL),
(110, NULL, 3, 'pageEnd', 'page end', 'Ending page number within a continuous page range.'),
(111, NULL, 3, 'pageStart', 'page start', 'Starting page number within a continuous page range.'),
(112, NULL, 3, 'pages', 'pages', 'A string of non-contiguous page spans that locate a Document within a Collection. Example: 23-25, 34, 54-56. For continuous page ranges, use the pageStart and pageEnd properties.'),
(113, NULL, 3, 'pmid', 'pmid', NULL),
(114, NULL, 3, 'prefixName', 'prefix name', 'The prefix of a name'),
(115, NULL, 3, 'section', 'section', 'A section number'),
(116, NULL, 3, 'shortDescription', 'shortDescription', NULL),
(117, NULL, 3, 'shortTitle', 'short title', 'The abbreviation of a title.'),
(118, NULL, 3, 'sici', 'sici', NULL),
(119, NULL, 3, 'suffixName', 'suffix name', 'The suffix of a name'),
(120, NULL, 3, 'upc', 'upc', NULL),
(121, NULL, 3, 'uri', 'uri', 'Universal Resource Identifier of a document'),
(122, NULL, 3, 'volume', 'volume', 'A volume number'),
(123, NULL, 4, 'mbox', 'personal mailbox', 'A  personal mailbox, ie. an Internet mailbox associated with exactly one owner, the first owner of this mailbox. This is a \'static inverse functional property\', in that  there is (across time and change) at most one individual that ever has any particular value for foaf:mbox.'),
(124, NULL, 4, 'mbox_sha1sum', 'sha1sum of a personal mailbox URI name', 'The sha1sum of the URI of an Internet mailbox associated with exactly one owner, the  first owner of the mailbox.'),
(125, NULL, 4, 'gender', 'gender', 'The gender of this Agent (typically but not necessarily \'male\' or \'female\').'),
(126, NULL, 4, 'geekcode', 'geekcode', 'A textual geekcode for this person, see http://www.geekcode.com/geek.html'),
(127, NULL, 4, 'dnaChecksum', 'DNA checksum', 'A checksum for the DNA of some thing. Joke.'),
(128, NULL, 4, 'sha1', 'sha1sum (hex)', 'A sha1sum hash, in hex.'),
(129, NULL, 4, 'based_near', 'based near', 'A location that something is based near, for some broadly human notion of near.'),
(130, NULL, 4, 'title', 'title', 'Title (Mr, Mrs, Ms, Dr. etc)'),
(131, NULL, 4, 'nick', 'nickname', 'A short informal nickname characterising an agent (includes login identifiers, IRC and other chat nicknames).'),
(132, NULL, 4, 'jabberID', 'jabber ID', 'A jabber ID for something.'),
(133, NULL, 4, 'aimChatID', 'AIM chat ID', 'An AIM chat ID'),
(134, NULL, 4, 'skypeID', 'Skype ID', 'A Skype ID'),
(135, NULL, 4, 'icqChatID', 'ICQ chat ID', 'An ICQ chat ID'),
(136, NULL, 4, 'yahooChatID', 'Yahoo chat ID', 'A Yahoo chat ID'),
(137, NULL, 4, 'msnChatID', 'MSN chat ID', 'An MSN chat ID'),
(138, NULL, 4, 'name', 'name', 'A name for some thing.'),
(139, NULL, 4, 'firstName', 'firstName', 'The first name of a person.'),
(140, NULL, 4, 'lastName', 'lastName', 'The last name of a person.'),
(141, NULL, 4, 'givenName', 'Given name', 'The given name of some person.'),
(142, NULL, 4, 'givenname', 'Given name', 'The given name of some person.'),
(143, NULL, 4, 'surname', 'Surname', 'The surname of some person.'),
(144, NULL, 4, 'family_name', 'family_name', 'The family name of some person.'),
(145, NULL, 4, 'familyName', 'familyName', 'The family name of some person.'),
(146, NULL, 4, 'phone', 'phone', 'A phone,  specified using fully qualified tel: URI scheme (refs: http://www.w3.org/Addressing/schemes.html#tel).'),
(147, NULL, 4, 'homepage', 'homepage', 'A homepage for some thing.'),
(148, NULL, 4, 'weblog', 'weblog', 'A weblog of some thing (whether person, group, company etc.).'),
(149, NULL, 4, 'openid', 'openid', 'An OpenID for an Agent.'),
(150, NULL, 4, 'tipjar', 'tipjar', 'A tipjar document for this agent, describing means for payment and reward.'),
(151, NULL, 4, 'plan', 'plan', 'A .plan comment, in the tradition of finger and \'.plan\' files.'),
(152, NULL, 4, 'made', 'made', 'Something that was made by this agent.'),
(153, NULL, 4, 'maker', 'maker', 'An agent that  made this thing.'),
(154, NULL, 4, 'img', 'image', 'An image that can be used to represent some thing (ie. those depictions which are particularly representative of something, eg. one\'s photo on a homepage).'),
(155, NULL, 4, 'depiction', 'depiction', 'A depiction of some thing.'),
(156, NULL, 4, 'depicts', 'depicts', 'A thing depicted in this representation.'),
(157, NULL, 4, 'thumbnail', 'thumbnail', 'A derived thumbnail image.'),
(158, NULL, 4, 'myersBriggs', 'myersBriggs', 'A Myers Briggs (MBTI) personality classification.'),
(159, NULL, 4, 'workplaceHomepage', 'workplace homepage', 'A workplace homepage of some person; the homepage of an organization they work for.'),
(160, NULL, 4, 'workInfoHomepage', 'work info homepage', 'A work info homepage of some person; a page about their work for some organization.'),
(161, NULL, 4, 'schoolHomepage', 'schoolHomepage', 'A homepage of a school attended by the person.'),
(162, NULL, 4, 'knows', 'knows', 'A person known by this person (indicating some level of reciprocated interaction between the parties).'),
(163, NULL, 4, 'interest', 'interest', 'A page about a topic of interest to this person.'),
(164, NULL, 4, 'topic_interest', 'topic_interest', 'A thing of interest to this person.'),
(165, NULL, 4, 'publications', 'publications', 'A link to the publications of this person.'),
(166, NULL, 4, 'currentProject', 'current project', 'A current project this person works on.'),
(167, NULL, 4, 'pastProject', 'past project', 'A project this person has previously worked on.'),
(168, NULL, 4, 'fundedBy', 'funded by', 'An organization funding a project or person.'),
(169, NULL, 4, 'logo', 'logo', 'A logo representing some thing.'),
(170, NULL, 4, 'topic', 'topic', 'A topic of some page or document.'),
(171, NULL, 4, 'primaryTopic', 'primary topic', 'The primary topic of some page or document.'),
(172, NULL, 4, 'focus', 'focus', 'The underlying or \'focal\' entity associated with some SKOS-described concept.'),
(173, NULL, 4, 'isPrimaryTopicOf', 'is primary topic of', 'A document that this thing is the primary topic of.'),
(174, NULL, 4, 'page', 'page', 'A page or document about this thing.'),
(175, NULL, 4, 'theme', 'theme', 'A theme.'),
(176, NULL, 4, 'account', 'account', 'Indicates an account held by this agent.'),
(177, NULL, 4, 'holdsAccount', 'account', 'Indicates an account held by this agent.'),
(178, NULL, 4, 'accountServiceHomepage', 'account service homepage', 'Indicates a homepage of the service provide for this online account.'),
(179, NULL, 4, 'accountName', 'account name', 'Indicates the name (identifier) associated with this online account.'),
(180, NULL, 4, 'member', 'member', 'Indicates a member of a Group'),
(181, NULL, 4, 'membershipClass', 'membershipClass', 'Indicates the class of individuals that are a member of a Group'),
(182, NULL, 4, 'birthday', 'birthday', 'The birthday of this Agent, represented in mm-dd string form, eg. \'12-31\'.'),
(183, NULL, 4, 'age', 'age', 'The age in years of some agent.'),
(184, NULL, 4, 'status', 'status', 'A string expressing what the user is happy for the general public (normally) to know about their current activity.'),
(265, 2, 10, 'firstName', 'First Name', NULL),
(266, 2, 10, 'lastName', 'Last Name', NULL),
(267, 2, 10, 'email', 'Email', NULL),
(268, 2, 10, 'password', 'Password', NULL),
(269, 2, 10, 'name', 'Name', NULL),
(270, 2, 10, 'description', 'Description', NULL),
(271, 2, 10, 'link', 'Link', NULL),
(272, 2, 10, 'logo', 'Logo', NULL),
(273, 2, 10, 'image', 'Image', NULL),
(274, 2, 10, 'steps', 'Steps', NULL),
(275, 2, 10, 'cookingTime', 'Cooking Time', NULL),
(276, 2, 10, 'preparationTime', 'Preparation Time', NULL),
(277, 2, 10, 'calories', 'Calories', NULL),
(278, 2, 10, 'difficulty', 'Difficulty', NULL),
(279, 2, 10, 'createdBy', 'Created By', NULL),
(280, 2, 10, 'hasIngredient', 'Has Ingredient', NULL),
(281, 2, 10, 'title', 'Title', NULL),
(282, 2, 10, 'nutritionalInfo', 'Nutritional Info', NULL),
(283, 2, 10, 'isHealthy', 'Is Healthy', NULL),
(284, 2, 10, 'ratedBy', 'Rated By', NULL),
(285, 2, 10, 'ratesRecipe', 'Rates Recipe', NULL),
(286, 2, 10, 'ratingValue', 'Rating Value', NULL),
(287, 2, 10, 'recipe', 'Recipe', NULL),
(288, 2, 10, 'ingredient', 'Ingredient', NULL),
(289, 2, 10, 'quantity', 'Quantity', NULL),
(290, 2, 10, 'note', 'Note', NULL),
(291, 2, 10, 'content', 'Content', NULL),
(292, 2, 10, 'role', 'Role', NULL),
(293, 2, 10, 'belongsToSession', 'Belongs To Session', NULL),
(294, 2, 10, 'belongsToUser', 'Belongs To User', NULL),
(295, 2, 10, 'threadSlug', 'Thread Slug', NULL),
(296, 2, 10, 'hasVoiceRecording', 'Has Voice Recording', NULL),
(297, 2, 11, 'nom', 'nom', NULL),
(298, 2, 11, 'courriel', 'courriel', NULL),
(299, 2, 11, 'code', 'code', NULL),
(300, 2, 11, 'credits', 'credits', NULL),
(301, 2, 11, 'noteValeur', 'noteValeur', NULL),
(302, 2, 11, 'estInscrit', 'estInscrit', 'Relation : l\'étudiant a une inscription'),
(303, 2, 11, 'pourCours', 'pourCours', 'Relation : l\'inscription concerne un cours'),
(304, 2, 11, 'contientInscription', 'contientInscription', 'Relation : le cours contient des inscriptions'),
(305, 2, 11, 'enseigne', 'enseigne', 'L\'enseignant enseigne le cours');

-- --------------------------------------------------------

--
-- Table structure for table `resource`
--

CREATE TABLE `resource` (
  `id` int NOT NULL,
  `owner_id` int DEFAULT NULL,
  `resource_class_id` int DEFAULT NULL,
  `resource_template_id` int DEFAULT NULL,
  `thumbnail_id` int DEFAULT NULL,
  `title` longtext CHARACTER SET utf8mb4 COLLATE utf8mb4_unicode_ci,
  `is_public` tinyint(1) NOT NULL,
  `created` datetime NOT NULL,
  `modified` datetime DEFAULT NULL,
  `resource_type` varchar(255) CHARACTER SET utf8mb4 COLLATE utf8mb4_unicode_ci NOT NULL
) ENGINE=InnoDB DEFAULT CHARSET=utf8mb4 COLLATE=utf8mb4_unicode_ci;

--
-- Dumping data for table `resource`
--

INSERT INTO `resource` (`id`, `owner_id`, `resource_class_id`, `resource_template_id`, `thumbnail_id`, `title`, `is_public`, `created`, `modified`, `resource_type`) VALUES
(287, 2, 146, NULL, NULL, 'Benakcha Iheb Chaker', 1, '2025-12-09 10:42:03', '2025-12-09 10:42:03', 'Omeka\\Entity\\Item'),
(288, 2, 146, NULL, NULL, 'Jane Doe', 1, '2025-12-09 10:42:21', '2025-12-09 10:42:21', 'Omeka\\Entity\\Item'),
(289, 2, 146, NULL, NULL, 'Foo Bar', 1, '2025-12-09 10:42:38', '2025-12-09 10:42:38', 'Omeka\\Entity\\Item'),
(290, 2, 146, NULL, NULL, 'Jhon Doe', 1, '2025-12-09 10:42:56', '2025-12-09 10:42:56', 'Omeka\\Entity\\Item'),
(291, 2, 147, NULL, NULL, 'Méthodes Agiles', 1, '2025-12-09 10:43:27', '2025-12-09 10:43:27', 'Omeka\\Entity\\Item'),
(292, 2, 147, NULL, NULL, 'Compilation', 1, '2025-12-09 10:43:50', '2025-12-09 10:43:50', 'Omeka\\Entity\\Item'),
(293, 2, 147, NULL, NULL, 'Analyse de données', 1, '2025-12-09 10:44:23', '2025-12-09 10:44:23', 'Omeka\\Entity\\Item'),
(294, 2, 147, NULL, NULL, 'Interface Homme Machine', 1, '2025-12-09 10:44:58', '2025-12-09 10:44:58', 'Omeka\\Entity\\Item'),
(295, 2, 150, NULL, NULL, 'Inscription INSCR-1765277111082', 1, '2025-12-09 10:45:11', '2025-12-09 10:45:11', 'Omeka\\Entity\\Item'),
(296, 2, 150, NULL, NULL, 'Inscription INSCR-1765277121383', 1, '2025-12-09 10:45:21', '2025-12-09 10:45:21', 'Omeka\\Entity\\Item'),
(297, 2, 150, NULL, NULL, 'Inscription INSCR-1765277129173', 1, '2025-12-09 10:45:29', '2025-12-09 10:45:29', 'Omeka\\Entity\\Item');

-- --------------------------------------------------------

--
-- Table structure for table `resource_class`
--

CREATE TABLE `resource_class` (
  `id` int NOT NULL,
  `owner_id` int DEFAULT NULL,
  `vocabulary_id` int NOT NULL,
  `local_name` varchar(190) CHARACTER SET utf8mb4 COLLATE utf8mb4_bin NOT NULL,
  `label` varchar(255) CHARACTER SET utf8mb4 COLLATE utf8mb4_unicode_ci NOT NULL,
  `comment` longtext CHARACTER SET utf8mb4 COLLATE utf8mb4_unicode_ci
) ENGINE=InnoDB DEFAULT CHARSET=utf8mb4 COLLATE=utf8mb4_unicode_ci;

--
-- Dumping data for table `resource_class`
--

INSERT INTO `resource_class` (`id`, `owner_id`, `vocabulary_id`, `local_name`, `label`, `comment`) VALUES
(1, NULL, 1, 'Agent', 'Agent', 'A resource that acts or has the power to act.'),
(2, NULL, 1, 'AgentClass', 'Agent Class', 'A group of agents.'),
(3, NULL, 1, 'BibliographicResource', 'Bibliographic Resource', 'A book, article, or other documentary resource.'),
(4, NULL, 1, 'FileFormat', 'File Format', 'A digital resource format.'),
(5, NULL, 1, 'Frequency', 'Frequency', 'A rate at which something recurs.'),
(6, NULL, 1, 'Jurisdiction', 'Jurisdiction', 'The extent or range of judicial, law enforcement, or other authority.'),
(7, NULL, 1, 'LicenseDocument', 'License Document', 'A legal document giving official permission to do something with a Resource.'),
(8, NULL, 1, 'LinguisticSystem', 'Linguistic System', 'A system of signs, symbols, sounds, gestures, or rules used in communication.'),
(9, NULL, 1, 'Location', 'Location', 'A spatial region or named place.'),
(10, NULL, 1, 'LocationPeriodOrJurisdiction', 'Location, Period, or Jurisdiction', 'A location, period of time, or jurisdiction.'),
(11, NULL, 1, 'MediaType', 'Media Type', 'A file format or physical medium.'),
(12, NULL, 1, 'MediaTypeOrExtent', 'Media Type or Extent', 'A media type or extent.'),
(13, NULL, 1, 'MethodOfInstruction', 'Method of Instruction', 'A process that is used to engender knowledge, attitudes, and skills.'),
(14, NULL, 1, 'MethodOfAccrual', 'Method of Accrual', 'A method by which resources are added to a collection.'),
(15, NULL, 1, 'PeriodOfTime', 'Period of Time', 'An interval of time that is named or defined by its start and end dates.'),
(16, NULL, 1, 'PhysicalMedium', 'Physical Medium', 'A physical material or carrier.'),
(17, NULL, 1, 'PhysicalResource', 'Physical Resource', 'A material thing.'),
(18, NULL, 1, 'Policy', 'Policy', 'A plan or course of action by an authority, intended to influence and determine decisions, actions, and other matters.'),
(19, NULL, 1, 'ProvenanceStatement', 'Provenance Statement', 'A statement of any changes in ownership and custody of a resource since its creation that are significant for its authenticity, integrity, and interpretation.'),
(20, NULL, 1, 'RightsStatement', 'Rights Statement', 'A statement about the intellectual property rights (IPR) held in or over a Resource, a legal document giving official permission to do something with a resource, or a statement about access rights.'),
(21, NULL, 1, 'SizeOrDuration', 'Size or Duration', 'A dimension or extent, or a time taken to play or execute.'),
(22, NULL, 1, 'Standard', 'Standard', 'A basis for comparison; a reference point against which other things can be evaluated.'),
(23, NULL, 2, 'Collection', 'Collection', 'An aggregation of resources.'),
(24, NULL, 2, 'Dataset', 'Dataset', 'Data encoded in a defined structure.'),
(25, NULL, 2, 'Event', 'Event', 'A non-persistent, time-based occurrence.'),
(26, NULL, 2, 'Image', 'Image', 'A visual representation other than text.'),
(27, NULL, 2, 'InteractiveResource', 'Interactive Resource', 'A resource requiring interaction from the user to be understood, executed, or experienced.'),
(28, NULL, 2, 'Service', 'Service', 'A system that provides one or more functions.'),
(29, NULL, 2, 'Software', 'Software', 'A computer program in source or compiled form.'),
(30, NULL, 2, 'Sound', 'Sound', 'A resource primarily intended to be heard.'),
(31, NULL, 2, 'Text', 'Text', 'A resource consisting primarily of words for reading.'),
(32, NULL, 2, 'PhysicalObject', 'Physical Object', 'An inanimate, three-dimensional object or substance.'),
(33, NULL, 2, 'StillImage', 'Still Image', 'A static visual representation.'),
(34, NULL, 2, 'MovingImage', 'Moving Image', 'A series of visual representations imparting an impression of motion when shown in succession.'),
(35, NULL, 3, 'AcademicArticle', 'Academic Article', 'A scholarly academic article, typically published in a journal.'),
(36, NULL, 3, 'Article', 'Article', 'A written composition in prose, usually nonfiction, on a specific topic, forming an independent part of a book or other publication, as a newspaper or magazine.'),
(37, NULL, 3, 'AudioDocument', 'audio document', 'An audio document; aka record.'),
(38, NULL, 3, 'AudioVisualDocument', 'audio-visual document', 'An audio-visual document; film, video, and so forth.'),
(39, NULL, 3, 'Bill', 'Bill', 'Draft legislation presented for discussion to a legal body.'),
(40, NULL, 3, 'Book', 'Book', 'A written or printed work of fiction or nonfiction, usually on sheets of paper fastened or bound together within covers.'),
(41, NULL, 3, 'BookSection', 'Book Section', 'A section of a book.'),
(42, NULL, 3, 'Brief', 'Brief', 'A written argument submitted to a court.'),
(43, NULL, 3, 'Chapter', 'Chapter', 'A chapter of a book.'),
(44, NULL, 3, 'Code', 'Code', 'A collection of statutes.'),
(45, NULL, 3, 'CollectedDocument', 'Collected Document', 'A document that simultaneously contains other documents.'),
(46, NULL, 3, 'Collection', 'Collection', 'A collection of Documents or Collections'),
(47, NULL, 3, 'Conference', 'Conference', 'A meeting for consultation or discussion.'),
(48, NULL, 3, 'CourtReporter', 'Court Reporter', 'A collection of legal cases.'),
(49, NULL, 3, 'Document', 'Document', 'A document (noun) is a bounded physical representation of body of information designed with the capacity (and usually intent) to communicate. A document may manifest symbolic, diagrammatic or sensory-representational information.'),
(50, NULL, 3, 'DocumentPart', 'document part', 'a distinct part of a larger document or collected document.'),
(51, NULL, 3, 'DocumentStatus', 'Document Status', 'The status of the publication of a document.'),
(52, NULL, 3, 'EditedBook', 'Edited Book', 'An edited book.'),
(53, NULL, 3, 'Email', 'EMail', 'A written communication addressed to a person or organization and transmitted electronically.'),
(54, NULL, 3, 'Event', 'Event', NULL),
(55, NULL, 3, 'Excerpt', 'Excerpt', 'A passage selected from a larger work.'),
(56, NULL, 3, 'Film', 'Film', 'aka movie.'),
(57, NULL, 3, 'Hearing', 'Hearing', 'An instance or a session in which testimony and arguments are presented, esp. before an official, as a judge in a lawsuit.'),
(58, NULL, 3, 'Image', 'Image', 'A document that presents visual or diagrammatic information.'),
(59, NULL, 3, 'Interview', 'Interview', 'A formalized discussion between two or more people.'),
(60, NULL, 3, 'Issue', 'Issue', 'something that is printed or published and distributed, esp. a given number of a periodical'),
(61, NULL, 3, 'Journal', 'Journal', 'A periodical of scholarly journal Articles.'),
(62, NULL, 3, 'LegalCaseDocument', 'Legal Case Document', 'A document accompanying a legal case.'),
(63, NULL, 3, 'LegalDecision', 'Decision', 'A document containing an authoritative determination (as a decree or judgment) made after consideration of facts or law.'),
(64, NULL, 3, 'LegalDocument', 'Legal Document', 'A legal document; for example, a court decision, a brief, and so forth.'),
(65, NULL, 3, 'Legislation', 'Legislation', 'A legal document proposing or enacting a law or a group of laws.'),
(66, NULL, 3, 'Letter', 'Letter', 'A written or printed communication addressed to a person or organization and usually transmitted by mail.'),
(67, NULL, 3, 'Magazine', 'Magazine', 'A periodical of magazine Articles. A magazine is a publication that is issued periodically, usually bound in a paper cover, and typically contains essays, stories, poems, etc., by many writers, and often photographs and drawings, frequently specializing in a particular subject or area, as hobbies, news, or sports.'),
(68, NULL, 3, 'Manual', 'Manual', 'A small reference book, especially one giving instructions.'),
(69, NULL, 3, 'Manuscript', 'Manuscript', 'An unpublished Document, which may also be submitted to a publisher for publication.'),
(70, NULL, 3, 'Map', 'Map', 'A graphical depiction of geographic features.'),
(71, NULL, 3, 'MultiVolumeBook', 'Multivolume Book', 'A loose, thematic, collection of Documents, often Books.'),
(72, NULL, 3, 'Newspaper', 'Newspaper', 'A periodical of documents, usually issued daily or weekly, containing current news, editorials, feature articles, and usually advertising.'),
(73, NULL, 3, 'Note', 'Note', 'Notes or annotations about a resource.'),
(74, NULL, 3, 'Patent', 'Patent', 'A document describing the exclusive right granted by a government to an inventor to manufacture, use, or sell an invention for a certain number of years.'),
(75, NULL, 3, 'Performance', 'Performance', 'A public performance.'),
(76, NULL, 3, 'Periodical', 'Periodical', 'A group of related documents issued at regular intervals.'),
(77, NULL, 3, 'PersonalCommunication', 'Personal Communication', 'A communication between an agent and one or more specific recipients.'),
(78, NULL, 3, 'PersonalCommunicationDocument', 'Personal Communication Document', 'A personal communication manifested in some document.'),
(79, NULL, 3, 'Proceedings', 'Proceedings', 'A compilation of documents published from an event, such as a conference.'),
(80, NULL, 3, 'Quote', 'Quote', 'An excerpted collection of words.'),
(81, NULL, 3, 'ReferenceSource', 'Reference Source', 'A document that presents authoritative reference information, such as a dictionary or encylopedia .'),
(82, NULL, 3, 'Report', 'Report', 'A document describing an account or statement describing in detail an event, situation, or the like, usually as the result of observation, inquiry, etc..'),
(83, NULL, 3, 'Series', 'Series', 'A loose, thematic, collection of Documents, often Books.'),
(84, NULL, 3, 'Slide', 'Slide', 'A slide in a slideshow'),
(85, NULL, 3, 'Slideshow', 'Slideshow', 'A presentation of a series of slides, usually presented in front of an audience with written text and images.'),
(86, NULL, 3, 'Standard', 'Standard', 'A document describing a standard'),
(87, NULL, 3, 'Statute', 'Statute', 'A bill enacted into law.'),
(88, NULL, 3, 'Thesis', 'Thesis', 'A document created to summarize research findings associated with the completion of an academic degree.'),
(89, NULL, 3, 'ThesisDegree', 'Thesis degree', 'The academic degree of a Thesis'),
(90, NULL, 3, 'Webpage', 'Webpage', 'A web page is an online document available (at least initially) on the world wide web. A web page is written first and foremost to appear on the web, as distinct from other online resources such as books, manuscripts or audio documents which use the web primarily as a distribution mechanism alongside other more traditional methods such as print.'),
(91, NULL, 3, 'Website', 'Website', 'A group of Webpages accessible on the Web.'),
(92, NULL, 3, 'Workshop', 'Workshop', 'A seminar, discussion group, or the like, that emphasizes zxchange of ideas and the demonstration and application of techniques, skills, etc.'),
(93, NULL, 4, 'LabelProperty', 'Label Property', 'A foaf:LabelProperty is any RDF property with texual values that serve as labels.'),
(94, NULL, 4, 'Person', 'Person', 'A person.'),
(95, NULL, 4, 'Document', 'Document', 'A document.'),
(96, NULL, 4, 'Organization', 'Organization', 'An organization.'),
(97, NULL, 4, 'Group', 'Group', 'A class of Agents.'),
(98, NULL, 4, 'Agent', 'Agent', 'An agent (eg. person, group, software or physical artifact).'),
(99, NULL, 4, 'Project', 'Project', 'A project (a collective endeavour of some kind).'),
(100, NULL, 4, 'Image', 'Image', 'An image.'),
(101, NULL, 4, 'PersonalProfileDocument', 'PersonalProfileDocument', 'A personal profile RDF document.'),
(102, NULL, 4, 'OnlineAccount', 'Online Account', 'An online account.'),
(103, NULL, 4, 'OnlineGamingAccount', 'Online Gaming Account', 'An online gaming account.'),
(104, NULL, 4, 'OnlineEcommerceAccount', 'Online E-commerce Account', 'An online e-commerce account.'),
(105, NULL, 4, 'OnlineChatAccount', 'Online Chat Account', 'An online chat account.'),
(137, 2, 10, 'Recipe', 'Recipe', NULL),
(138, 2, 10, 'User', 'User', NULL),
(139, 2, 10, 'SocialMediaLink', 'SocialMediaLink', NULL),
(140, 2, 10, 'Rating', 'Rating', NULL),
(141, 2, 10, 'Post', 'Post', NULL),
(142, 2, 10, 'Ingredient', 'Ingredient', NULL),
(143, 2, 10, 'RecipeIngredient', 'RecipeIngredient', NULL),
(144, 2, 10, 'ChatSession', 'ChatSession', NULL),
(145, 2, 10, 'ChatMessage', 'ChatMessage', NULL),
(146, 2, 11, 'Etudiant', 'Etudiant', NULL),
(147, 2, 11, 'Cours', 'Cours', NULL),
(148, 2, 11, 'Enseignant', 'Enseignant', NULL),
(149, 2, 11, 'Note', 'Note', NULL),
(150, 2, 11, 'Inscription', 'Inscription', NULL);

-- --------------------------------------------------------

--
-- Table structure for table `resource_template`
--

CREATE TABLE `resource_template` (
  `id` int NOT NULL,
  `owner_id` int DEFAULT NULL,
  `resource_class_id` int DEFAULT NULL,
  `title_property_id` int DEFAULT NULL,
  `description_property_id` int DEFAULT NULL,
  `label` varchar(190) CHARACTER SET utf8mb4 COLLATE utf8mb4_unicode_ci NOT NULL
) ENGINE=InnoDB DEFAULT CHARSET=utf8mb4 COLLATE=utf8mb4_unicode_ci;

--
-- Dumping data for table `resource_template`
--

INSERT INTO `resource_template` (`id`, `owner_id`, `resource_class_id`, `title_property_id`, `description_property_id`, `label`) VALUES
(12, 2, 146, 140, NULL, 'Etudiant'),
(14, 2, 147, 297, NULL, 'Cours'),
(16, 2, 150, 301, NULL, 'Inscription');

-- --------------------------------------------------------

--
-- Table structure for table `resource_template_property`
--

CREATE TABLE `resource_template_property` (
  `id` int NOT NULL,
  `resource_template_id` int NOT NULL,
  `property_id` int NOT NULL,
  `alternate_label` varchar(255) CHARACTER SET utf8mb4 COLLATE utf8mb4_unicode_ci DEFAULT NULL,
  `alternate_comment` longtext CHARACTER SET utf8mb4 COLLATE utf8mb4_unicode_ci,
  `position` int DEFAULT NULL,
  `data_type` longtext CHARACTER SET utf8mb4 COLLATE utf8mb4_unicode_ci COMMENT '(DC2Type:json_array)',
  `is_required` tinyint(1) NOT NULL,
  `is_private` tinyint(1) NOT NULL,
  `default_lang` varchar(255) CHARACTER SET utf8mb4 COLLATE utf8mb4_unicode_ci DEFAULT NULL
) ENGINE=InnoDB DEFAULT CHARSET=utf8mb4 COLLATE=utf8mb4_unicode_ci;

--
-- Dumping data for table `resource_template_property`
--

INSERT INTO `resource_template_property` (`id`, `resource_template_id`, `property_id`, `alternate_label`, `alternate_comment`, `position`, `data_type`, `is_required`, `is_private`, `default_lang`) VALUES
(60, 12, 140, NULL, NULL, 1, NULL, 0, 0, NULL),
(61, 12, 139, NULL, NULL, 2, NULL, 0, 0, NULL),
(68, 14, 4, NULL, NULL, 2, NULL, 0, 0, NULL),
(74, 14, 297, NULL, NULL, 1, NULL, 0, 0, NULL),
(75, 14, 300, NULL, NULL, 3, NULL, 0, 0, NULL),
(76, 14, 304, NULL, NULL, 4, NULL, 0, 0, NULL),
(78, 12, 298, NULL, NULL, 3, NULL, 0, 0, NULL),
(79, 12, 302, NULL, NULL, 4, NULL, 0, 0, NULL),
(80, 16, 301, NULL, NULL, 1, NULL, 0, 0, NULL),
(81, 16, 4, NULL, NULL, 2, NULL, 0, 0, NULL),
(82, 16, 303, NULL, NULL, 3, NULL, 0, 0, NULL);

-- --------------------------------------------------------

--
-- Table structure for table `session`
--

CREATE TABLE `session` (
  `id` varchar(190) CHARACTER SET utf8mb4 COLLATE utf8mb4_unicode_ci NOT NULL,
  `data` longblob NOT NULL,
  `modified` int NOT NULL
) ENGINE=InnoDB DEFAULT CHARSET=utf8mb4 COLLATE=utf8mb4_unicode_ci;

--
-- Dumping data for table `session`
--

INSERT INTO `session` (`id`, `data`, `modified`) VALUES
('03eotrhbtigadk23pvt88l7daa', 0x5f5f4c616d696e61737c613a323a7b733a32303a225f524551554553545f4143434553535f54494d45223b643a313736353233323636302e3036343034313b733a363a225f56414c4944223b613a313a7b733a32383a224c616d696e61735c53657373696f6e5c56616c696461746f725c4964223b733a32363a223033656f7472686274696761646b323370767438386c37646161223b7d7d, 1765232660),
('03vt3f1mvhh96slm4ddtbv8lfv', 0x5f5f4c616d696e61737c613a323a7b733a32303a225f524551554553545f4143434553535f54494d45223b643a313736353233323636302e3638333637313b733a363a225f56414c4944223b613a313a7b733a32383a224c616d696e61735c53657373696f6e5c56616c696461746f725c4964223b733a32363a22303376743366316d7668683936736c6d346464746276386c6676223b7d7d, 1765232660),
('042grss9bun6gk2tpjg1m1k1l3', 0x5f5f4c616d696e61737c613a323a7b733a32303a225f524551554553545f4143434553535f54494d45223b643a313736353232363930312e3637313734363b733a363a225f56414c4944223b613a313a7b733a32383a224c616d696e61735c53657373696f6e5c56616c696461746f725c4964223b733a32363a22303432677273733962756e36676b3274706a67316d316b316c33223b7d7d, 1765226901),
('08hit778ttb4gmte5gfggdju49', 0x5f5f4c616d696e61737c613a323a7b733a32303a225f524551554553545f4143434553535f54494d45223b643a313736353233333731392e3630303735353b733a363a225f56414c4944223b613a313a7b733a32383a224c616d696e61735c53657373696f6e5c56616c696461746f725c4964223b733a32363a22303868697437373874746234676d74653567666767646a753439223b7d7d, 1765233719),
('0qn763p9tt5bhp7m749o499qjc', 0x5f5f4c616d696e61737c613a333a7b733a32303a225f524551554553545f4143434553535f54494d45223b643a313736353232333638362e3539323239393b733a363a225f56414c4944223b613a313a7b733a32383a224c616d696e61735c53657373696f6e5c56616c696461746f725c4964223b733a32363a2230716e3736337039747435626870376d3734396f343939716a63223b7d733a34323a224c616d696e61735f56616c696461746f725f437372665f73616c745f6c6f67696e666f726d5f63737266223b613a313a7b733a363a22455850495245223b693a313736353236363838363b7d7d4c616d696e61735f56616c696461746f725f437372665f73616c745f6c6f67696e666f726d5f637372667c4f3a32363a224c616d696e61735c5374646c69625c41727261794f626a656374223a343a7b733a373a2273746f72616765223b613a323a7b733a393a22746f6b656e4c697374223b613a313a7b733a33323a226438346566663633663662323662323236323730666533313035326565306363223b733a33323a226131393064646334653161383163663165393630323036303232316161613932223b7d733a343a2268617368223b733a36353a2261313930646463346531613831636631653936303230363032323161616139322d6438346566663633663662323662323236323730666533313035326565306363223b7d733a343a22666c6167223b693a323b733a31333a226974657261746f72436c617373223b733a31333a2241727261794974657261746f72223b733a31393a2270726f74656374656450726f70657274696573223b613a343a7b693a303b733a373a2273746f72616765223b693a313b733a343a22666c6167223b693a323b733a31333a226974657261746f72436c617373223b693a333b733a31393a2270726f74656374656450726f70657274696573223b7d7d, 1765223686),
('0seabnkv76u85vm4e35mhv9ct1', 0x5f5f4c616d696e61737c613a323a7b733a32303a225f524551554553545f4143434553535f54494d45223b643a313736353233323635382e3638303435373b733a363a225f56414c4944223b613a313a7b733a32383a224c616d696e61735c53657373696f6e5c56616c696461746f725c4964223b733a32363a2230736561626e6b763736753835766d346533356d687639637431223b7d7d, 1765232658),
('1547aqi1k3vrsb5vcsfev1hcci', 0x5f5f4c616d696e61737c613a323a7b733a32303a225f524551554553545f4143434553535f54494d45223b643a313736353232393037332e3537363035333b733a363a225f56414c4944223b613a313a7b733a32383a224c616d696e61735c53657373696f6e5c56616c696461746f725c4964223b733a32363a2231353437617169316b3376727362357663736665763168636369223b7d7d, 1765229073),
('15us28uvnnl6nksf74ikqlip0r', 0x5f5f4c616d696e61737c613a323a7b733a32303a225f524551554553545f4143434553535f54494d45223b643a313736353233343437352e3337343739313b733a363a225f56414c4944223b613a313a7b733a32383a224c616d696e61735c53657373696f6e5c56616c696461746f725c4964223b733a32363a2231357573323875766e6e6c366e6b73663734696b716c69703072223b7d7d, 1765234475),
('1acscc9bhvlvbemc1pu8epsmt6', 0x5f5f4c616d696e61737c613a323a7b733a32303a225f524551554553545f4143434553535f54494d45223b643a313736353233333630312e3238393030363b733a363a225f56414c4944223b613a313a7b733a32383a224c616d696e61735c53657373696f6e5c56616c696461746f725c4964223b733a32363a22316163736363396268766c7662656d63317075386570736d7436223b7d7d, 1765233601),
('1nq2lnsmerhuhbucf6l6skk3p2', 0x5f5f4c616d696e61737c613a323a7b733a32303a225f524551554553545f4143434553535f54494d45223b643a313736353232363239342e31353236373b733a363a225f56414c4944223b613a313a7b733a32383a224c616d696e61735c53657373696f6e5c56616c696461746f725c4964223b733a32363a22316e71326c6e736d657268756862756366366c36736b6b337032223b7d7d, 1765226294),
('1t1nvau6rnjf1q26h2c10rmuk0', 0x5f5f4c616d696e61737c613a323a7b733a32303a225f524551554553545f4143434553535f54494d45223b643a313736353233333632312e3335313633313b733a363a225f56414c4944223b613a313a7b733a32383a224c616d696e61735c53657373696f6e5c56616c696461746f725c4964223b733a32363a223174316e76617536726e6a66317132366832633130726d756b30223b7d7d, 1765233621),
('2a5c8llq8ispkr5arajg1d5ko0', 0x5f5f4c616d696e61737c613a323a7b733a32303a225f524551554553545f4143434553535f54494d45223b643a313736353232323737382e3836363339393b733a363a225f56414c4944223b613a313a7b733a32383a224c616d696e61735c53657373696f6e5c56616c696461746f725c4964223b733a32363a2232613563386c6c71386973706b72356172616a673164356b6f30223b7d7d, 1765222778),
('2a87n47h80u715eu2cgl71g481', 0x5f5f4c616d696e61737c613a323a7b733a32303a225f524551554553545f4143434553535f54494d45223b643a313736353233333433362e3236353736363b733a363a225f56414c4944223b613a313a7b733a32383a224c616d696e61735c53657373696f6e5c56616c696461746f725c4964223b733a32363a22326138376e34376838307537313565753263676c373167343831223b7d7d, 1765233436),
('2a8j65f83bo1fajo4mdega3546', 0x5f5f4c616d696e61737c613a363a7b733a32303a225f524551554553545f4143434553535f54494d45223b643a313736353233353432372e3535373631373b733a363a225f56414c4944223b613a313a7b733a32383a224c616d696e61735c53657373696f6e5c56616c696461746f725c4964223b733a32363a2233683470366d30736e656b30666b646966686f37383137687469223b7d733a34323a224c616d696e61735f56616c696461746f725f437372665f73616c745f6c6f67696e666f726d5f63737266223b613a313a7b733a363a22455850495245223b693a313736353237373738303b7d733a34343a224c616d696e61735f56616c696461746f725f437372665f73616c745f636f6e6669726d666f726d5f63737266223b613a313a7b733a363a22455850495245223b693a313736353237373739353b7d733a33323a224c616d696e61735f56616c696461746f725f437372665f73616c745f63737266223b613a313a7b733a363a22455850495245223b693a313736353237383632363b7d733a35383a224c616d696e61735f56616c696461746f725f437372665f73616c745f6d6f64756c655f4d794d6f64756c655f636f6e6669677572655f63737266223b613a313a7b733a363a22455850495245223b693a313736353237383632373b7d7d4c616d696e61735f56616c696461746f725f437372665f73616c745f6c6f67696e666f726d5f637372667c4f3a32363a224c616d696e61735c5374646c69625c41727261794f626a656374223a343a7b733a373a2273746f72616765223b613a323a7b733a393a22746f6b656e4c697374223b613a313a7b733a33323a223837393637386237646330643435383932323634393339333166623864326463223b733a33323a226630303139303461316437633137666633363032363261383062346430363837223b7d733a343a2268617368223b733a36353a2266303031393034613164376331376666333630323632613830623464303638372d3837393637386237646330643435383932323634393339333166623864326463223b7d733a343a22666c6167223b693a323b733a31333a226974657261746f72436c617373223b733a31333a2241727261794974657261746f72223b733a31393a2270726f74656374656450726f70657274696573223b613a343a7b693a303b733a373a2273746f72616765223b693a313b733a343a22666c6167223b693a323b733a31333a226974657261746f72436c617373223b693a333b733a31393a2270726f74656374656450726f70657274696573223b7d7d4c616d696e61735f417574687c4f3a32363a224c616d696e61735c5374646c69625c41727261794f626a656374223a343a7b733a373a2273746f72616765223b613a313a7b733a373a2273746f72616765223b693a323b7d733a343a22666c6167223b693a323b733a31333a226974657261746f72436c617373223b733a31333a2241727261794974657261746f72223b733a31393a2270726f74656374656450726f70657274696573223b613a343a7b693a303b733a373a2273746f72616765223b693a313b733a343a22666c6167223b693a323b733a31333a226974657261746f72436c617373223b693a333b733a31393a2270726f74656374656450726f70657274696573223b7d7d4f6d656b614d657373656e6765727c4f3a32363a224c616d696e61735c5374646c69625c41727261794f626a656374223a343a7b733a373a2273746f72616765223b613a303a7b7d733a343a22666c6167223b693a323b733a31333a226974657261746f72436c617373223b733a31333a2241727261794974657261746f72223b733a31393a2270726f74656374656450726f70657274696573223b613a343a7b693a303b733a373a2273746f72616765223b693a313b733a343a22666c6167223b693a323b733a31333a226974657261746f72436c617373223b693a333b733a31393a2270726f74656374656450726f70657274696573223b7d7d72656469726563745f75726c7c4e3b4c616d696e61735f56616c696461746f725f437372665f73616c745f636f6e6669726d666f726d5f637372667c4f3a32363a224c616d696e61735c5374646c69625c41727261794f626a656374223a343a7b733a373a2273746f72616765223b613a323a7b733a393a22746f6b656e4c697374223b613a343a7b733a33323a226236623136313135346237393865303535636537316264303136396237306562223b733a33323a223662383033356137343761393236366365333531373135623565633764383130223b733a33323a223032363766623538373436326337313039633263633832386465316235303963223b733a33323a226665303631653036633636386330326165306633646631663062313462376637223b733a33323a226664366437323564376237313934633161653136653262353931383737376232223b733a33323a223439393234326239306535393737373630313632343366646433346365366337223b733a33323a226330626233653238386537616430643339643835383161643663386663363938223b733a33323a223765643964613136346536366235656235346435623064613465393461306566223b7d733a343a2268617368223b733a36353a2237656439646131363465363662356562353464356230646134653934613065662d6330626233653238386537616430643339643835383161643663386663363938223b7d733a343a22666c6167223b693a323b733a31333a226974657261746f72436c617373223b733a31333a2241727261794974657261746f72223b733a31393a2270726f74656374656450726f70657274696573223b613a343a7b693a303b733a373a2273746f72616765223b693a313b733a343a22666c6167223b693a323b733a31333a226974657261746f72436c617373223b693a333b733a31393a2270726f74656374656450726f70657274696573223b7d7d4c616d696e61735f56616c696461746f725f437372665f73616c745f637372667c4f3a32363a224c616d696e61735c5374646c69625c41727261794f626a656374223a343a7b733a373a2273746f72616765223b613a323a7b733a393a22746f6b656e4c697374223b613a333a7b733a33323a226134666632386230323536363962646439613237663234333363333338306133223b733a33323a223830396338643361303536633836356261376334393437343739663761626462223b733a33323a223264376239333636663035653832353439633239613534636161366336323665223b733a33323a223932626539313238396238656262303063373130626666306263333736343463223b733a33323a226262623662393461396135663234366335313666313265643636646364333936223b733a33323a223035646264653339323732333466366237623333336131303136653435393661223b7d733a343a2268617368223b733a36353a2230356462646533393237323334663662376233333361313031366534353936612d6262623662393461396135663234366335313666313265643636646364333936223b7d733a343a22666c6167223b693a323b733a31333a226974657261746f72436c617373223b733a31333a2241727261794974657261746f72223b733a31393a2270726f74656374656450726f70657274696573223b613a343a7b693a303b733a373a2273746f72616765223b693a313b733a343a22666c6167223b693a323b733a31333a226974657261746f72436c617373223b693a333b733a31393a2270726f74656374656450726f70657274696573223b7d7d4c616d696e61735f56616c696461746f725f437372665f73616c745f6d6f64756c655f4d794d6f64756c655f636f6e6669677572655f637372667c4f3a32363a224c616d696e61735c5374646c69625c41727261794f626a656374223a343a7b733a373a2273746f72616765223b613a323a7b733a393a22746f6b656e4c697374223b613a313a7b733a33323a226261376336373939376337356631313733373530383361376237313365613561223b733a33323a226634643831393536626261613762383638666434633261613231626564376661223b7d733a343a2268617368223b733a36353a2266346438313935366262616137623836386664346332616132316265643766612d6261376336373939376337356631313733373530383361376237313365613561223b7d733a343a22666c6167223b693a323b733a31333a226974657261746f72436c617373223b733a31333a2241727261794974657261746f72223b733a31393a2270726f74656374656450726f70657274696573223b613a343a7b693a303b733a373a2273746f72616765223b693a313b733a343a22666c6167223b693a323b733a31333a226974657261746f72436c617373223b693a333b733a31393a2270726f74656374656450726f70657274696573223b7d7d, 1765235427),
('2bmju2rgck004ppe4jvhf7be80', 0x5f5f4c616d696e61737c613a353a7b733a32303a225f524551554553545f4143434553535f54494d45223b643a313736303633313930352e3230363837383b733a363a225f56414c4944223b613a313a7b733a32383a224c616d696e61735c53657373696f6e5c56616c696461746f725c4964223b733a32363a226a6d6a3462637138637130766533713632383069736f396e6f66223b7d733a34323a224c616d696e61735f56616c696461746f725f437372665f73616c745f6c6f67696e666f726d5f63737266223b613a313a7b733a363a22455850495245223b693a313736303637343538343b7d733a33323a224c616d696e61735f56616c696461746f725f437372665f73616c745f63737266223b613a313a7b733a363a22455850495245223b693a313736303637353038303b7d733a34343a224c616d696e61735f56616c696461746f725f437372665f73616c745f636f6e6669726d666f726d5f63737266223b613a313a7b733a363a22455850495245223b693a313736303637353037383b7d7d4c616d696e61735f56616c696461746f725f437372665f73616c745f6c6f67696e666f726d5f637372667c4f3a32363a224c616d696e61735c5374646c69625c41727261794f626a656374223a343a7b733a373a2273746f72616765223b613a323a7b733a393a22746f6b656e4c697374223b613a313a7b733a33323a226239353237306230303266323463653634393132643433656633343332636136223b733a33323a226333383765333465396133646131373561356466383866303736343038666235223b7d733a343a2268617368223b733a36353a2263333837653334653961336461313735613564663838663037363430386662352d6239353237306230303266323463653634393132643433656633343332636136223b7d733a343a22666c6167223b693a323b733a31333a226974657261746f72436c617373223b733a31333a2241727261794974657261746f72223b733a31393a2270726f74656374656450726f70657274696573223b613a343a7b693a303b733a373a2273746f72616765223b693a313b733a343a22666c6167223b693a323b733a31333a226974657261746f72436c617373223b693a333b733a31393a2270726f74656374656450726f70657274696573223b7d7d4c616d696e61735f417574687c4f3a32363a224c616d696e61735c5374646c69625c41727261794f626a656374223a343a7b733a373a2273746f72616765223b613a303a7b7d733a343a22666c6167223b693a323b733a31333a226974657261746f72436c617373223b733a31333a2241727261794974657261746f72223b733a31393a2270726f74656374656450726f70657274696573223b613a343a7b693a303b733a373a2273746f72616765223b693a313b733a343a22666c6167223b693a323b733a31333a226974657261746f72436c617373223b693a333b733a31393a2270726f74656374656450726f70657274696573223b7d7d4f6d656b614d657373656e6765727c4f3a32363a224c616d696e61735c5374646c69625c41727261794f626a656374223a343a7b733a373a2273746f72616765223b613a313a7b733a383a226d65737361676573223b613a313a7b693a313b613a313a7b693a303b733a32333a225375636365737366756c6c79206c6f67676564206f7574223b7d7d7d733a343a22666c6167223b693a323b733a31333a226974657261746f72436c617373223b733a31333a2241727261794974657261746f72223b733a31393a2270726f74656374656450726f70657274696573223b613a343a7b693a303b733a373a2273746f72616765223b693a313b733a343a22666c6167223b693a323b733a31333a226974657261746f72436c617373223b693a333b733a31393a2270726f74656374656450726f70657274696573223b7d7d72656469726563745f75726c7c4e3b4c616d696e61735f56616c696461746f725f437372665f73616c745f637372667c4f3a32363a224c616d696e61735c5374646c69625c41727261794f626a656374223a343a7b733a373a2273746f72616765223b613a323a7b733a393a22746f6b656e4c697374223b613a323a7b733a33323a223265316439393330383065323833306666396166306262303233613630633734223b733a33323a223664383063376334306435623830626464333566663063363962643034313230223b733a33323a223238336139373764613962343638333738333063343764636336333765383363223b733a33323a226664343136646664656239356261396436303232343035636233313531363536223b7d733a343a2268617368223b733a36353a2266643431366466646562393562613964363032323430356362333135313635362d3238336139373764613962343638333738333063343764636336333765383363223b7d733a343a22666c6167223b693a323b733a31333a226974657261746f72436c617373223b733a31333a2241727261794974657261746f72223b733a31393a2270726f74656374656450726f70657274696573223b613a343a7b693a303b733a373a2273746f72616765223b693a313b733a343a22666c6167223b693a323b733a31333a226974657261746f72436c617373223b693a333b733a31393a2270726f74656374656450726f70657274696573223b7d7d4c616d696e61735f56616c696461746f725f437372665f73616c745f636f6e6669726d666f726d5f637372667c4f3a32363a224c616d696e61735c5374646c69625c41727261794f626a656374223a343a7b733a373a2273746f72616765223b613a323a7b733a393a22746f6b656e4c697374223b613a323a7b733a33323a226133646538623231613630386161623233666135323439386332616338386436223b733a33323a223666313161343563623263653235356332376433656237643332396663626135223b733a33323a223365333133633163396662623961666466633764666238643965646461383862223b733a33323a223832396337336436383737313165643364393733616161323236343166396437223b7d733a343a2268617368223b733a36353a2238323963373364363837373131656433643937336161613232363431663964372d3365333133633163396662623961666466633764666238643965646461383862223b7d733a343a22666c6167223b693a323b733a31333a226974657261746f72436c617373223b733a31333a2241727261794974657261746f72223b733a31393a2270726f74656374656450726f70657274696573223b613a343a7b693a303b733a373a2273746f72616765223b693a313b733a343a22666c6167223b693a323b733a31333a226974657261746f72436c617373223b693a333b733a31393a2270726f74656374656450726f70657274696573223b7d7d, 1760631905),
('2cih6nhmv0lqdam4rleousaajg', 0x5f5f4c616d696e61737c613a323a7b733a32303a225f524551554553545f4143434553535f54494d45223b643a313736353232333230382e3336343030333b733a363a225f56414c4944223b613a313a7b733a32383a224c616d696e61735c53657373696f6e5c56616c696461746f725c4964223b733a32363a2232636968366e686d76306c7164616d34726c656f757361616a67223b7d7d, 1765223208),
('2if1h767r9ntcm5h9ncfdo5oka', 0x5f5f4c616d696e61737c613a323a7b733a32303a225f524551554553545f4143434553535f54494d45223b643a313736353233323635392e3636333937353b733a363a225f56414c4944223b613a313a7b733a32383a224c616d696e61735c53657373696f6e5c56616c696461746f725c4964223b733a32363a22326966316837363772396e74636d3568396e6366646f356f6b61223b7d7d, 1765232659),
('2ksuumtiueq675mns6esrvdtb4', 0x5f5f4c616d696e61737c613a363a7b733a32303a225f524551554553545f4143434553535f54494d45223b643a313736353237373339332e3132333033333b733a363a225f56414c4944223b613a313a7b733a32383a224c616d696e61735c53657373696f6e5c56616c696461746f725c4964223b733a32363a2264766863306675736e70743376386c6b7169693374667163376e223b7d733a34323a224c616d696e61735f56616c696461746f725f437372665f73616c745f6c6f67696e666f726d5f63737266223b613a313a7b733a363a22455850495245223b693a313736353332303532373b7d733a34343a224c616d696e61735f56616c696461746f725f437372665f73616c745f636f6e6669726d666f726d5f63737266223b613a313a7b733a363a22455850495245223b693a313736353332303537373b7d733a33323a224c616d696e61735f56616c696461746f725f437372665f73616c745f63737266223b613a313a7b733a363a22455850495245223b693a313736353332303537373b7d733a35333a224c616d696e61735f56616c696461746f725f437372665f73616c745f766f636162756c617279757064617465666f726d5f63737266223b613a313a7b733a363a22455850495245223b693a313736353332303538343b7d7d4c616d696e61735f56616c696461746f725f437372665f73616c745f6c6f67696e666f726d5f637372667c4f3a32363a224c616d696e61735c5374646c69625c41727261794f626a656374223a343a7b733a373a2273746f72616765223b613a323a7b733a393a22746f6b656e4c697374223b613a313a7b733a33323a223861646365666366646238383538396631323262653738356566356565306432223b733a33323a223062396630333032303266306534353039633033373030376362326439316530223b7d733a343a2268617368223b733a36353a2230623966303330323032663065343530396330333730303763623264393165302d3861646365666366646238383538396631323262653738356566356565306432223b7d733a343a22666c6167223b693a323b733a31333a226974657261746f72436c617373223b733a31333a2241727261794974657261746f72223b733a31393a2270726f74656374656450726f70657274696573223b613a343a7b693a303b733a373a2273746f72616765223b693a313b733a343a22666c6167223b693a323b733a31333a226974657261746f72436c617373223b693a333b733a31393a2270726f74656374656450726f70657274696573223b7d7d4c616d696e61735f417574687c4f3a32363a224c616d696e61735c5374646c69625c41727261794f626a656374223a343a7b733a373a2273746f72616765223b613a313a7b733a373a2273746f72616765223b693a323b7d733a343a22666c6167223b693a323b733a31333a226974657261746f72436c617373223b733a31333a2241727261794974657261746f72223b733a31393a2270726f74656374656450726f70657274696573223b613a343a7b693a303b733a373a2273746f72616765223b693a313b733a343a22666c6167223b693a323b733a31333a226974657261746f72436c617373223b693a333b733a31393a2270726f74656374656450726f70657274696573223b7d7d4f6d656b614d657373656e6765727c4f3a32363a224c616d696e61735c5374646c69625c41727261794f626a656374223a343a7b733a373a2273746f72616765223b613a303a7b7d733a343a22666c6167223b693a323b733a31333a226974657261746f72436c617373223b733a31333a2241727261794974657261746f72223b733a31393a2270726f74656374656450726f70657274696573223b613a343a7b693a303b733a373a2273746f72616765223b693a313b733a343a22666c6167223b693a323b733a31333a226974657261746f72436c617373223b693a333b733a31393a2270726f74656374656450726f70657274696573223b7d7d72656469726563745f75726c7c4e3b4c616d696e61735f56616c696461746f725f437372665f73616c745f636f6e6669726d666f726d5f637372667c4f3a32363a224c616d696e61735c5374646c69625c41727261794f626a656374223a343a7b733a373a2273746f72616765223b613a323a7b733a393a22746f6b656e4c697374223b613a31333a7b733a33323a226237366233356339363332653166643037643132363136333637386535613336223b733a33323a223136616536383063386566363136396338336332356132313330333733636337223b733a33323a226261353838323439396236656363626366376361346363643439633835333166223b733a33323a226238396630626435313065613234636561376366636263376336343566363134223b733a33323a226531396364626435646161313136316665383764636234363162636337633364223b733a33323a223536356636626362376239306339613664343935313964333666303936393064223b733a33323a223839333938353632323530656464386137353862633262373931333830326333223b733a33323a226331393233393534356264633164646333656164616664666165306366663561223b733a33323a223630346266656432356635623364613665393333363230313331663137623032223b733a33323a223063653733643636353966383534643966313030636438666336303532336464223b733a33323a226163623935333564343666363064613730623561643134623632663536666233223b733a33323a223132333839383930303465663662653635326262663063313363636239313165223b733a33323a226534373464356133313533363836653634383162303631396338633466373739223b733a33323a226335356663303334323630626362366137363133663961303634346333613134223b733a33323a226363626563363132663761323561643730366362326233613237636534363665223b733a33323a223665303765653765393037313838656136643462646233623230646335656536223b733a33323a226634343231343234376536626234653336623137353064383062643634376632223b733a33323a226538323233333939636265313638373234396134343230636530323737323032223b733a33323a226436333836656633366335643061663466643264353139383162363730323066223b733a33323a226536663862313331656264363738653563653462666538386230386136356136223b733a33323a223931396634313666643934646636653337313432353139336430376232303734223b733a33323a223934623461373633346431656361613431303530383664363633376638363734223b733a33323a223365663839626637353037316661666337623237383261636635363337623036223b733a33323a223130373238333465393839663865306363613834316137343432366364616333223b733a33323a226434346163633437336664626536646162313464313630353066643166613530223b733a33323a226130393630383539663164633262396332303436343937663330393465363165223b7d733a343a2268617368223b733a36353a2261303936303835396631646332623963323034363439376633303934653631652d6434346163633437336664626536646162313464313630353066643166613530223b7d733a343a22666c6167223b693a323b733a31333a226974657261746f72436c617373223b733a31333a2241727261794974657261746f72223b733a31393a2270726f74656374656450726f70657274696573223b613a343a7b693a303b733a373a2273746f72616765223b693a313b733a343a22666c6167223b693a323b733a31333a226974657261746f72436c617373223b693a333b733a31393a2270726f74656374656450726f70657274696573223b7d7d4c616d696e61735f56616c696461746f725f437372665f73616c745f637372667c4f3a32363a224c616d696e61735c5374646c69625c41727261794f626a656374223a343a7b733a373a2273746f72616765223b613a323a7b733a393a22746f6b656e4c697374223b613a313a7b733a33323a223037373533363564323438636433343734336261633030636662303734333933223b733a33323a226263366137396264333261633262666630666438633838613339616534633863223b7d733a343a2268617368223b733a36353a2262633661373962643332616332626666306664386338386133396165346338632d3037373533363564323438636433343734336261633030636662303734333933223b7d733a343a22666c6167223b693a323b733a31333a226974657261746f72436c617373223b733a31333a2241727261794974657261746f72223b733a31393a2270726f74656374656450726f70657274696573223b613a343a7b693a303b733a373a2273746f72616765223b693a313b733a343a22666c6167223b693a323b733a31333a226974657261746f72436c617373223b693a333b733a31393a2270726f74656374656450726f70657274696573223b7d7d4c616d696e61735f56616c696461746f725f437372665f73616c745f766f636162756c617279757064617465666f726d5f637372667c4f3a32363a224c616d696e61735c5374646c69625c41727261794f626a656374223a343a7b733a373a2273746f72616765223b613a323a7b733a393a22746f6b656e4c697374223b613a313a7b733a33323a226666623339396338653265303930343634646532623264646437663432666431223b733a33323a223265386264363537356130373136333966336263653336666362623462363861223b7d733a343a2268617368223b733a36353a2232653862643635373561303731363339663362636533366663626234623638612d6666623339396338653265303930343634646532623264646437663432666431223b7d733a343a22666c6167223b693a323b733a31333a226974657261746f72436c617373223b733a31333a2241727261794974657261746f72223b733a31393a2270726f74656374656450726f70657274696573223b613a343a7b693a303b733a373a2273746f72616765223b693a313b733a343a22666c6167223b693a323b733a31333a226974657261746f72436c617373223b693a333b733a31393a2270726f74656374656450726f70657274696573223b7d7d, 1765277393),
('2pj9l08ofb60574kicsvjrocj8', 0x5f5f4c616d696e61737c613a323a7b733a32303a225f524551554553545f4143434553535f54494d45223b643a313736353232323737382e3835373636333b733a363a225f56414c4944223b613a313a7b733a32383a224c616d696e61735c53657373696f6e5c56616c696461746f725c4964223b733a32363a2232706a396c30386f666236303537346b696373766a726f636a38223b7d7d, 1765222778),
('2pntbtmuerbovcc777tna2g2pt', 0x5f5f4c616d696e61737c613a323a7b733a32303a225f524551554553545f4143434553535f54494d45223b643a313736353233333734352e3234353637313b733a363a225f56414c4944223b613a313a7b733a32383a224c616d696e61735c53657373696f6e5c56616c696461746f725c4964223b733a32363a2232706e7462746d756572626f766363373737746e613267327074223b7d7d, 1765233745),
('2t4eenvf8igugbphsc8ndn1sc7', 0x5f5f4c616d696e61737c613a333a7b733a32303a225f524551554553545f4143434553535f54494d45223b643a313736353132353539322e3435383935383b733a363a225f56414c4944223b613a313a7b733a32383a224c616d696e61735c53657373696f6e5c56616c696461746f725c4964223b733a32363a2232743465656e766638696775676270687363386e646e31736337223b7d733a34323a224c616d696e61735f56616c696461746f725f437372665f73616c745f6c6f67696e666f726d5f63737266223b613a313a7b733a363a22455850495245223b693a313736353136383739323b7d7d72656469726563745f75726c7c733a35323a22687474703a2f2f6c6f63616c686f73742f6f6d6b5f746879705f32352d32365f636c6f6e652f61646d696e2f6974656d2f313635223b4c616d696e61735f56616c696461746f725f437372665f73616c745f6c6f67696e666f726d5f637372667c4f3a32363a224c616d696e61735c5374646c69625c41727261794f626a656374223a343a7b733a373a2273746f72616765223b613a323a7b733a393a22746f6b656e4c697374223b613a313a7b733a33323a223031353037353963343562653062383738633235346363636366396433643035223b733a33323a226130653537376132313333613163313933646561353765613734376538313861223b7d733a343a2268617368223b733a36353a2261306535373761323133336131633139336465613537656137343765383138612d3031353037353963343562653062383738633235346363636366396433643035223b7d733a343a22666c6167223b693a323b733a31333a226974657261746f72436c617373223b733a31333a2241727261794974657261746f72223b733a31393a2270726f74656374656450726f70657274696573223b613a343a7b693a303b733a373a2273746f72616765223b693a313b733a343a22666c6167223b693a323b733a31333a226974657261746f72436c617373223b693a333b733a31393a2270726f74656374656450726f70657274696573223b7d7d, 1765125592),
('2v7vbfqn0vp688o17na93doe59', 0x5f5f4c616d696e61737c613a323a7b733a32303a225f524551554553545f4143434553535f54494d45223b643a313736353232333230322e3538333038383b733a363a225f56414c4944223b613a313a7b733a32383a224c616d696e61735c53657373696f6e5c56616c696461746f725c4964223b733a32363a22327637766266716e3076703638386f31376e613933646f653539223b7d7d, 1765223202),
('30m69ufgr9p7lube32al4goj14', 0x5f5f4c616d696e61737c613a323a7b733a32303a225f524551554553545f4143434553535f54494d45223b643a313736353232313731372e3439383439313b733a363a225f56414c4944223b613a313a7b733a32383a224c616d696e61735c53657373696f6e5c56616c696461746f725c4964223b733a32363a2233306d3639756667723970376c7562653332616c34676f6a3134223b7d7d, 1765221717),
('34661elvkk4o1up5ivpvatq278', 0x5f5f4c616d696e61737c613a323a7b733a32303a225f524551554553545f4143434553535f54494d45223b643a313736353232353731302e3230343536323b733a363a225f56414c4944223b613a313a7b733a32383a224c616d696e61735c53657373696f6e5c56616c696461746f725c4964223b733a32363a223334363631656c766b6b346f3175703569767076617471323738223b7d7d, 1765225710);
INSERT INTO `session` (`id`, `data`, `modified`) VALUES
('3bjkaki57nkcsogl8k4t6v2go8', 0x5f5f4c616d696e61737c613a383a7b733a32303a225f524551554553545f4143434553535f54494d45223b643a313736303737383031322e3137353730383b733a363a225f56414c4944223b613a313a7b733a32383a224c616d696e61735c53657373696f6e5c56616c696461746f725c4964223b733a32363a22336d6d70316a3964636632386a643634616e3061687370623572223b7d733a34323a224c616d696e61735f56616c696461746f725f437372665f73616c745f6c6f67696e666f726d5f63737266223b613a313a7b733a363a22455850495245223b693a313736303733343430333b7d733a33323a224c616d696e61735f56616c696461746f725f437372665f73616c745f63737266223b613a313a7b733a363a22455850495245223b693a313736303832303539333b7d733a34343a224c616d696e61735f56616c696461746f725f437372665f73616c745f636f6e6669726d666f726d5f63737266223b613a313a7b733a363a22455850495245223b693a313736303832303935383b7d733a35393a224c616d696e61735f56616c696461746f725f437372665f73616c745f7265736f7572636574656d706c617465696d706f7274666f726d5f63737266223b613a313a7b733a363a22455850495245223b693a313736303734383537393b7d733a35333a224c616d696e61735f56616c696461746f725f437372665f73616c745f7265736f7572636574656d706c617465666f726d5f63737266223b613a313a7b733a363a22455850495245223b693a313736303832303433333b7d733a35333a224c616d696e61735f56616c696461746f725f437372665f73616c745f766f636162756c617279757064617465666f726d5f63737266223b613a313a7b733a363a22455850495245223b693a313736303734393238373b7d7d72656469726563745f75726c7c733a33303a22687474703a2f2f6c6f63616c686f73742f6f6d656b612d732f61646d696e223b4c616d696e61735f56616c696461746f725f437372665f73616c745f6c6f67696e666f726d5f637372667c4f3a32363a224c616d696e61735c5374646c69625c41727261794f626a656374223a343a7b733a373a2273746f72616765223b613a323a7b733a393a22746f6b656e4c697374223b613a313a7b733a33323a223737353330383364646631323436373830363665303230616664656334363161223b733a33323a223930396261626235333635396465653935303537653565333361643938303131223b7d733a343a2268617368223b733a36353a2239303962616262353336353964656539353035376535653333616439383031312d3737353330383364646631323436373830363665303230616664656334363161223b7d733a343a22666c6167223b693a323b733a31333a226974657261746f72436c617373223b733a31333a2241727261794974657261746f72223b733a31393a2270726f74656374656450726f70657274696573223b613a343a7b693a303b733a373a2273746f72616765223b693a313b733a343a22666c6167223b693a323b733a31333a226974657261746f72436c617373223b693a333b733a31393a2270726f74656374656450726f70657274696573223b7d7d4c616d696e61735f417574687c4f3a32363a224c616d696e61735c5374646c69625c41727261794f626a656374223a343a7b733a373a2273746f72616765223b613a313a7b733a373a2273746f72616765223b693a313b7d733a343a22666c6167223b693a323b733a31333a226974657261746f72436c617373223b733a31333a2241727261794974657261746f72223b733a31393a2270726f74656374656450726f70657274696573223b613a343a7b693a303b733a373a2273746f72616765223b693a313b733a343a22666c6167223b693a323b733a31333a226974657261746f72436c617373223b693a333b733a31393a2270726f74656374656450726f70657274696573223b7d7d4f6d656b614d657373656e6765727c4f3a32363a224c616d696e61735c5374646c69625c41727261794f626a656374223a343a7b733a373a2273746f72616765223b613a303a7b7d733a343a22666c6167223b693a323b733a31333a226974657261746f72436c617373223b733a31333a2241727261794974657261746f72223b733a31393a2270726f74656374656450726f70657274696573223b613a343a7b693a303b733a373a2273746f72616765223b693a313b733a343a22666c6167223b693a323b733a31333a226974657261746f72436c617373223b693a333b733a31393a2270726f74656374656450726f70657274696573223b7d7d4c616d696e61735f56616c696461746f725f437372665f73616c745f637372667c4f3a32363a224c616d696e61735c5374646c69625c41727261794f626a656374223a343a7b733a373a2273746f72616765223b613a323a7b733a393a22746f6b656e4c697374223b613a35313a7b733a33323a223161383837643332326630373038656164343465323439623334316535386530223b733a33323a223531636632303962663665646638336332313862653335353732363830323764223b733a33323a223733343736613130353131663063616665636163373237653263613033313338223b733a33323a223439303333663765383030656133363030383130396534633331616334366534223b733a33323a223862366436363039326634336539646265663539633334363533396662636162223b733a33323a226131323463373430316635653463653039313966643632373134633338376662223b733a33323a223265353232383335643339323931326533643237336635376638623337346532223b733a33323a223962363765393938656366306136336330656438623932636666323361343936223b733a33323a226132383039363934386561653065303463363164666265383165326331396334223b733a33323a223837393032343338353063623333313437396264323536643465636137393862223b733a33323a223331343162653332626536393139623565353934373864303238313232383839223b733a33323a223931616634386164386533363163623135616664336364376363326231323264223b733a33323a223462306434663961323261633535643431356463383636663464313638393137223b733a33323a226634333863383761633131316632383434386465383837386232396463366461223b733a33323a226262613330373236323761313465313766633465636336306239356532666435223b733a33323a226262616263313234356464613837323066613433636231353830333731313037223b733a33323a226333616236323239623561323637616361376232646139363131366235336337223b733a33323a226332306362643163353039643437363637306666333138386539656164303839223b733a33323a223039376362383031343732363335623734353032346532666562303262343937223b733a33323a223162653030303730366466393465333737363534386664303531396463313862223b733a33323a226662666165346136333266363137303438373637386363646230653631646564223b733a33323a223533663964356465356135393535333134303561643439333062666562643361223b733a33323a226263386564643165626539306539336138353034323237333463313663326333223b733a33323a226266656264343230383363366534366565633032616430366261653134643739223b733a33323a226161366532336134373739646330323433333235623831633664653464323830223b733a33323a226262613632356430383563376132653936666564356639643030663632663831223b733a33323a226232343465633238613834373936303439623166633031633638653066333735223b733a33323a226431386164386132383934343661356266313632376235303537343632343031223b733a33323a226337653432366333363035643530306665313565613862396433353330393461223b733a33323a226638316339333063663462323636323236336431323965653636353337613766223b733a33323a226434343530666630656139303763656337346237396662346437356633366133223b733a33323a223461613466356566626132653166376532383262643463653937663466316435223b733a33323a223430613737633732643539616164373166613562643037363366343235366639223b733a33323a223636306465333664343363383834363830336334636530386162643963323933223b733a33323a226361383235663834353736623831333564613565306537663062393932323936223b733a33323a223264336536623365613231623630656662623766313838373765323063303730223b733a33323a223739326530663232616535396461353230643763623963376565333063643232223b733a33323a226131316162386639373061356265356466613962343232626465643731363631223b733a33323a223064396334666566653162396235393032346465366434323035356439316537223b733a33323a223963306138663433393761636262353934616336393033336431353033303366223b733a33323a223762643562343632363866356563396362393265303437323334393333656531223b733a33323a226635386135396233646231393662333462356162366564643038326337613763223b733a33323a226331333035333334613563373663623532663337326563633332343639633539223b733a33323a226461613631636561633962333666343266653166353938656637303031616332223b733a33323a223530323564653337313237386163363335373239316536363065623631366430223b733a33323a223866373137623162323464343433393163643366646434643162356531626161223b733a33323a223136663163653136666135363737373837316330623839326139636630346231223b733a33323a223364383231653634653731366139616164633539636461343463666133646637223b733a33323a223362393734613133336434393230393062323834393163373238353063666165223b733a33323a223063646663613632353733396537313862323831396133663638383863306133223b733a33323a223135623561393733336133333435376539643637643531616263343633643336223b733a33323a223930303364303937316536356561646334353063653261633038373565613335223b733a33323a226161303133633139636663646663663836623536393530636432323737373762223b733a33323a223561343934626437666564303563316636393466656431306238333031303361223b733a33323a223261303635646438356237353862656233626465343130303134646330636463223b733a33323a223137623636396431333537363134306435376339353032323835643736333236223b733a33323a223332373639613065383865323136613736336638643630316363653535656562223b733a33323a226637653039313536363562396466323139373466636365643563383130633730223b733a33323a223531663365346634326431366336393234616236373937666265393839303936223b733a33323a223166376330623963393138623839326337353861633432323431656364653865223b733a33323a223036386531346663346265646163343232616562303464303738376432356366223b733a33323a223266353132383434313962643338343435633230343237666636346561396561223b733a33323a223065623561333536346338643063343231353035323439333238356464386231223b733a33323a223130323239363731656430376261393536366633376462323465633965346332223b733a33323a226364656466643935623038663531356364643836313634393438653062303763223b733a33323a223035646435653839316462663234616233376366353139313666653438663135223b733a33323a226534383463303361323235366230623133363166653563623031663965363430223b733a33323a226539313063356361613133646566373238336232623131343039393234643338223b733a33323a223837613163333063613366653139663834343036393965313337313936383263223b733a33323a223066343931633931333635623336633164353133646239613237356463346237223b733a33323a223665646230306330303163636437386566363034656531326535373963616439223b733a33323a226136633237646364643663316564366238633035666537363935353063656331223b733a33323a226365623162613064336565363035643166383735616134353034306134316462223b733a33323a226562653563613962373839363762343335656233643763316537636431666161223b733a33323a226332653432386234396537646463366534623935623530356535363233316464223b733a33323a223031373530303062383938323935336137613161323432653637376666313339223b733a33323a223261653130336236613937373266303833363435326236376663326361616136223b733a33323a226139393465323330613538386234323732386533383234613466326433323662223b733a33323a223235353861383033343033363265633239313537323634393035373061663963223b733a33323a223039666266313634623931353535356362363736633931393131343565353339223b733a33323a223136333264653633623665626232366566396665386264613331613832613130223b733a33323a226137333835336237376161623736303434613563376134636666633837643934223b733a33323a226439623862633238353034623831623438303664626166366565386161306337223b733a33323a223635336433376638336535663663353661626439393336306466386335333066223b733a33323a226161366266346338383437326637623732386435393263666461396138386534223b733a33323a223838336430323030626264646339396362643061643739383365346433393333223b733a33323a223638636636653733316166653039636365623131303861303164353034656431223b733a33323a226164663235636239643861366233386231373365393435323765336636623833223b733a33323a223736386630663662396663383536333461346663393338333630663634363536223b733a33323a226566356463393530336433303431313262643032376333653937663964396465223b733a33323a223864316334316136353931666632636133633436323234643631366339393230223b733a33323a223538383961306132323066306630633934383539663664646461303032313163223b733a33323a223166353139623064333836393832333134386363643166336661633137303064223b733a33323a223930356562663365646330653130323366636339356566653238383631663833223b733a33323a226137313839626631346663393134306665346265633236336665383031636563223b733a33323a223530613363323565306238616133323561666164656335393638613238373836223b733a33323a223365383230643734663038346534353538363563616462616538636566396466223b733a33323a226366343739313262396463336462346239636661386263626464343666323065223b733a33323a226538303937633335656462353231633536626638643133393861646337333839223b733a33323a223962656263383932383030323931613666303964666134653266623732303062223b733a33323a223134636531313766613937353434393830613062373133396631323234373761223b733a33323a223766373935643935313061643264396530303738643334316236383962303535223b7d733a343a2268617368223b733a36353a2237663739356439353130616432643965303037386433343162363839623035352d3134636531313766613937353434393830613062373133396631323234373761223b7d733a343a22666c6167223b693a323b733a31333a226974657261746f72436c617373223b733a31333a2241727261794974657261746f72223b733a31393a2270726f74656374656450726f70657274696573223b613a343a7b693a303b733a373a2273746f72616765223b693a313b733a343a22666c6167223b693a323b733a31333a226974657261746f72436c617373223b693a333b733a31393a2270726f74656374656450726f70657274696573223b7d7d4c616d696e61735f56616c696461746f725f437372665f73616c745f636f6e6669726d666f726d5f637372667c4f3a32363a224c616d696e61735c5374646c69625c41727261794f626a656374223a343a7b733a373a2273746f72616765223b613a323a7b733a393a22746f6b656e4c697374223b613a3138373a7b733a33323a223838653235623239616364353665656665366236643062336636363436613462223b733a33323a223465303463356437336532643431383431623065353331636339663137633866223b733a33323a226536363334623363353765303632613032393661323361646237303766313436223b733a33323a226266626131333765303061373736366437666434373734653738336534373930223b733a33323a223931646361323365346361623264643162383438356163373430336532393338223b733a33323a223965653962376436613937386433633130336636383838616336663262333431223b733a33323a226463613831636562663833656663643438343131326561613831343032646137223b733a33323a223261633365323866633031326534646136333961386638643065393835373832223b733a33323a223638623739653030313833313461336661386139306436626439326431626537223b733a33323a223238616365343235393631623563663863313661663563326266373837306361223b733a33323a226139356438616236373936633134373037646432386635363233646666346431223b733a33323a223135643930633036646336363334356537303838313664353638636530353435223b733a33323a223134373536666237373532383862363830306238363236323238363939333332223b733a33323a226637323332643462356363386535633864623834656434326232346639646466223b733a33323a223564643637303233353162316334386566373837373536643533383737393130223b733a33323a226262326531656531373165653361393838303232363335653835353631356439223b733a33323a223833396261633734323066356638326336363332333430333164373732656538223b733a33323a226463353235333237386166333532333561373163306365366265373733353561223b733a33323a226539653839353466623530613061316566356666313638623765356363646466223b733a33323a223234346438393531353235373233376366333231336164386634306236616539223b733a33323a223134636262306232373330633139326538353039366366366338336262323139223b733a33323a223633373530666533363234326331393536336433353063316331626539643338223b733a33323a223339303832326361313534303439636663656666613364623935386466663037223b733a33323a226463616462336138653731393163336235383933316138373331323333346264223b733a33323a226535386434373030313737633534653264613131613431623264613030653637223b733a33323a223564343436643461343664623738643039326531316565323936616531323033223b733a33323a226138656363393533666162643336666664666536366163376437366230343964223b733a33323a223235333039393338613238653432643065363730363131383238656533613364223b733a33323a223862613966613237373666613635393939316664353566623830373537356464223b733a33323a226262346238646234363764653238633835656531323461386237316232373335223b733a33323a223530393937306436316536376361646335343438343864336535646235313263223b733a33323a226462343637343336623236643937666431346639353134316637623834333439223b733a33323a223135366339663832303236363232383762313166363663353166383133633737223b733a33323a223434363239343436393363373265643164316536653333326134366363333638223b733a33323a223539613164356638356262306261326630316439633464383933316366333535223b733a33323a226332643264343866646435353465363333383334646331383664613166663134223b733a33323a226233393734356631303265373531626666306562313261623139366530666533223b733a33323a223833666362316566663938353730336362383865633937393666303030353538223b733a33323a226430643761393161356334323563643132356161383861366236646536303937223b733a33323a226164663430323461623264383634383835323237393331636462323930613738223b733a33323a223838376162333232646562343061303732653462373237663539326662313130223b733a33323a223762363932393239663662373262326262363231343131396163633064313164223b733a33323a226165333335323338353466396234643835336532633933663134653133363264223b733a33323a226339323766336363356165346130316232313630313162306262376464353633223b733a33323a223039393231346461353865333137373732323263346538366332633537333131223b733a33323a223738313232623931623730386433303735363734336365373230626632303130223b733a33323a223731313865303132373764636561376264653531383531633035353762633332223b733a33323a226530656661346330646437376364343334306430643234663865393337313234223b733a33323a223634643233373365303966333564633139343136353363346433303933386334223b733a33323a223463323735643263663130303464346539653762316334376431336435643235223b733a33323a226664323462323261326531656539363439333830353133636536383637323161223b733a33323a226335393831383537303235653238656265633463346364376364643237636130223b733a33323a226531633937636433663738663038386166613166373635656438346232623162223b733a33323a223135626134313038393263393935363633343635316464333961353664346339223b733a33323a226535633539303935396538393239656230643462316533616161343030366666223b733a33323a223932363432646161336336613332663030303531666163636432653937613536223b733a33323a226561373835636533303830316465313362323463356166633632636565623636223b733a33323a223530326236306636626138303638663661386365646334663662623037363931223b733a33323a223561393962383331383838613436356563636465373732376436626337343661223b733a33323a223465336431396461346333376666633364336437303165663830373539643765223b733a33323a223832363738356137633366663431303564376139616237653737396639623563223b733a33323a226364653732643264373164333362313764386137656262303635393531363135223b733a33323a223966636530666130396230613661383564333932373766396334663061633262223b733a33323a223838643733353231633065656265306234303765336633343364333034646636223b733a33323a223931636437383165643462343131626639306666663231623731393637376266223b733a33323a226239646166373835636134386335393535626364313033386131303037626364223b733a33323a223338656138363862313730656234616262353964613539396631616430326334223b733a33323a226632353032633464316137323566383734613032623039323031663561366232223b733a33323a223966663136346637303832336330663231316564653363633862623732393435223b733a33323a223733303062333334663162383363666537366532626265616439633832663034223b733a33323a223737656363366263376536343531376435653530363139303861323363343439223b733a33323a226363363363666636323034306231363432303562633335336565373466333661223b733a33323a223233646334376439613265663932343565316136613264663830353231656339223b733a33323a226432636639393735623332303230616431356661653264363230353166636562223b733a33323a226164396566333230653066376562626232626336306561646238623235376261223b733a33323a223035323765356164346535343933663165646437393662373337653261373666223b733a33323a226133643631656633613435333036353162626266663737363965393362303164223b733a33323a223930646637636637326561323839316131643037363531333130303430353362223b733a33323a226330313336303233373963623437313330313439376335336631336464663934223b733a33323a226437663465396235303063313635343561643263343963336461303666366635223b733a33323a226438613466386638336263396139643266316563666562306262616138353862223b733a33323a223631623733303136373037663762333366633764393231373231323138636264223b733a33323a223336613035636333323734323238316334613034633430663362666133396661223b733a33323a223731313332336665653862366339643761386365306461333063323038343530223b733a33323a223665363332396466646132333036356266363965313130353639656237303930223b733a33323a226131333130336239313137383464323562366561306262376161653035656137223b733a33323a223039356465396364336433323331613638373462643730643563343935336164223b733a33323a223131373936656130333530353737336638376139373865623865653364303937223b733a33323a226434653863643263663035386637633334626133383036306166376230373961223b733a33323a223637656130333261633432323531353361323062366263663964303738666535223b733a33323a223837343462633164353937376164363732376333323438303439376530373730223b733a33323a226362613635316339343631646432656234646563623432363435353432666266223b733a33323a223763613533376236653735393566616563356161303037656162643833623037223b733a33323a223064393631316437323330646434643532333635386232653962323164316634223b733a33323a223761383133316332326534386134666432633338326530653834306531386564223b733a33323a223265343265383230306566373136336261356335373631326361366232393361223b733a33323a226565633737383537343436636337646366616662383462666235626262356639223b733a33323a226635343735363538643436353837303063396162636638633234373935653263223b733a33323a226430373361616266346534336439343432373034633838343866313134646366223b733a33323a223630303962373033623831383761376632373939643363613964306331393939223b733a33323a226537323664373939373139313630653565313432333463656166626638626238223b733a33323a223061323135383533306435343337333264316630653565663265373531363037223b733a33323a223236663036383736313164613032353030663538373231333331333564333666223b733a33323a223532336434323638353133376564383733666165663236623030343464393835223b733a33323a226361653237613338633064393536646466353237656566616232353166616230223b733a33323a223436663263643736353333643334613030663330386137396364366633323061223b733a33323a223733656161343530376532333763316230636538333736643930616362353739223b733a33323a226535323631666564323739376630366637653530396266393461303333383336223b733a33323a226462663538663262316464373162616632303238326435313632323035393763223b733a33323a223937393938653266326363373062666133386131343330666661366265343337223b733a33323a226532636266313630633737313435323039356233323066313165613732353966223b733a33323a223461383434633032336430313234326264636132666232363431326632326335223b733a33323a223362323837316636383030393338333738383737666237666461343261373737223b733a33323a226135333930643461356131343335313161336135396638396662363863663563223b733a33323a223438376163393630363437613232623437353037366230663533346664633439223b733a33323a226365333734353630643965636463656137623933333864396561656562393730223b733a33323a223637386162393765303466653033386466646532343934356563623663323930223b733a33323a226432313835616261373464303035303532323431636463353564623138376164223b733a33323a226566363161323636376137336630653765653234346366633038383661313330223b733a33323a226231306238643439363534633436353565333037623264616233383763363537223b733a33323a223132316164323164336461653033356531336664643633653463316230386238223b733a33323a223938366538336237333366653261376332363566356466663530643535623431223b733a33323a223339366164356366303464336436316263343464363066373534363536623437223b733a33323a223863353333303436336539626164646437383036396661666636366632636636223b733a33323a223336316334653039396163663063613939333765663562613437633938316266223b733a33323a226366666662633864646666343164336433326666303861336263326464656537223b733a33323a223930376437396230313231343465383737613633653665326666326164316431223b733a33323a223665633664643032363363396638363839653534643639323736323734353632223b733a33323a226565646137393130366239323637363365653362663635383266376563613332223b733a33323a226134633738393038616335346539326666653864323134623866636165656663223b733a33323a223962386566653937643536623537653237333062353865616562316561303161223b733a33323a223838646136353435326364663365356137636132633236333036316136333365223b733a33323a223765653234653965643565393537323639393938333266343739316663376535223b733a33323a226338616564663431376336333733363236386131306162396537323935356435223b733a33323a226162656532346434376331646535316236653866393733636432623161333033223b733a33323a223036346338623861323832336162373435306230666663393031366666343530223b733a33323a226231363531666662323532333964386163653835653633643631333134353661223b733a33323a223035383961616535303766316639336335356231313031336364633939623563223b733a33323a223134313831623938643765356665306664653866653234643265613163633837223b733a33323a223462653264326434616163656265313064393332373461363337386135316363223b733a33323a226135393135656638353464353334653236666236326137613932656538393434223b733a33323a226630333933386539636565613134336136653134326638336536346333623264223b733a33323a226535333764353164623164303933366132353336313966306633666231343138223b733a33323a223861383637306630316165343961616631383537316338353435613132373733223b733a33323a223264633730646638623364316661333533366535633337366331346230373162223b733a33323a223761313132326361303036636333636430376538643634666566383133633966223b733a33323a226236333535663565323337373731346536373766663462373466663639613966223b733a33323a223539646363396432633761346166356133346532346463356530626235663866223b733a33323a223665333363343031326532316163333634383338653533626465326530616430223b733a33323a223663333136643765643263356365623263626338336363616463373636393337223b733a33323a223038666366386533663831373432393138316161613964653434363735333738223b733a33323a223437376364623037326333346530626165313538336231643331353466376161223b733a33323a223832396638363563393332653933663931323163346261333637613061353030223b733a33323a223034653239653561363162363633316639653835343730356336393264643335223b733a33323a223735663136396662663231356139663036656636663132373331353564326464223b733a33323a223461343839613837363461336161393239666537623933633230666539613236223b733a33323a223962396633653861613031643861636566663735323630623936383237383732223b733a33323a223863373235303265623362373134306634386434656536303431356136353261223b733a33323a223237303364623635313137376264633235343533613539373861383864383861223b733a33323a223366356431363261326535373462316661663366386636653337633935363565223b733a33323a226535653533626465323264656562346366646535313738613537666538353932223b733a33323a223238663131363962343161306238653865373164616230653632313030646236223b733a33323a223365343063626162366533353236383933633737376364326262356563313135223b733a33323a223037313336653566383133616431616438623137646262666362613932343735223b733a33323a223735613234356235343132623933653230653761303434376439643737313066223b733a33323a226238626230666365653862396539306332646261376161323235346334663430223b733a33323a226235323630333464613565633733336638316431313362323635313336373333223b733a33323a226666666339303861373437356663363336613166313239393062323530343230223b733a33323a226531366534643461393438303137333632396134626232336462333831393865223b733a33323a223036643962633865323038306530663166653731653938363839656635636236223b733a33323a223665333839313830393531626531336430356562333233353861343261626637223b733a33323a226263643439663133346535383738646365653134633331323735316563393033223b733a33323a226534363864653732636631316239383662656639393565663832376636616365223b733a33323a223463663166663236303837393439346130313661313335633539323338393932223b733a33323a226537313731323931626261663065643932373162616637663734356164323964223b733a33323a223338613038303464633666623230303237366533663930383530343139316464223b733a33323a223132393132316636323065633363373362353132623635383336323837326661223b733a33323a223939336437383838373835623639353062613766633834633361303036616530223b733a33323a226366343332373866376638366362343062393430633030303231316537613635223b733a33323a226164303636633966343632386530623633386437613264386138383164643036223b733a33323a223830333264616361653966353562306633636338333733633939336635346136223b733a33323a223333633039386532636331306430666139336334373963623261636237396365223b733a33323a223337356238306465383530323037343935386539653739393934316330653963223b733a33323a223361383135393635316362336630373266393935323766626639646661363533223b733a33323a226137376631313735386131376334653863643763313836306264373330363664223b733a33323a226462656632346236383437343138356438633237313636663163383836303834223b733a33323a226137363233316134353736636366623330373731643830333134353963336662223b733a33323a223365326332343564663736323366656434643932323462323733393735303965223b733a33323a226365616263633864323365346333333730383632383830303561323564656265223b733a33323a223364396533386163646166353830636335646635633339346336666332613434223b733a33323a223663313165356163633464636366663331343166393033646165333739666138223b733a33323a223538663538376435316533653933653631303766326465373362383337666361223b733a33323a226662363833633862626664393335333766636639653339316538663737666635223b733a33323a223235383633663332626439616334306135636635666464363962373265623232223b733a33323a226433383666323964396639663532356535396531623064646638366634326661223b733a33323a223435313839626634376237613665356131633838663666663130356632623463223b733a33323a226639373765633661663539303431623930353162653332356135386461353235223b733a33323a223934373635353763623666666534656230316338386133363761366161313262223b733a33323a226135353965396130356634326262653036383733396139646438643632313564223b733a33323a223634346330616165653662306431353563663531353863323730353734313536223b733a33323a223237313132373430653961333035616361313431663932346532333666353134223b733a33323a226537396466653764303365393863653232333563613930653834306266613664223b733a33323a223839353732303534333331633965636537663566363265393139326530626461223b733a33323a223437383134313565656430393334653761353537633061343036303436633430223b733a33323a223037386666316265313164346264643234343331643735613462613032616263223b733a33323a223565306134323232376636336134663331366631303765613165376132313161223b733a33323a223037376366626335616534333133316539383664303832633030326461373438223b733a33323a223062643766393263383631656531636230613134376532656339336636343665223b733a33323a223663383235623634373734633632376434386361653231303337313539366363223b733a33323a226636306238623131386334353232666231623932346564333438356232306563223b733a33323a223832383964313438616638643331663861356639346333313461643338333036223b733a33323a223563383134336163373431393333316333373664633539336533366535643461223b733a33323a223439383561396636616262316139373436313065303162633231336330373863223b733a33323a226363376638303933363930303765376163663338353763363237303163343032223b733a33323a226331343365383630366238303665353538383530353338356438313333363830223b733a33323a226439316337353461376337616638623865303662373465306265306661613736223b733a33323a223361653236613961343635323666303731333266643661346137653864396536223b733a33323a223539623431636239373033643239663434613064376532316235626538626466223b733a33323a223432383265643061386361363932353333333133376664663561633335363736223b733a33323a223430373432373035643164303663343566623166376535393136383562663637223b733a33323a226632663863393037653335623065626364653664343137333338376336393739223b733a33323a223361353363363633623634393536623165386536656466363163393065353734223b733a33323a223861323132373563326431303465666232343335323839326330333766646666223b733a33323a223762623964326232333465376336336564646565346535613066633233316362223b733a33323a223133666533333637353536633339323163373831386538343262396333383635223b733a33323a223032393565653163393537326163646663306166363162376463616631373437223b733a33323a226432393835326665353034666562626364313638343332636130623439323035223b733a33323a226565373532643561646434316534366132623131353936353233316162353539223b733a33323a223463323832633765326434616462353739646534346237346337383332626564223b733a33323a226662383461316565323762323566366534373265346365303263346235653061223b733a33323a226130373264643432306635636332366638376437383036386633303161656137223b733a33323a226331626331376230636334343666626635363538323237316634376637386434223b733a33323a223938643230353461313633353461343832333763353730633235306539386136223b733a33323a226239626139346166356164303161373532386130313437313837646330643164223b733a33323a223261636138623534363336326534376131323065656463666130356338646666223b733a33323a226564363665343165333735383165326634386336313265353738393537343232223b733a33323a223164356138303566313063653435613265316562616331376435626634663963223b733a33323a223733386562313062306138663439333139663564356532663030656265303766223b733a33323a223562393439313765303662646563383638376238376337663261636536653733223b733a33323a223535353838323339633762653535613736323537663734343533663332383964223b733a33323a226537326465336630343837616533333733333037626631323537343534303438223b733a33323a223730346338383237343037663935396364353663323465393438323564393336223b733a33323a223962653031613838623231646135326266343930376663373366363230303833223b733a33323a223862366236363933626337376633616435336239653639666663356133343235223b733a33323a223632643536656633333264333836346138366633656337633161363263333662223b733a33323a226136316534376664626261336461653966653066626563616463326434396535223b733a33323a223731323965626563303833313132366162393732613730323737666637343533223b733a33323a223435666563666636333136306261396131323035393662373938393035633365223b733a33323a223466386365633835616437343433633866633164313734326136393039663565223b733a33323a223637333331366531346565636437643237613837656664346164313434323339223b733a33323a223836616433643235663734313238343633616265623164303866646630383036223b733a33323a223632363966386634343035643936343334313366653466306534303366333863223b733a33323a226362663665636131386337633861326634303730333938373539373765313933223b733a33323a223066313464656437646436306639396563373131643237393832656131386565223b733a33323a223638633032633164363835616432613537366635613933373766303031336161223b733a33323a226534613366633734616462383531643663393733326235653864323336376333223b733a33323a223764316235343037666161373435656461323033343333336535346131323032223b733a33323a226336303639333538636632663465636438336538653836633265396166313838223b733a33323a226136616530333462316532333730393134396262303365386533623030666139223b733a33323a226135356237393466343136326537643561393036623437326564656438613266223b733a33323a223139373238656539306261633633623437623063386262303264316533356163223b733a33323a223439366564643965653231366462643835663265333461313432656335343465223b733a33323a226264393437653362303632383365353863303538376438323233303033623633223b733a33323a226637346335616339663064393561316564356462616465326565363139373166223b733a33323a226233323764653365376562653836633430326537626536646335666165633936223b733a33323a226632653736366338656137353363663663323138346365316361653862643634223b733a33323a226434363665623039373837303366396134343232383536613735666663653634223b733a33323a226565386636313961396464316363303939303862666365373264376432396531223b733a33323a223034653062393031336162333732303866323639313636376563623364653831223b733a33323a226433393635633935316662323030343837346538656361316330633261633062223b733a33323a223563336163666165306362323735626462663837666638363334613430626635223b733a33323a226565333262643536373062363263636461623539346631373136633762366336223b733a33323a226435353064343966373739353139633463653465393464323930613462373839223b733a33323a226135613938396338643035633266666535363637636661623032343835646163223b733a33323a226430636232663764356264393937643530643366373062643235353431623531223b733a33323a223339653561316665633761666233663732663563386530666438643434333063223b733a33323a226636383230633066353065316334393766653931656362343764393931353237223b733a33323a223465383737363161346338656334653835316138623237353461656333303665223b733a33323a223239343936386162626138323137366265363137613335613833613863386232223b733a33323a223761343939396433643535643461383933353939376437356366396363353236223b733a33323a223830336532383535393931326533323761646437343762363639303736316538223b733a33323a223633363133363836653532393165633834363864333862313464333631616335223b733a33323a223835623736323135313935303930613632386663633261623437613932313530223b733a33323a223561353832343461316636373264353064393766366137626465386264396462223b733a33323a226263663264326536373865613834366365333133643036396463383836316136223b733a33323a223234346165646131333464306634656634336262373162393135396533636466223b733a33323a223832376339363565656362393438326562396232616161303930626238393965223b733a33323a226564653764353033393735353863633338656461656535303133343466333330223b733a33323a223134363437353934646339386438306638313761623534623366373639643964223b733a33323a226437383433333465616435616433393430346364383333663262383065653861223b733a33323a223838643964623366353665383034343566366330366438663261636363346530223b733a33323a223831633863643539323565636532396234356664306266326664663635656633223b733a33323a223261346634633966343531333264643761333863613935623635646335613963223b733a33323a223830363263303232663963343035303363383561343964323465643734393266223b733a33323a226164346330643231393235646134393239383635343662616265323732623137223b733a33323a223930353938396632616138643862656139333866383936383736396462323866223b733a33323a223935613231323538656231333262356638633564373336303333653130623330223b733a33323a223539333461366663343065313130373530303030623965316165313162623536223b733a33323a226338373731393833313431663934626132636335393932376666623037353332223b733a33323a223531313265306334336164316266633730613935353431623934633965386363223b733a33323a223438643766306632363733353236363931326235653661393230626435323664223b733a33323a226537636162363536303836653834613739623465346537356261633539636336223b733a33323a223732656566643433633964616463623336303130633131366132346265333166223b733a33323a226133666630323734383232336666653832643331303434633562643062306365223b733a33323a226664333836396531383362366435633935316665623932393735623264353235223b733a33323a223539653765636662373961643734643665316638616134386433316139646436223b733a33323a223936383932623131383438346434643538373832653263616631666234616534223b733a33323a226132666663636636616239343136653136323838396332316161323831323065223b733a33323a226465303665366236666333623464633536303331333339633634376262353736223b733a33323a223438306262336237343933366261393034373064653039346537663536323664223b733a33323a226261396433666130356433336663633364313937393462306439313937386437223b733a33323a226532663333356365383063336537383564666163613132363033336137396639223b733a33323a223732623537373132313764323862303938353134663064373737343030646433223b733a33323a226337343530383433623262313834363866656162323330666662663461373138223b733a33323a223237353630333466623663303661346533316535313635626563343631373239223b733a33323a226237623030646536386230336330393265373433333939353836643833356134223b733a33323a223533313564666530636130356134613135393634633565326539666532313361223b733a33323a226333333961646631373261373137663039326566323532623536623166323637223b733a33323a226539313239306364613238653864663734616565626339393663626466653632223b733a33323a226233663735366264343835326566623262613537333435626238303964613466223b733a33323a223837383930633230323337633631623132393664373731356330633239333938223b733a33323a223961316232313164356163356262646564343534326533613531656263386533223b733a33323a226261356638336563656139383839626339316134333161316233643539303965223b733a33323a223838623764353866326232396461643162313163326262343330636130333430223b733a33323a223166653461653266373436613530646261646362623366363661303236386131223b733a33323a223761616334376137663634636439663366643532613461326232626131393436223b733a33323a223638343130653762313037383235313037656561303934316435636165333035223b733a33323a223636633235396665363566313739623335353235303531396135636138383664223b733a33323a223632316565376336656236363263323837376431343863653531393065613831223b733a33323a226333653530646230356261383466363333653437336338386462613135663865223b733a33323a223536366364353034633331393235363434396361386534613132323566373036223b733a33323a223038306439373331626338393366656662646235373631623830316237656166223b733a33323a226639303462366263623465636466613332316366303564373664646235633361223b733a33323a223331386566353161663034613135313733666539346233333733643765643166223b733a33323a226164373465663663636431623932613965353965353537396430616131333534223b733a33323a223662326539373131643333323431663763343966383461393432346364376137223b733a33323a223661383936616331376335363138613436323134643239306531626639653930223b733a33323a223163646536393966316338626234356464653565383834333139323636623563223b733a33323a226536346239333831376532643066393735663430313633623962623464356634223b733a33323a226162373365386335643739303233333633633838323362643631336665373062223b733a33323a223064343439666232303936643065393163643736616661323936336534613036223b733a33323a223037353834363136386436303162396136393661313161393330336165316665223b733a33323a223735393865306236666539383235333137313332633139313230373730366162223b733a33323a226664623365653234353436343266383239363032383732303834366461663864223b733a33323a223534363638333065653033626364363332653166646337663535356363336631223b733a33323a226566356131316335303936343966623766636635353064373563396161336461223b733a33323a223033363062393038326338313163623933363865373961313661646337336662223b733a33323a226634643766616536643732393962366230386237333339663036316633343066223b733a33323a223337346166353532653231373363356463313433356165326462363031306633223b733a33323a223861323866653331303161353031626531373563333637363832336565353062223b733a33323a223166303430356138353038613966656634643862636330616530393762363733223b733a33323a223639326565336464633266346339386334616462353365383835353131656663223b733a33323a223136333633376430303263396166366531663535663932636232333038393031223b733a33323a223835666663373732363731633733376561323532633533613231383335623761223b733a33323a226238346165383064386664323232646665326338373766636364346532646236223b733a33323a223833303239646133346365306465383465306332323636633331323238613263223b733a33323a223062316639663464616136336663343339383864333661316430303466653137223b733a33323a223133613064393666643161386134363737613633373265333264623465383535223b733a33323a226336393730613566353938623432383565633966656333396262663834353666223b733a33323a223136333931613662373365616165343135343534633936643464343664363031223b733a33323a226266303438313830663434383631373264393438636364356539636236633462223b733a33323a223830373534646436376530353233623539626263323562326565326137333731223b733a33323a223739383764306237376331323935346566333765666334323062663732373264223b733a33323a226563353661336130313964636237633866316661333461383266333964356363223b733a33323a223935346239366538383436383835613662393434393238633166393566336464223b733a33323a226262353065383935343637316230366262333361366433373736353432633061223b733a33323a226338376561333830633461643932366336343430323939653561356632663538223b733a33323a223762333633373036633164656139626132323637383161383762663837393238223b733a33323a226330356665303639363966643863386531326335613363333935383566306230223b733a33323a226265633566313263633537343163396439623937393761343637613132663436223b733a33323a223564653839643461633632366561666263613134353030343262383331383030223b733a33323a223261663566616332623138663162616235623839636636313932643263396665223b733a33323a223161323835616431306266353165386363643939396239386338666335653665223b733a33323a223164653063366233333239653564663537626137643837373264663361393864223b7d733a343a2268617368223b733a36353a2231646530633662333332396535646635376261376438373732646633613938642d3161323835616431306266353165386363643939396239386338666335653665223b7d733a343a22666c6167223b693a323b733a31333a226974657261746f72436c617373223b733a31333a2241727261794974657261746f72223b733a31393a2270726f74656374656450726f70657274696573223b613a343a7b693a303b733a373a2273746f72616765223b693a313b733a343a22666c6167223b693a323b733a31333a226974657261746f72436c617373223b693a333b733a31393a2270726f74656374656450726f70657274696573223b7d7d4c616d696e61735f56616c696461746f725f437372665f73616c745f7265736f7572636574656d706c617465696d706f7274666f726d5f637372667c4f3a32363a224c616d696e61735c5374646c69625c41727261794f626a656374223a343a7b733a373a2273746f72616765223b613a323a7b733a393a22746f6b656e4c697374223b613a313a7b733a33323a223738623862336239663233653537343035313962663730653861383938376466223b733a33323a226334613434323930616562386536383636333932366461656530333432333434223b7d733a343a2268617368223b733a36353a2263346134343239306165623865363836363339323664616565303334323334342d3738623862336239663233653537343035313962663730653861383938376466223b7d733a343a22666c6167223b693a323b733a31333a226974657261746f72436c617373223b733a31333a2241727261794974657261746f72223b733a31393a2270726f74656374656450726f70657274696573223b613a343a7b693a303b733a373a2273746f72616765223b693a313b733a343a22666c6167223b693a323b733a31333a226974657261746f72436c617373223b693a333b733a31393a2270726f74656374656450726f70657274696573223b7d7d4c616d696e61735f56616c696461746f725f437372665f73616c745f7265736f7572636574656d706c617465666f726d5f637372667c4f3a32363a224c616d696e61735c5374646c69625c41727261794f626a656374223a343a7b733a373a2273746f72616765223b613a323a7b733a393a22746f6b656e4c697374223b613a31333a7b733a33323a226632383734666434346538316162323932623237363063613163373835653663223b733a33323a223265313734353831623164306565366532636530313965343937616366643437223b733a33323a223466393632643762333330363137373164653964343637373833616365393764223b733a33323a223461653633303563383562393235613934663832653166666438366661303331223b733a33323a223636363538373433646233656465656339663331633436346234313737666561223b733a33323a223837316564346531343263376437363061633261336331353138373331396636223b733a33323a226635623165343036653035313836613630653163646333316335643937643237223b733a33323a223162376235353934616137303663636262643332363530393061323165633638223b733a33323a226239376237373135663761363330653032393930346336303234323432333237223b733a33323a223262613237316565656430396261323430623963316363373733396539653566223b733a33323a223335316539333235323963636432646339333164353536376530333332623365223b733a33323a223638393730313534653234373135323035633663313931393333636162653764223b733a33323a223662643963313635373630376432383737653932353861653761326632383635223b733a33323a223263386337336433363337663231633337623130633534353138326361343165223b733a33323a226338316539616363656231353432353338663762343362326637303231386633223b733a33323a223335373631623931346463663235323361353162323964376632343032343631223b733a33323a226634366434323035616562663264393139373830306537393839316661323534223b733a33323a223337623138343536313239356162626633356166656439643163623564356165223b733a33323a223765646437313731326231353062363361336463636134646438316161343562223b733a33323a226163326430346266383865333437646132343361393938353838633330353339223b733a33323a223635353166373939616564666539383066373766343533663532313930636464223b733a33323a223464316538343962313431333665323834316134383837366232306337306237223b733a33323a223031303938343636316436313831383532373535653130343237356361323331223b733a33323a226332363637316332363436326232376331393134663765356330633432653934223b733a33323a226165366264663962623061366337356335316538316566373061333033316232223b733a33323a223135623035373834636535333037383134643163343934303031346630346465223b7d733a343a2268617368223b733a36353a2231356230353738346365353330373831346431633439343030313466303464652d6165366264663962623061366337356335316538316566373061333033316232223b7d733a343a22666c6167223b693a323b733a31333a226974657261746f72436c617373223b733a31333a2241727261794974657261746f72223b733a31393a2270726f74656374656450726f70657274696573223b613a343a7b693a303b733a373a2273746f72616765223b693a313b733a343a22666c6167223b693a323b733a31333a226974657261746f72436c617373223b693a333b733a31393a2270726f74656374656450726f70657274696573223b7d7d4c616d696e61735f56616c696461746f725f437372665f73616c745f766f636162756c617279757064617465666f726d5f637372667c4f3a32363a224c616d696e61735c5374646c69625c41727261794f626a656374223a343a7b733a373a2273746f72616765223b613a323a7b733a393a22746f6b656e4c697374223b613a323a7b733a33323a223332333734396636623337333566353734643563326239643962646333663936223b733a33323a226566346361353864663530646232393865396466623065353061663031373036223b733a33323a223364326137396232393939643830346336663832316565333136656630633761223b733a33323a223037353233326538343736373161356539653831393336386464343035656432223b7d733a343a2268617368223b733a36353a2230373532333265383437363731613565396538313933363864643430356564322d3364326137396232393939643830346336663832316565333136656630633761223b7d733a343a22666c6167223b693a323b733a31333a226974657261746f72436c617373223b733a31333a2241727261794974657261746f72223b733a31393a2270726f74656374656450726f70657274696573223b613a343a7b693a303b733a373a2273746f72616765223b693a313b733a343a22666c6167223b693a323b733a31333a226974657261746f72436c617373223b693a333b733a31393a2270726f74656374656450726f70657274696573223b7d7d, 1760778012),
('3lq1ao1t6q6hoijefemq4flctc', 0x5f5f4c616d696e61737c613a323a7b733a32303a225f524551554553545f4143434553535f54494d45223b643a313736353232323938322e3731373838323b733a363a225f56414c4944223b613a313a7b733a32383a224c616d696e61735c53657373696f6e5c56616c696461746f725c4964223b733a32363a22336c7131616f3174367136686f696a6566656d7134666c637463223b7d7d, 1765222982),
('3m0hmn9cgmobp2aoi3cib6p2rn', 0x5f5f4c616d696e61737c613a323a7b733a32303a225f524551554553545f4143434553535f54494d45223b643a313736353236323937332e3835323330353b733a363a225f56414c4944223b613a313a7b733a32383a224c616d696e61735c53657373696f6e5c56616c696461746f725c4964223b733a32363a22336d30686d6e3963676d6f627032616f6933636962367032726e223b7d7d, 1765262973),
('3rbtsst4oq9lmsprrlkv192vkf', 0x5f5f4c616d696e61737c613a323a7b733a32303a225f524551554553545f4143434553535f54494d45223b643a313736353232353333352e31303738383b733a363a225f56414c4944223b613a313a7b733a32383a224c616d696e61735c53657373696f6e5c56616c696461746f725c4964223b733a32363a2233726274737374346f71396c6d737072726c6b76313932766b66223b7d7d, 1765225335),
('3tbjnfabj36sg8f8itr8pvn1mi', 0x5f5f4c616d696e61737c613a323a7b733a32303a225f524551554553545f4143434553535f54494d45223b643a313736353232353731302e3230363438373b733a363a225f56414c4944223b613a313a7b733a32383a224c616d696e61735c53657373696f6e5c56616c696461746f725c4964223b733a32363a223374626a6e6661626a333673673866386974723870766e316d69223b7d7d, 1765225710),
('3usd0ejm4v86v7cqd8hdkq9oi9', 0x5f5f4c616d696e61737c613a323a7b733a32303a225f524551554553545f4143434553535f54494d45223b643a313736353232333333312e3036303333343b733a363a225f56414c4944223b613a313a7b733a32383a224c616d696e61735c53657373696f6e5c56616c696461746f725c4964223b733a32363a223375736430656a6d3476383676376371643868646b71396f6939223b7d7d, 1765223331);
INSERT INTO `session` (`id`, `data`, `modified`) VALUES
('3van0vdchd5jk5hdj12vrf5nre', 0x5f5f4c616d696e61737c613a323a7b733a32303a225f524551554553545f4143434553535f54494d45223b643a313736353232393730332e3336343531323b733a363a225f56414c4944223b613a313a7b733a32383a224c616d696e61735c53657373696f6e5c56616c696461746f725c4964223b733a32363a223376616e307664636864356a6b3568646a3132767266356e7265223b7d7d, 1765229703),
('41nemi8hcv314g1bgo0kjbbdpb', 0x5f5f4c616d696e61737c613a323a7b733a32303a225f524551554553545f4143434553535f54494d45223b643a313736353232333037302e3733383632323b733a363a225f56414c4944223b613a313a7b733a32383a224c616d696e61735c53657373696f6e5c56616c696461746f725c4964223b733a32363a2234316e656d6938686376333134673162676f306b6a6262647062223b7d7d, 1765223070),
('42hg4qtga5p3jr8fqors41chh5', 0x5f5f4c616d696e61737c613a323a7b733a32303a225f524551554553545f4143434553535f54494d45223b643a313736353233333732322e3233393034323b733a363a225f56414c4944223b613a313a7b733a32383a224c616d696e61735c53657373696f6e5c56616c696461746f725c4964223b733a32363a223432686734717467613570336a723866716f7273343163686835223b7d7d, 1765233722),
('4ldn37pkpirtj8nq4667c8ih6g', 0x5f5f4c616d696e61737c613a323a7b733a32303a225f524551554553545f4143434553535f54494d45223b643a313736353233323635382e3537333238313b733a363a225f56414c4944223b613a313a7b733a32383a224c616d696e61735c53657373696f6e5c56616c696461746f725c4964223b733a32363a22346c646e3337706b706972746a386e7134363637633869683667223b7d7d, 1765232658),
('4lmf50j14qhvjaf901enh41f8u', 0x5f5f4c616d696e61737c613a363a7b733a32303a225f524551554553545f4143434553535f54494d45223b643a313736343637303938372e3630353230343b733a363a225f56414c4944223b613a313a7b733a32383a224c616d696e61735c53657373696f6e5c56616c696461746f725c4964223b733a32363a226e6733316e746c623835336e3569307661393172653636657071223b7d733a34323a224c616d696e61735f56616c696461746f725f437372665f73616c745f6c6f67696e666f726d5f63737266223b613a313a7b733a363a22455850495245223b693a313736343639383335363b7d733a33323a224c616d696e61735f56616c696461746f725f437372665f73616c745f63737266223b613a313a7b733a363a22455850495245223b693a313736343639383431373b7d733a35383a224c616d696e61735f56616c696461746f725f437372665f73616c745f6d6f64756c655f4d794d6f64756c655f636f6e6669677572655f63737266223b613a313a7b733a363a22455850495245223b693a313736343639383336363b7d733a34343a224c616d696e61735f56616c696461746f725f437372665f73616c745f636f6e6669726d666f726d5f63737266223b613a313a7b733a363a22455850495245223b693a313736343731343038313b7d7d72656469726563745f75726c7c733a34333a22687474703a2f2f6c6f63616c686f73742f6f6d6b5f746879705f32352d32365f636c6f6e652f61646d696e223b4c616d696e61735f56616c696461746f725f437372665f73616c745f6c6f67696e666f726d5f637372667c4f3a32363a224c616d696e61735c5374646c69625c41727261794f626a656374223a343a7b733a373a2273746f72616765223b613a323a7b733a393a22746f6b656e4c697374223b613a313a7b733a33323a226339316434663631636237626234343837363838373961643266383166386238223b733a33323a223364363035366133343631356237306165643331386338623462393934343533223b7d733a343a2268617368223b733a36353a2233643630353661333436313562373061656433313863386234623939343435332d6339316434663631636237626234343837363838373961643266383166386238223b7d733a343a22666c6167223b693a323b733a31333a226974657261746f72436c617373223b733a31333a2241727261794974657261746f72223b733a31393a2270726f74656374656450726f70657274696573223b613a343a7b693a303b733a373a2273746f72616765223b693a313b733a343a22666c6167223b693a323b733a31333a226974657261746f72436c617373223b693a333b733a31393a2270726f74656374656450726f70657274696573223b7d7d4c616d696e61735f417574687c4f3a32363a224c616d696e61735c5374646c69625c41727261794f626a656374223a343a7b733a373a2273746f72616765223b613a313a7b733a373a2273746f72616765223b693a313b7d733a343a22666c6167223b693a323b733a31333a226974657261746f72436c617373223b733a31333a2241727261794974657261746f72223b733a31393a2270726f74656374656450726f70657274696573223b613a343a7b693a303b733a373a2273746f72616765223b693a313b733a343a22666c6167223b693a323b733a31333a226974657261746f72436c617373223b693a333b733a31393a2270726f74656374656450726f70657274696573223b7d7d4f6d656b614d657373656e6765727c4f3a32363a224c616d696e61735c5374646c69625c41727261794f626a656374223a343a7b733a373a2273746f72616765223b613a303a7b7d733a343a22666c6167223b693a323b733a31333a226974657261746f72436c617373223b733a31333a2241727261794974657261746f72223b733a31393a2270726f74656374656450726f70657274696573223b613a343a7b693a303b733a373a2273746f72616765223b693a313b733a343a22666c6167223b693a323b733a31333a226974657261746f72436c617373223b693a333b733a31393a2270726f74656374656450726f70657274696573223b7d7d4c616d696e61735f56616c696461746f725f437372665f73616c745f637372667c4f3a32363a224c616d696e61735c5374646c69625c41727261794f626a656374223a343a7b733a373a2273746f72616765223b613a323a7b733a393a22746f6b656e4c697374223b613a353a7b733a33323a223631363430646439323238363465323830626336306633356533356336333361223b733a33323a226531383862376566643331633164363135346166666631666531373433366433223b733a33323a223033356261636666366530633664653762386561633363313836623333353838223b733a33323a226239633837343765613133346266663530646537386633663863313231643231223b733a33323a226134393434316439366636346633383565303266306163393161303832356565223b733a33323a226365656231653932366363303064623537623430646534633632623230663063223b733a33323a223638323734643938653264613536376335323030323666663330353838396262223b733a33323a223361613335393461653761326165326332333037643330326234656337303265223b733a33323a223932363564336664373937616335383563316334653362353466356237393937223b733a33323a226231656163336566626234383538633130343430333766353437313065353839223b7d733a343a2268617368223b733a36353a2262316561633365666262343835386331303434303337663534373130653538392d3932363564336664373937616335383563316334653362353466356237393937223b7d733a343a22666c6167223b693a323b733a31333a226974657261746f72436c617373223b733a31333a2241727261794974657261746f72223b733a31393a2270726f74656374656450726f70657274696573223b613a343a7b693a303b733a373a2273746f72616765223b693a313b733a343a22666c6167223b693a323b733a31333a226974657261746f72436c617373223b693a333b733a31393a2270726f74656374656450726f70657274696573223b7d7d4c616d696e61735f56616c696461746f725f437372665f73616c745f6d6f64756c655f4d794d6f64756c655f636f6e6669677572655f637372667c4f3a32363a224c616d696e61735c5374646c69625c41727261794f626a656374223a343a7b733a373a2273746f72616765223b613a323a7b733a393a22746f6b656e4c697374223b613a313a7b733a33323a223065383835616265373230633938653630353037613165396264636634303138223b733a33323a223034323539386265383434303438356139386533323136306138376363313863223b7d733a343a2268617368223b733a36353a2230343235393862653834343034383561393865333231363061383763633138632d3065383835616265373230633938653630353037613165396264636634303138223b7d733a343a22666c6167223b693a323b733a31333a226974657261746f72436c617373223b733a31333a2241727261794974657261746f72223b733a31393a2270726f74656374656450726f70657274696573223b613a343a7b693a303b733a373a2273746f72616765223b693a313b733a343a22666c6167223b693a323b733a31333a226974657261746f72436c617373223b693a333b733a31393a2270726f74656374656450726f70657274696573223b7d7d4c616d696e61735f56616c696461746f725f437372665f73616c745f636f6e6669726d666f726d5f637372667c4f3a32363a224c616d696e61735c5374646c69625c41727261794f626a656374223a343a7b733a373a2273746f72616765223b613a323a7b733a393a22746f6b656e4c697374223b613a363a7b733a33323a223566356532396530383164356565316263396139626533316662336331323632223b733a33323a223535323864386336383830363133316136653331653164666630313062356166223b733a33323a223235333566303538396363646539356432393366316635386239623632643065223b733a33323a223865636439636164623630356331613761383438363366396430373863383636223b733a33323a226335356334326539626130313237313534373139326633333333313033303439223b733a33323a223033636435346166656161636430653835636266373037333334656131343536223b733a33323a223539383930366331393436396137343631643931393732356162656434656662223b733a33323a223630616338646465326365623039616262363361666263396539616431316231223b733a33323a223466346534333862313861663666623239346130396365656364623534646232223b733a33323a223530616638373335326539373065396235386136666335666462643130353131223b733a33323a226262353162396666656235363837373366393835346263326163653939643838223b733a33323a223962643165646336613337646162653837323037613037616163333966396133223b7d733a343a2268617368223b733a36353a2239626431656463366133376461626538373230376130376161633339663961332d6262353162396666656235363837373366393835346263326163653939643838223b7d733a343a22666c6167223b693a323b733a31333a226974657261746f72436c617373223b733a31333a2241727261794974657261746f72223b733a31393a2270726f74656374656450726f70657274696573223b613a343a7b693a303b733a373a2273746f72616765223b693a313b733a343a22666c6167223b693a323b733a31333a226974657261746f72436c617373223b693a333b733a31393a2270726f74656374656450726f70657274696573223b7d7d, 1764670987),
('4mgiquuqlt07ujbppg0k07kkik', 0x5f5f4c616d696e61737c613a323a7b733a32303a225f524551554553545f4143434553535f54494d45223b643a313736353233323636312e3134333835323b733a363a225f56414c4944223b613a313a7b733a32383a224c616d696e61735c53657373696f6e5c56616c696461746f725c4964223b733a32363a22346d6769717575716c743037756a62707067306b30376b6b696b223b7d7d, 1765232661),
('4osie0hf5fca8qsecs5jf91uc0', 0x5f5f4c616d696e61737c613a323a7b733a32303a225f524551554553545f4143434553535f54494d45223b643a313736353233343436332e3139323336353b733a363a225f56414c4944223b613a313a7b733a32383a224c616d696e61735c53657373696f6e5c56616c696461746f725c4964223b733a32363a22346f73696530686635666361387173656373356a663931756330223b7d7d, 1765234463),
('51oagqaj246m9kilg0derr96mj', 0x5f5f4c616d696e61737c613a323a7b733a32303a225f524551554553545f4143434553535f54494d45223b643a313736353233323733302e3636343631353b733a363a225f56414c4944223b613a313a7b733a32383a224c616d696e61735c53657373696f6e5c56616c696461746f725c4964223b733a32363a2235316f616771616a3234366d396b696c67306465727239366d6a223b7d7d, 1765232730),
('520vb15vs0p1nftm15vckbj4tk', 0x5f5f4c616d696e61737c613a323a7b733a32303a225f524551554553545f4143434553535f54494d45223b643a313736353232333333312e3035383330333b733a363a225f56414c4944223b613a313a7b733a32383a224c616d696e61735c53657373696f6e5c56616c696461746f725c4964223b733a32363a223532307662313576733070316e66746d313576636b626a34746b223b7d7d, 1765223331),
('5b3vh1mql630t0hj9k9qfc2nh6', 0x5f5f4c616d696e61737c613a323a7b733a32303a225f524551554553545f4143434553535f54494d45223b643a313736353233323635392e3836333931363b733a363a225f56414c4944223b613a313a7b733a32383a224c616d696e61735c53657373696f6e5c56616c696461746f725c4964223b733a32363a223562337668316d716c3633307430686a396b39716663326e6836223b7d7d, 1765232659),
('5gkmvj1r7el0jqno62ce4iqs3c', 0x5f5f4c616d696e61737c613a323a7b733a32303a225f524551554553545f4143434553535f54494d45223b643a313736353233323635392e3435333235353b733a363a225f56414c4944223b613a313a7b733a32383a224c616d696e61735c53657373696f6e5c56616c696461746f725c4964223b733a32363a2235676b6d766a317237656c306a716e6f36326365346971733363223b7d7d, 1765232659),
('5h3qr1eqfp7j0benbua88am4a0', 0x5f5f4c616d696e61737c613a323a7b733a32303a225f524551554553545f4143434553535f54494d45223b643a313736353232323737382e3835393437343b733a363a225f56414c4944223b613a313a7b733a32383a224c616d696e61735c53657373696f6e5c56616c696461746f725c4964223b733a32363a2235683371723165716670376a3062656e6275613838616d346130223b7d7d, 1765222778),
('5ttp1cidfgkea0pegok3sod8l8', 0x5f5f4c616d696e61737c613a323a7b733a32303a225f524551554553545f4143434553535f54494d45223b643a313736353233333634322e3133343637393b733a363a225f56414c4944223b613a313a7b733a32383a224c616d696e61735c53657373696f6e5c56616c696461746f725c4964223b733a32363a22357474703163696466676b6561307065676f6b33736f64386c38223b7d7d, 1765233642),
('5v6gvql6ntg3402k4goc68tflb', 0x5f5f4c616d696e61737c613a323a7b733a32303a225f524551554553545f4143434553535f54494d45223b643a313736353232333233302e3933353834373b733a363a225f56414c4944223b613a313a7b733a32383a224c616d696e61735c53657373696f6e5c56616c696461746f725c4964223b733a32363a223576366776716c366e7467333430326b34676f63363874666c62223b7d7d, 1765223230),
('61ldslo1ba4ug6h9667g946f7p', 0x5f5f4c616d696e61737c613a323a7b733a32303a225f524551554553545f4143434553535f54494d45223b643a313736353232363930312e3433313835373b733a363a225f56414c4944223b613a313a7b733a32383a224c616d696e61735c53657373696f6e5c56616c696461746f725c4964223b733a32363a2236316c64736c6f31626134756736683936363767393436663770223b7d7d, 1765226901),
('63uttdh2f5jckbnvgk4kkh2a16', 0x5f5f4c616d696e61737c613a323a7b733a32303a225f524551554553545f4143434553535f54494d45223b643a313736353233333732342e34393838333b733a363a225f56414c4944223b613a313a7b733a32383a224c616d696e61735c53657373696f6e5c56616c696461746f725c4964223b733a32363a22363375747464683266356a636b626e76676b346b6b6832613136223b7d7d, 1765233724),
('64b1c03ksd7abrvc53jlatkmer', 0x5f5f4c616d696e61737c613a323a7b733a32303a225f524551554553545f4143434553535f54494d45223b643a313736353233333634322e3237333232313b733a363a225f56414c4944223b613a313a7b733a32383a224c616d696e61735c53657373696f6e5c56616c696461746f725c4964223b733a32363a22363462316330336b736437616272766335336a6c61746b6d6572223b7d7d, 1765233642),
('6ga60sthsclo80s9gvpr33qtuq', 0x5f5f4c616d696e61737c613a323a7b733a32303a225f524551554553545f4143434553535f54494d45223b643a313736353233333433362e32363636333b733a363a225f56414c4944223b613a313a7b733a32383a224c616d696e61735c53657373696f6e5c56616c696461746f725c4964223b733a32363a22366761363073746873636c6f3830733967767072333371747571223b7d7d, 1765233436),
('6heeiur7ua7osg7q9v9sq647uu', 0x5f5f4c616d696e61737c613a323a7b733a32303a225f524551554553545f4143434553535f54494d45223b643a313736353232363335362e3235313231323b733a363a225f56414c4944223b613a313a7b733a32383a224c616d696e61735c53657373696f6e5c56616c696461746f725c4964223b733a32363a2236686565697572377561376f7367377139763973713634377575223b7d7d, 1765226356),
('6i041u3phgtc9e4c614eg6e023', 0x5f5f4c616d696e61737c613a323a7b733a32303a225f524551554553545f4143434553535f54494d45223b643a313736353233323635392e3031393432383b733a363a225f56414c4944223b613a313a7b733a32383a224c616d696e61735c53657373696f6e5c56616c696461746f725c4964223b733a32363a223669303431753370686774633965346336313465673665303233223b7d7d, 1765232659),
('6qil7e1m9e492ev6ra9b28cd9o', 0x5f5f4c616d696e61737c613a323a7b733a32303a225f524551554553545f4143434553535f54494d45223b643a313736353233323636312e3637303831383b733a363a225f56414c4944223b613a313a7b733a32383a224c616d696e61735c53657373696f6e5c56616c696461746f725c4964223b733a32363a223671696c3765316d39653439326576367261396232386364396f223b7d7d, 1765232661),
('6qmd08o60d5l51a1lehol4tuv2', 0x5f5f4c616d696e61737c613a323a7b733a32303a225f524551554553545f4143434553535f54494d45223b643a313736353236323937332e3836353835323b733a363a225f56414c4944223b613a313a7b733a32383a224c616d696e61735c53657373696f6e5c56616c696461746f725c4964223b733a32363a2236716d6430386f363064356c353161316c65686f6c3474757632223b7d7d, 1765262973),
('6sjie3afl61od0jt66br1m4n1t', 0x5f5f4c616d696e61737c613a323a7b733a32303a225f524551554553545f4143434553535f54494d45223b643a313736353233333735342e34333232393b733a363a225f56414c4944223b613a313a7b733a32383a224c616d696e61735c53657373696f6e5c56616c696461746f725c4964223b733a32363a2236736a69653361666c36316f64306a7436366272316d346e3174223b7d7d, 1765233754),
('734evc0srbp8tv6o3le6mvuuh8', 0x5f5f4c616d696e61737c613a323a7b733a32303a225f524551554553545f4143434553535f54494d45223b643a313736353233343436332e3139303735313b733a363a225f56414c4944223b613a313a7b733a32383a224c616d696e61735c53657373696f6e5c56616c696461746f725c4964223b733a32363a223733346576633073726270387476366f336c65366d7675756838223b7d7d, 1765234463),
('7o8002ukjl36r0rm1tnat2ehar', 0x5f5f4c616d696e61737c613a323a7b733a32303a225f524551554553545f4143434553535f54494d45223b643a313736353233333634392e38343336393b733a363a225f56414c4944223b613a313a7b733a32383a224c616d696e61735c53657373696f6e5c56616c696461746f725c4964223b733a32363a22376f38303032756b6a6c33367230726d31746e61743265686172223b7d7d, 1765233649),
('7qk5f9bl6r5sr9rcq1tib79pfi', 0x5f5f4c616d696e61737c613a323a7b733a32303a225f524551554553545f4143434553535f54494d45223b643a313736353233323636302e3336343630393b733a363a225f56414c4944223b613a313a7b733a32383a224c616d696e61735c53657373696f6e5c56616c696461746f725c4964223b733a32363a2237716b356639626c367235737239726371317469623739706669223b7d7d, 1765232660),
('7vmp2rr4lolvlk4il47479nnnk', 0x5f5f4c616d696e61737c613a323a7b733a32303a225f524551554553545f4143434553535f54494d45223b643a313736353233333733352e3432373834343b733a363a225f56414c4944223b613a313a7b733a32383a224c616d696e61735c53657373696f6e5c56616c696461746f725c4964223b733a32363a2237766d70327272346c6f6c766c6b34696c34373437396e6e6e6b223b7d7d, 1765233735),
('87e8laft6buge2oe6h6qoij3gs', 0x5f5f4c616d696e61737c613a323a7b733a32303a225f524551554553545f4143434553535f54494d45223b643a313736353233323635382e3437353237393b733a363a225f56414c4944223b613a313a7b733a32383a224c616d696e61735c53657373696f6e5c56616c696461746f725c4964223b733a32363a22383765386c6166743662756765326f65366836716f696a336773223b7d7d, 1765232658),
('882tf4hrf8o3tcmi1il427dlaq', 0x5f5f4c616d696e61737c613a323a7b733a32303a225f524551554553545f4143434553535f54494d45223b643a313736353232313734342e3032383937313b733a363a225f56414c4944223b613a313a7b733a32383a224c616d696e61735c53657373696f6e5c56616c696461746f725c4964223b733a32363a22383832746634687266386f3374636d6931696c343237646c6171223b7d7d, 1765221744),
('8bsj1artpv3neemr8esluaisa3', 0x5f5f4c616d696e61737c613a353a7b733a32303a225f524551554553545f4143434553535f54494d45223b643a313736353132343739372e3436313637313b733a363a225f56414c4944223b613a313a7b733a32383a224c616d696e61735c53657373696f6e5c56616c696461746f725c4964223b733a32363a223672706b6130677464723064626c613836313230316939746a69223b7d733a34323a224c616d696e61735f56616c696461746f725f437372665f73616c745f6c6f67696e666f726d5f63737266223b613a313a7b733a363a22455850495245223b693a313736353136373730353b7d733a34343a224c616d696e61735f56616c696461746f725f437372665f73616c745f636f6e6669726d666f726d5f63737266223b613a313a7b733a363a22455850495245223b693a313736353136373939353b7d733a33323a224c616d696e61735f56616c696461746f725f437372665f73616c745f63737266223b613a313a7b733a363a22455850495245223b693a313736353136373732323b7d7d72656469726563745f75726c7c733a34333a22687474703a2f2f6c6f63616c686f73742f6f6d6b5f746879705f32352d32365f636c6f6e652f61646d696e223b4c616d696e61735f56616c696461746f725f437372665f73616c745f6c6f67696e666f726d5f637372667c4f3a32363a224c616d696e61735c5374646c69625c41727261794f626a656374223a343a7b733a373a2273746f72616765223b613a323a7b733a393a22746f6b656e4c697374223b613a313a7b733a33323a226539626432363438343232346261373862306634343166386635313434373133223b733a33323a223166626130653166383236346339623263313863363462656237633064323865223b7d733a343a2268617368223b733a36353a2231666261306531663832363463396232633138633634626562376330643238652d6539626432363438343232346261373862306634343166386635313434373133223b7d733a343a22666c6167223b693a323b733a31333a226974657261746f72436c617373223b733a31333a2241727261794974657261746f72223b733a31393a2270726f74656374656450726f70657274696573223b613a343a7b693a303b733a373a2273746f72616765223b693a313b733a343a22666c6167223b693a323b733a31333a226974657261746f72436c617373223b693a333b733a31393a2270726f74656374656450726f70657274696573223b7d7d4c616d696e61735f417574687c4f3a32363a224c616d696e61735c5374646c69625c41727261794f626a656374223a343a7b733a373a2273746f72616765223b613a313a7b733a373a2273746f72616765223b693a313b7d733a343a22666c6167223b693a323b733a31333a226974657261746f72436c617373223b733a31333a2241727261794974657261746f72223b733a31393a2270726f74656374656450726f70657274696573223b613a343a7b693a303b733a373a2273746f72616765223b693a313b733a343a22666c6167223b693a323b733a31333a226974657261746f72436c617373223b693a333b733a31393a2270726f74656374656450726f70657274696573223b7d7d4f6d656b614d657373656e6765727c4f3a32363a224c616d696e61735c5374646c69625c41727261794f626a656374223a343a7b733a373a2273746f72616765223b613a303a7b7d733a343a22666c6167223b693a323b733a31333a226974657261746f72436c617373223b733a31333a2241727261794974657261746f72223b733a31393a2270726f74656374656450726f70657274696573223b613a343a7b693a303b733a373a2273746f72616765223b693a313b733a343a22666c6167223b693a323b733a31333a226974657261746f72436c617373223b693a333b733a31393a2270726f74656374656450726f70657274696573223b7d7d4c616d696e61735f56616c696461746f725f437372665f73616c745f636f6e6669726d666f726d5f637372667c4f3a32363a224c616d696e61735c5374646c69625c41727261794f626a656374223a343a7b733a373a2273746f72616765223b613a323a7b733a393a22746f6b656e4c697374223b613a343a7b733a33323a226666653534343834323162383065333933643136303436646638303435356162223b733a33323a223131343435656337366233653161353931363830623631316236323038623636223b733a33323a223833313632303365326263643237373830636632303764353263633439363166223b733a33323a223666336661356266616537363665313831333564333163383230313739376636223b733a33323a223137306432613932623661623739303631613534623565363032393533663765223b733a33323a223465383838333835316466633861383263373736333161383233313033303038223b733a33323a226537343230316438303332353666326232323566363037393235666239643162223b733a33323a226563306666366130326130343264376138666436333963356134346263653038223b7d733a343a2268617368223b733a36353a2265633066663661303261303432643761386664363339633561343462636530382d6537343230316438303332353666326232323566363037393235666239643162223b7d733a343a22666c6167223b693a323b733a31333a226974657261746f72436c617373223b733a31333a2241727261794974657261746f72223b733a31393a2270726f74656374656450726f70657274696573223b613a343a7b693a303b733a373a2273746f72616765223b693a313b733a343a22666c6167223b693a323b733a31333a226974657261746f72436c617373223b693a333b733a31393a2270726f74656374656450726f70657274696573223b7d7d4c616d696e61735f56616c696461746f725f437372665f73616c745f637372667c4f3a32363a224c616d696e61735c5374646c69625c41727261794f626a656374223a343a7b733a373a2273746f72616765223b613a323a7b733a393a22746f6b656e4c697374223b613a323a7b733a33323a223465663933643865643432623663393363323035323936633964383430313635223b733a33323a223739313662363437303162393163633832313862313634313336306161383966223b733a33323a226333636531343231343635613362663133646465636130316232353638313531223b733a33323a223865326465373139666432393363373861326165376462383465376332343765223b7d733a343a2268617368223b733a36353a2238653264653731396664323933633738613261653764623834653763323437652d6333636531343231343635613362663133646465636130316232353638313531223b7d733a343a22666c6167223b693a323b733a31333a226974657261746f72436c617373223b733a31333a2241727261794974657261746f72223b733a31393a2270726f74656374656450726f70657274696573223b613a343a7b693a303b733a373a2273746f72616765223b693a313b733a343a22666c6167223b693a323b733a31333a226974657261746f72436c617373223b693a333b733a31393a2270726f74656374656450726f70657274696573223b7d7d, 1765124797),
('8ckr9q9shs4b0alrf967er1llq', 0x5f5f4c616d696e61737c613a323a7b733a32303a225f524551554553545f4143434553535f54494d45223b643a313736353232363933382e3636333935333b733a363a225f56414c4944223b613a313a7b733a32383a224c616d696e61735c53657373696f6e5c56616c696461746f725c4964223b733a32363a2238636b72397139736873346230616c72663936376572316c6c71223b7d7d, 1765226938),
('8l7deqr1vhkbnsvee829ajtk98', 0x5f5f4c616d696e61737c613a323a7b733a32303a225f524551554553545f4143434553535f54494d45223b643a313736353232353134342e3032333737393b733a363a225f56414c4944223b613a313a7b733a32383a224c616d696e61735c53657373696f6e5c56616c696461746f725c4964223b733a32363a22386c37646571723176686b626e73766565383239616a746b3938223b7d7d, 1765225144),
('8pkuj309pfu02v8s9nr2jdu3c8', 0x5f5f4c616d696e61737c613a323a7b733a32303a225f524551554553545f4143434553535f54494d45223b643a313736353232313431302e3536343635343b733a363a225f56414c4944223b613a313a7b733a32383a224c616d696e61735c53657373696f6e5c56616c696461746f725c4964223b733a32363a2238706b756a3330397066753032763873396e72326a6475336338223b7d7d, 1765221410),
('91vphmd0nj7ui6v07u9ib60rbk', 0x5f5f4c616d696e61737c613a323a7b733a32303a225f524551554553545f4143434553535f54494d45223b643a313736353233333632312e3335393337383b733a363a225f56414c4944223b613a313a7b733a32383a224c616d696e61735c53657373696f6e5c56616c696461746f725c4964223b733a32363a2239317670686d64306e6a3775693676303775396962363072626b223b7d7d, 1765233621),
('9572kb8bhsd6tg17lqjcet61ft', 0x5f5f4c616d696e61737c613a323a7b733a32303a225f524551554553545f4143434553535f54494d45223b643a313736353232363930312e3736373836323b733a363a225f56414c4944223b613a313a7b733a32383a224c616d696e61735c53657373696f6e5c56616c696461746f725c4964223b733a32363a22393537326b62386268736436746731376c716a63657436316674223b7d7d, 1765226901),
('9celgc1hephug89upp406dui06', 0x5f5f4c616d696e61737c613a333a7b733a32303a225f524551554553545f4143434553535f54494d45223b643a313736353232333639322e3839353634343b733a363a225f56414c4944223b613a313a7b733a32383a224c616d696e61735c53657373696f6e5c56616c696461746f725c4964223b733a32363a223963656c67633168657068756738397570703430366475693036223b7d733a34323a224c616d696e61735f56616c696461746f725f437372665f73616c745f6c6f67696e666f726d5f63737266223b613a313a7b733a363a22455850495245223b693a313736353236363839323b7d7d4f6d656b614d657373656e6765727c4f3a32363a224c616d696e61735c5374646c69625c41727261794f626a656374223a343a7b733a373a2273746f72616765223b613a303a7b7d733a343a22666c6167223b693a323b733a31333a226974657261746f72436c617373223b733a31333a2241727261794974657261746f72223b733a31393a2270726f74656374656450726f70657274696573223b613a343a7b693a303b733a373a2273746f72616765223b693a313b733a343a22666c6167223b693a323b733a31333a226974657261746f72436c617373223b693a333b733a31393a2270726f74656374656450726f70657274696573223b7d7d4c616d696e61735f56616c696461746f725f437372665f73616c745f6c6f67696e666f726d5f637372667c4f3a32363a224c616d696e61735c5374646c69625c41727261794f626a656374223a343a7b733a373a2273746f72616765223b613a323a7b733a393a22746f6b656e4c697374223b613a313a7b733a33323a226330356366366533386637613337633232323737393334323932633337623238223b733a33323a226338343738356538386330343466346265613731383136366563333262383063223b7d733a343a2268617368223b733a36353a2263383437383565383863303434663462656137313831363665633332623830632d6330356366366533386637613337633232323737393334323932633337623238223b7d733a343a22666c6167223b693a323b733a31333a226974657261746f72436c617373223b733a31333a2241727261794974657261746f72223b733a31393a2270726f74656374656450726f70657274696573223b613a343a7b693a303b733a373a2273746f72616765223b693a313b733a343a22666c6167223b693a323b733a31333a226974657261746f72436c617373223b693a333b733a31393a2270726f74656374656450726f70657274696573223b7d7d, 1765223692),
('9hb6n0t9kuc2b50cv7uda9h0pk', 0x5f5f4c616d696e61737c613a323a7b733a32303a225f524551554553545f4143434553535f54494d45223b643a313736353232393038352e3430313836363b733a363a225f56414c4944223b613a313a7b733a32383a224c616d696e61735c53657373696f6e5c56616c696461746f725c4964223b733a32363a22396862366e3074396b756332623530637637756461396830706b223b7d7d, 1765229085),
('9ivmca5e12jgh63pus6a7242sq', 0x5f5f4c616d696e61737c613a323a7b733a32303a225f524551554553545f4143434553535f54494d45223b643a313736353233343430312e3134383130313b733a363a225f56414c4944223b613a313a7b733a32383a224c616d696e61735c53657373696f6e5c56616c696461746f725c4964223b733a32363a223969766d6361356531326a676836337075733661373234327371223b7d7d, 1765234401),
('9lo8ja8ud8a694ijoicfkm5s92', 0x5f5f4c616d696e61737c613a323a7b733a32303a225f524551554553545f4143434553535f54494d45223b643a313736353232323930372e3739303937333b733a363a225f56414c4944223b613a313a7b733a32383a224c616d696e61735c53657373696f6e5c56616c696461746f725c4964223b733a32363a22396c6f386a613875643861363934696a6f6963666b6d35733932223b7d7d, 1765222907),
('9nb1pdq8l113u2r8e30m3rjj7t', 0x5f5f4c616d696e61737c613a323a7b733a32303a225f524551554553545f4143434553535f54494d45223b643a313736353233323636302e3739353937383b733a363a225f56414c4944223b613a313a7b733a32383a224c616d696e61735c53657373696f6e5c56616c696461746f725c4964223b733a32363a22396e6231706471386c313133753272386533306d33726a6a3774223b7d7d, 1765232660),
('a39kvaq7b6l5hr063b4itbptpe', 0x5f5f4c616d696e61737c613a323a7b733a32303a225f524551554553545f4143434553535f54494d45223b643a313736353233333730332e3938363334393b733a363a225f56414c4944223b613a313a7b733a32383a224c616d696e61735c53657373696f6e5c56616c696461746f725c4964223b733a32363a226133396b7661713762366c356872303633623469746270747065223b7d7d, 1765233703),
('a8igf92rvkss8ikh8clpqkt68o', 0x5f5f4c616d696e61737c613a323a7b733a32303a225f524551554553545f4143434553535f54494d45223b643a313736353232313532352e3636383636363b733a363a225f56414c4944223b613a313a7b733a32383a224c616d696e61735c53657373696f6e5c56616c696461746f725c4964223b733a32363a226138696766393272766b737338696b6838636c70716b7436386f223b7d7d, 1765221525),
('aa0i5m8sn5goabn263s5558nfh', 0x5f5f4c616d696e61737c613a323a7b733a32303a225f524551554553545f4143434553535f54494d45223b643a313736353233333632312e3335313633373b733a363a225f56414c4944223b613a313a7b733a32383a224c616d696e61735c53657373696f6e5c56616c696461746f725c4964223b733a32363a2261613069356d38736e35676f61626e32363373353535386e6668223b7d7d, 1765233621),
('agmchoniftklb3o69d99sm9hc3', 0x5f5f4c616d696e61737c613a323a7b733a32303a225f524551554553545f4143434553535f54494d45223b643a313736353233343436312e3936363930313b733a363a225f56414c4944223b613a313a7b733a32383a224c616d696e61735c53657373696f6e5c56616c696461746f725c4964223b733a32363a2261676d63686f6e6966746b6c62336f3639643939736d39686333223b7d7d, 1765234461),
('agrng6mj5q13fci9ns7b69nth4', 0x5f5f4c616d696e61737c613a323a7b733a32303a225f524551554553545f4143434553535f54494d45223b643a313736353233343436312e3936343231373b733a363a225f56414c4944223b613a313a7b733a32383a224c616d696e61735c53657373696f6e5c56616c696461746f725c4964223b733a32363a226167726e67366d6a35713133666369396e73376236396e746834223b7d7d, 1765234461),
('al6ihebo0n2aca7qchhk329t4j', 0x5f5f4c616d696e61737c613a323a7b733a32303a225f524551554553545f4143434553535f54494d45223b643a313736353232333333312e3036303336363b733a363a225f56414c4944223b613a313a7b733a32383a224c616d696e61735c53657373696f6e5c56616c696461746f725c4964223b733a32363a22616c36696865626f306e3261636137716368686b33323974346a223b7d7d, 1765223331),
('aui7go51fpvgbhv0jkqtl7a2h8', 0x5f5f4c616d696e61737c613a323a7b733a32303a225f524551554553545f4143434553535f54494d45223b643a313736353232333234392e3037333832313b733a363a225f56414c4944223b613a313a7b733a32383a224c616d696e61735c53657373696f6e5c56616c696461746f725c4964223b733a32363a2261756937676f353166707667626876306a6b71746c3761326838223b7d7d, 1765223249),
('b3lf5uppav1qa4079oohhcfolp', 0x5f5f4c616d696e61737c613a323a7b733a32303a225f524551554553545f4143434553535f54494d45223b643a313736353233333733352e3432373834343b733a363a225f56414c4944223b613a313a7b733a32383a224c616d696e61735c53657373696f6e5c56616c696461746f725c4964223b733a32363a2262336c66357570706176317161343037396f6f686863666f6c70223b7d7d, 1765233735),
('bdcvh82v8djvaj7cjn09aseak5', 0x5f5f4c616d696e61737c613a323a7b733a32303a225f524551554553545f4143434553535f54494d45223b643a313736353232333230382e3530373436373b733a363a225f56414c4944223b613a313a7b733a32383a224c616d696e61735c53657373696f6e5c56616c696461746f725c4964223b733a32363a22626463766838327638646a76616a37636a6e3039617365616b35223b7d7d, 1765223208),
('bdq7lod09khoprl8s3jf6b2lfm', 0x5f5f4c616d696e61737c613a323a7b733a32303a225f524551554553545f4143434553535f54494d45223b643a313736353233333735382e3734303335383b733a363a225f56414c4944223b613a313a7b733a32383a224c616d696e61735c53657373696f6e5c56616c696461746f725c4964223b733a32363a22626471376c6f6430396b686f70726c3873336a663662326c666d223b7d7d, 1765233758),
('bf49h1fuoqst20ei2hcea4iid0', 0x5f5f4c616d696e61737c613a323a7b733a32303a225f524551554553545f4143434553535f54494d45223b643a313736353233323636302e3136323439383b733a363a225f56414c4944223b613a313a7b733a32383a224c616d696e61735c53657373696f6e5c56616c696461746f725c4964223b733a32363a2262663439683166756f7173743230656932686365613469696430223b7d7d, 1765232660),
('bthqr80hrnmfipon8ka3bhpbel', 0x5f5f4c616d696e61737c613a323a7b733a32303a225f524551554553545f4143434553535f54494d45223b643a313736353232393033312e313735363b733a363a225f56414c4944223b613a313a7b733a32383a224c616d696e61735c53657373696f6e5c56616c696461746f725c4964223b733a32363a226274687172383068726e6d6669706f6e386b613362687062656c223b7d7d, 1765229031),
('ch7c8jb4gi734sluatk22n46cr', 0x5f5f4c616d696e61737c613a323a7b733a32303a225f524551554553545f4143434553535f54494d45223b643a313736353232363239342e3134363034363b733a363a225f56414c4944223b613a313a7b733a32383a224c616d696e61735c53657373696f6e5c56616c696461746f725c4964223b733a32363a2263683763386a62346769373334736c7561746b32326e34366372223b7d7d, 1765226294),
('chn1hfm2sp4diav7i0263rren1', 0x5f5f4c616d696e61737c613a323a7b733a32303a225f524551554553545f4143434553535f54494d45223b643a313736353232393037332e3537363035343b733a363a225f56414c4944223b613a313a7b733a32383a224c616d696e61735c53657373696f6e5c56616c696461746f725c4964223b733a32363a2263686e3168666d32737034646961763769303236337272656e31223b7d7d, 1765229073),
('ckq7jo4suvnajj9iojpaipr3od', 0x5f5f4c616d696e61737c613a323a7b733a32303a225f524551554553545f4143434553535f54494d45223b643a313736353232323939322e3539353937383b733a363a225f56414c4944223b613a313a7b733a32383a224c616d696e61735c53657373696f6e5c56616c696461746f725c4964223b733a32363a22636b71376a6f347375766e616a6a39696f6a7061697072336f64223b7d7d, 1765222992),
('crss4km4schkdi574gq5uc0ip4', 0x5f5f4c616d696e61737c613a323a7b733a32303a225f524551554553545f4143434553535f54494d45223b643a313736353232363533392e3035393933383b733a363a225f56414c4944223b613a313a7b733a32383a224c616d696e61735c53657373696f6e5c56616c696461746f725c4964223b733a32363a2263727373346b6d347363686b6469353734677135756330697034223b7d7d, 1765226539),
('d64kc4280fmlshf7jq4bgcs37a', 0x5f5f4c616d696e61737c613a323a7b733a32303a225f524551554553545f4143434553535f54494d45223b643a313736353232363533392e3037303636323b733a363a225f56414c4944223b613a313a7b733a32383a224c616d696e61735c53657373696f6e5c56616c696461746f725c4964223b733a32363a226436346b6334323830666d6c736866376a713462676373333761223b7d7d, 1765226539),
('d9shpvvpq5tsp6qvcinkehm3ao', 0x5f5f4c616d696e61737c613a323a7b733a32303a225f524551554553545f4143434553535f54494d45223b643a313736353232323930382e3031353136353b733a363a225f56414c4944223b613a313a7b733a32383a224c616d696e61735c53657373696f6e5c56616c696461746f725c4964223b733a32363a226439736870767670713574737036717663696e6b65686d33616f223b7d7d, 1765222908),
('dhmlmau6aoc42ma7q3tibem1sk', 0x5f5f4c616d696e61737c613a323a7b733a32303a225f524551554553545f4143434553535f54494d45223b643a313736353233323636312e33343139333b733a363a225f56414c4944223b613a313a7b733a32383a224c616d696e61735c53657373696f6e5c56616c696461746f725c4964223b733a32363a2264686d6c6d617536616f6334326d61377133746962656d31736b223b7d7d, 1765232661),
('djjgdhvkgf6d46f57ou0103oia', 0x5f5f4c616d696e61737c613a323a7b733a32303a225f524551554553545f4143434553535f54494d45223b643a313736353233323636312e30323830363b733a363a225f56414c4944223b613a313a7b733a32383a224c616d696e61735c53657373696f6e5c56616c696461746f725c4964223b733a32363a22646a6a676468766b6766366434366635376f75303130336f6961223b7d7d, 1765232661),
('dtrg48q1cna7s688joa1hp8hiq', 0x5f5f4c616d696e61737c613a323a7b733a32303a225f524551554553545f4143434553535f54494d45223b643a313736353232333138352e3234333237363b733a363a225f56414c4944223b613a313a7b733a32383a224c616d696e61735c53657373696f6e5c56616c696461746f725c4964223b733a32363a226474726734387131636e6137733638386a6f6131687038686971223b7d7d, 1765223185),
('dvsjo6uocjkkafob5f2uic394h', 0x5f5f4c616d696e61737c613a323a7b733a32303a225f524551554553545f4143434553535f54494d45223b643a313736353232323836332e3430383735343b733a363a225f56414c4944223b613a313a7b733a32383a224c616d696e61735c53657373696f6e5c56616c696461746f725c4964223b733a32363a226476736a6f36756f636a6b6b61666f6235663275696333393468223b7d7d, 1765222863),
('e8oqfknghqqdibiid19m5i5q7r', 0x5f5f4c616d696e61737c613a323a7b733a32303a225f524551554553545f4143434553535f54494d45223b643a313736353233323636312e3535353235343b733a363a225f56414c4944223b613a313a7b733a32383a224c616d696e61735c53657373696f6e5c56616c696461746f725c4964223b733a32363a2265386f71666b6e6768717164696269696431396d356935713772223b7d7d, 1765232661),
('eh7uqhvm839sl83svfe5qb18m1', 0x5f5f4c616d696e61737c613a323a7b733a32303a225f524551554553545f4143434553535f54494d45223b643a313736353232333037302e3835383138333b733a363a225f56414c4944223b613a313a7b733a32383a224c616d696e61735c53657373696f6e5c56616c696461746f725c4964223b733a32363a22656837757168766d383339736c38337376666535716231386d31223b7d7d, 1765223070),
('erq6qdp24goorumatrr6pusfnu', 0x5f5f4c616d696e61737c613a323a7b733a32303a225f524551554553545f4143434553535f54494d45223b643a313736353233343438302e3336343637313b733a363a225f56414c4944223b613a313a7b733a32383a224c616d696e61735c53657373696f6e5c56616c696461746f725c4964223b733a32363a22657271367164703234676f6f72756d6174727236707573666e75223b7d7d, 1765234480),
('f0utbl64idap9ntbo7u6r0biej', 0x5f5f4c616d696e61737c613a323a7b733a32303a225f524551554553545f4143434553535f54494d45223b643a313736353233323831312e3839333334323b733a363a225f56414c4944223b613a313a7b733a32383a224c616d696e61735c53657373696f6e5c56616c696461746f725c4964223b733a32363a2266307574626c363469646170396e74626f37753672306269656a223b7d7d, 1765232811),
('f5oj3d1bstbpotv3ajuvpo4sub', 0x5f5f4c616d696e61737c613a323a7b733a32303a225f524551554553545f4143434553535f54494d45223b643a313736353233343435382e3338353832323b733a363a225f56414c4944223b613a313a7b733a32383a224c616d696e61735c53657373696f6e5c56616c696461746f725c4964223b733a32363a2266356f6a33643162737462706f747633616a7576706f34737562223b7d7d, 1765234458),
('f845huaoolcmrdvvjuo20p3fmi', 0x5f5f4c616d696e61737c613a323a7b733a32303a225f524551554553545f4143434553535f54494d45223b643a313736353232363930392e3336313631353b733a363a225f56414c4944223b613a313a7b733a32383a224c616d696e61735c53657373696f6e5c56616c696461746f725c4964223b733a32363a22663834356875616f6f6c636d726476766a756f32307033666d69223b7d7d, 1765226909),
('fa8f1kifh521a22ssettu296vd', 0x5f5f4c616d696e61737c613a323a7b733a32303a225f524551554553545f4143434553535f54494d45223b643a313736353232363239342e31353236373b733a363a225f56414c4944223b613a313a7b733a32383a224c616d696e61735c53657373696f6e5c56616c696461746f725c4964223b733a32363a2266613866316b6966683532316132327373657474753239367664223b7d7d, 1765226294),
('fdm074u6qb6fa89j5ougjegdu9', 0x5f5f4c616d696e61737c613a323a7b733a32303a225f524551554553545f4143434553535f54494d45223b643a313736353233333632352e3530383133363b733a363a225f56414c4944223b613a313a7b733a32383a224c616d696e61735c53657373696f6e5c56616c696461746f725c4964223b733a32363a2266646d3037347536716236666138396a356f75676a6567647539223b7d7d, 1765233625),
('fjqusq1010b581tsi72oqr00m9', 0x5f5f4c616d696e61737c613a323a7b733a32303a225f524551554553545f4143434553535f54494d45223b643a313736353233333732342e3933383136373b733a363a225f56414c4944223b613a313a7b733a32383a224c616d696e61735c53657373696f6e5c56616c696461746f725c4964223b733a32363a22666a71757371313031306235383174736937326f717230306d39223b7d7d, 1765233724),
('fpk88kvc8b1ne4pdnr7anhfvj1', 0x5f5f4c616d696e61737c613a323a7b733a32303a225f524551554553545f4143434553535f54494d45223b643a313736353232393037372e3433383237353b733a363a225f56414c4944223b613a313a7b733a32383a224c616d696e61735c53657373696f6e5c56616c696461746f725c4964223b733a32363a2266706b38386b76633862316e653470646e7237616e6866766a31223b7d7d, 1765229077),
('g467l9pkh5v8vsj31q145ppe1m', 0x5f5f4c616d696e61737c613a353a7b733a32303a225f524551554553545f4143434553535f54494d45223b643a313736303633323034372e3030373537393b733a363a225f56414c4944223b613a313a7b733a32383a224c616d696e61735c53657373696f6e5c56616c696461746f725c4964223b733a32363a22626466696b61743465747034396e69396a6f646c327369313970223b7d733a34323a224c616d696e61735f56616c696461746f725f437372665f73616c745f6c6f67696e666f726d5f63737266223b613a313a7b733a363a22455850495245223b693a313736303637353133343b7d733a33323a224c616d696e61735f56616c696461746f725f437372665f73616c745f63737266223b613a313a7b733a363a22455850495245223b693a313736303637353234373b7d733a34343a224c616d696e61735f56616c696461746f725f437372665f73616c745f636f6e6669726d666f726d5f63737266223b613a313a7b733a363a22455850495245223b693a313736303637353234333b7d7d4c616d696e61735f56616c696461746f725f437372665f73616c745f6c6f67696e666f726d5f637372667c4f3a32363a224c616d696e61735c5374646c69625c41727261794f626a656374223a343a7b733a373a2273746f72616765223b613a323a7b733a393a22746f6b656e4c697374223b613a323a7b733a33323a226132326466376633303031353764363539666638313035636138613137326666223b733a33323a226366366531643231626664373232396533313536313862353939393635633134223b733a33323a226663633936353533653836396137663366663631336136313438653461656336223b733a33323a223635303130646462626131333437326665376565633162346231353366353465223b7d733a343a2268617368223b733a36353a2236353031306464626261313334373266653765656331623462313533663534652d6663633936353533653836396137663366663631336136313438653461656336223b7d733a343a22666c6167223b693a323b733a31333a226974657261746f72436c617373223b733a31333a2241727261794974657261746f72223b733a31393a2270726f74656374656450726f70657274696573223b613a343a7b693a303b733a373a2273746f72616765223b693a313b733a343a22666c6167223b693a323b733a31333a226974657261746f72436c617373223b693a333b733a31393a2270726f74656374656450726f70657274696573223b7d7d72656469726563745f75726c7c733a33303a22687474703a2f2f6c6f63616c686f73742f6f6d656b612d732f61646d696e223b4c616d696e61735f417574687c4f3a32363a224c616d696e61735c5374646c69625c41727261794f626a656374223a343a7b733a373a2273746f72616765223b613a313a7b733a373a2273746f72616765223b693a313b7d733a343a22666c6167223b693a323b733a31333a226974657261746f72436c617373223b733a31333a2241727261794974657261746f72223b733a31393a2270726f74656374656450726f70657274696573223b613a343a7b693a303b733a373a2273746f72616765223b693a313b733a343a22666c6167223b693a323b733a31333a226974657261746f72436c617373223b693a333b733a31393a2270726f74656374656450726f70657274696573223b7d7d4f6d656b614d657373656e6765727c4f3a32363a224c616d696e61735c5374646c69625c41727261794f626a656374223a343a7b733a373a2273746f72616765223b613a303a7b7d733a343a22666c6167223b693a323b733a31333a226974657261746f72436c617373223b733a31333a2241727261794974657261746f72223b733a31393a2270726f74656374656450726f70657274696573223b613a343a7b693a303b733a373a2273746f72616765223b693a313b733a343a22666c6167223b693a323b733a31333a226974657261746f72436c617373223b693a333b733a31393a2270726f74656374656450726f70657274696573223b7d7d4c616d696e61735f56616c696461746f725f437372665f73616c745f637372667c4f3a32363a224c616d696e61735c5374646c69625c41727261794f626a656374223a343a7b733a373a2273746f72616765223b613a323a7b733a393a22746f6b656e4c697374223b613a333a7b733a33323a223237373437306633396565353230316232663137333532396235323233383932223b733a33323a226136333262333661373566613138346431386134663035326239376261373034223b733a33323a226437333535373364656462393436393831383832313961666332316638623731223b733a33323a223339633337623965343438383065333432336533323466613332316161633665223b733a33323a223161366165346363646438613563636266663532646166323863393830353965223b733a33323a226638653436383835386462616638646636343134653034353665333136323762223b7d733a343a2268617368223b733a36353a2266386534363838353864626166386466363431346530343536653331363237622d3161366165346363646438613563636266663532646166323863393830353965223b7d733a343a22666c6167223b693a323b733a31333a226974657261746f72436c617373223b733a31333a2241727261794974657261746f72223b733a31393a2270726f74656374656450726f70657274696573223b613a343a7b693a303b733a373a2273746f72616765223b693a313b733a343a22666c6167223b693a323b733a31333a226974657261746f72436c617373223b693a333b733a31393a2270726f74656374656450726f70657274696573223b7d7d4c616d696e61735f56616c696461746f725f437372665f73616c745f636f6e6669726d666f726d5f637372667c4f3a32363a224c616d696e61735c5374646c69625c41727261794f626a656374223a343a7b733a373a2273746f72616765223b613a323a7b733a393a22746f6b656e4c697374223b613a323a7b733a33323a223965313166363137336137303131636236353537626534656235653931666563223b733a33323a223535653035643766386165393363353763616563303036643861316136363964223b733a33323a223337303437633564626232333537383264623565663730626635616666663961223b733a33323a223466356632373331636166343231336539383934643831636161313637346431223b7d733a343a2268617368223b733a36353a2234663566323733316361663432313365393839346438316361613136373464312d3337303437633564626232333537383264623565663730626635616666663961223b7d733a343a22666c6167223b693a323b733a31333a226974657261746f72436c617373223b733a31333a2241727261794974657261746f72223b733a31393a2270726f74656374656450726f70657274696573223b613a343a7b693a303b733a373a2273746f72616765223b693a313b733a343a22666c6167223b693a323b733a31333a226974657261746f72436c617373223b693a333b733a31393a2270726f74656374656450726f70657274696573223b7d7d, 1760632047),
('gf5mtfk8u9876ortsudlc2f4b0', 0x5f5f4c616d696e61737c613a323a7b733a32303a225f524551554553545f4143434553535f54494d45223b643a313736353232323737382e3835393535343b733a363a225f56414c4944223b613a313a7b733a32383a224c616d696e61735c53657373696f6e5c56616c696461746f725c4964223b733a32363a226766356d74666b3875393837366f72747375646c633266346230223b7d7d, 1765222778),
('gg7o53ctglpq6ihucc65qauau4', 0x5f5f4c616d696e61737c613a323a7b733a32303a225f524551554553545f4143434553535f54494d45223b643a313736353233333632352e3530353837343b733a363a225f56414c4944223b613a313a7b733a32383a224c616d696e61735c53657373696f6e5c56616c696461746f725c4964223b733a32363a226767376f35336374676c70713669687563633635716175617534223b7d7d, 1765233625),
('gm2hkc6sm2seu9b4vcpjumnieo', 0x5f5f4c616d696e61737c613a323a7b733a32303a225f524551554553545f4143434553535f54494d45223b643a313736353233333732322e3233393034323b733a363a225f56414c4944223b613a313a7b733a32383a224c616d696e61735c53657373696f6e5c56616c696461746f725c4964223b733a32363a22676d32686b6336736d327365753962347663706a756d6e69656f223b7d7d, 1765233722),
('gmn9q4hc6rakqbrl52s42aak55', 0x5f5f4c616d696e61737c613a323a7b733a32303a225f524551554553545f4143434553535f54494d45223b643a313736353233323737332e3835333130373b733a363a225f56414c4944223b613a313a7b733a32383a224c616d696e61735c53657373696f6e5c56616c696461746f725c4964223b733a32363a22676d6e39713468633672616b7162726c353273343261616b3535223b7d7d, 1765232773),
('gp2nmg7kgnh3jsnqcrq2bqe9ar', 0x5f5f4c616d696e61737c613a323a7b733a32303a225f524551554553545f4143434553535f54494d45223b643a313736353232313635372e3335303331373b733a363a225f56414c4944223b613a313a7b733a32383a224c616d696e61735c53657373696f6e5c56616c696461746f725c4964223b733a32363a226770326e6d67376b676e68336a736e7163727132627165396172223b7d7d, 1765221657),
('h13t32jikkpbr7mdami3303msu', 0x5f5f4c616d696e61737c613a323a7b733a32303a225f524551554553545f4143434553535f54494d45223b643a313736353232393037372e3433383237313b733a363a225f56414c4944223b613a313a7b733a32383a224c616d696e61735c53657373696f6e5c56616c696461746f725c4964223b733a32363a226831337433326a696b6b706272376d64616d69333330336d7375223b7d7d, 1765229077),
('h92j56usv4qc956llp6ikgteve', 0x5f5f4c616d696e61737c613a323a7b733a32303a225f524551554553545f4143434553535f54494d45223b643a313736353232353134342e3033323734343b733a363a225f56414c4944223b613a313a7b733a32383a224c616d696e61735c53657373696f6e5c56616c696461746f725c4964223b733a32363a226839326a35367573763471633935366c6c7036696b6774657665223b7d7d, 1765225144),
('hlqlmjpp2od7940uekvd70t6p3', 0x5f5f4c616d696e61737c613a323a7b733a32303a225f524551554553545f4143434553535f54494d45223b643a313736353232393033312e3137343935313b733a363a225f56414c4944223b613a313a7b733a32383a224c616d696e61735c53657373696f6e5c56616c696461746f725c4964223b733a32363a22686c716c6d6a7070326f643739343075656b7664373074367033223b7d7d, 1765229031),
('hniji0u7cl6t6rqi7bqt6o3o6t', 0x5f5f4c616d696e61737c613a323a7b733a32303a225f524551554553545f4143434553535f54494d45223b643a313736353233333732342e39333637383b733a363a225f56414c4944223b613a313a7b733a32383a224c616d696e61735c53657373696f6e5c56616c696461746f725c4964223b733a32363a22686e696a69307537636c36743672716937627174366f336f3674223b7d7d, 1765233724),
('hq05l34k30e2qrqel15puvorad', 0x5f5f4c616d696e61737c613a323a7b733a32303a225f524551554553545f4143434553535f54494d45223b643a313736353233323737332e3835313233323b733a363a225f56414c4944223b613a313a7b733a32383a224c616d696e61735c53657373696f6e5c56616c696461746f725c4964223b733a32363a22687130356c33346b33306532717271656c31357075766f726164223b7d7d, 1765232773),
('hu54tjt4cmi16e99imtba2g9ev', 0x5f5f4c616d696e61737c613a323a7b733a32303a225f524551554553545f4143434553535f54494d45223b643a313736353232333238312e3139333738363b733a363a225f56414c4944223b613a313a7b733a32383a224c616d696e61735c53657373696f6e5c56616c696461746f725c4964223b733a32363a2268753534746a7434636d693136653939696d7462613267396576223b7d7d, 1765223281),
('hv4j1l7kuqfk5ej6ujei0crbqb', 0x5f5f4c616d696e61737c613a323a7b733a32303a225f524551554553545f4143434553535f54494d45223b643a313736353232323737382e38363630313b733a363a225f56414c4944223b613a313a7b733a32383a224c616d696e61735c53657373696f6e5c56616c696461746f725c4964223b733a32363a226876346a316c376b7571666b35656a36756a6569306372627162223b7d7d, 1765222778),
('hvbjg2sf219j7v8j2js5eg8ub2', 0x5f5f4c616d696e61737c613a323a7b733a32303a225f524551554553545f4143434553535f54494d45223b643a313736353232333234392e3037333136353b733a363a225f56414c4944223b613a313a7b733a32383a224c616d696e61735c53657373696f6e5c56616c696461746f725c4964223b733a32363a226876626a673273663231396a3776386a326a7335656738756232223b7d7d, 1765223249),
('i1eatr4aarmfhlop6rg53pa6f9', 0x5f5f4c616d696e61737c613a323a7b733a32303a225f524551554553545f4143434553535f54494d45223b643a313736353233343435342e3431383032393b733a363a225f56414c4944223b613a313a7b733a32383a224c616d696e61735c53657373696f6e5c56616c696461746f725c4964223b733a32363a22693165617472346161726d66686c6f7036726735337061366639223b7d7d, 1765234454);
INSERT INTO `session` (`id`, `data`, `modified`) VALUES
('ivk64dmaag89sbjqekog3c866j', 0x5f5f4c616d696e61737c613a31303a7b733a32303a225f524551554553545f4143434553535f54494d45223b643a313736353232363730352e3839303037383b733a363a225f56414c4944223b613a313a7b733a32383a224c616d696e61735c53657373696f6e5c56616c696461746f725c4964223b733a32363a223836703367367568646262753970376d6e363061306f6f636531223b7d733a34323a224c616d696e61735f56616c696461746f725f437372665f73616c745f6c6f67696e666f726d5f63737266223b613a313a7b733a363a22455850495245223b693a313736353236343837353b7d733a34343a224c616d696e61735f56616c696461746f725f437372665f73616c745f636f6e6669726d666f726d5f63737266223b613a313a7b733a363a22455850495245223b693a313736353236393333343b7d733a33323a224c616d696e61735f56616c696461746f725f437372665f73616c745f63737266223b613a313a7b733a363a22455850495245223b693a313736353236393232323b7d733a35383a224c616d696e61735f56616c696461746f725f437372665f73616c745f6d6f64756c655f4d794d6f64756c655f636f6e6669677572655f63737266223b613a313a7b733a363a22455850495245223b693a313736353236383539393b7d733a35333a224c616d696e61735f56616c696461746f725f437372665f73616c745f766f636162756c617279757064617465666f726d5f63737266223b613a313a7b733a363a22455850495245223b693a313736353236393238303b7d733a35393a224c616d696e61735f56616c696461746f725f437372665f73616c745f7265736f7572636574656d706c617465696d706f7274666f726d5f63737266223b613a313a7b733a363a22455850495245223b693a313736353236393330333b7d733a36353a224c616d696e61735f56616c696461746f725f437372665f73616c745f7265736f7572636574656d706c617465726576696577696d706f7274666f726d5f63737266223b613a313a7b733a363a22455850495245223b693a313736353236393331303b7d733a35333a224c616d696e61735f56616c696461746f725f437372665f73616c745f7265736f7572636574656d706c617465666f726d5f63737266223b613a313a7b733a363a22455850495245223b693a313736353236393330303b7d7d72656469726563745f75726c7c733a34333a22687474703a2f2f6c6f63616c686f73742f6f6d6b5f746879705f32352d32365f636c6f6e652f61646d696e223b4c616d696e61735f56616c696461746f725f437372665f73616c745f6c6f67696e666f726d5f637372667c4f3a32363a224c616d696e61735c5374646c69625c41727261794f626a656374223a343a7b733a373a2273746f72616765223b613a323a7b733a393a22746f6b656e4c697374223b613a313a7b733a33323a223831343239303962353063336531613662326365653661323734383666303934223b733a33323a223861663964323236316138613638396265303265363837326139663165653734223b7d733a343a2268617368223b733a36353a2238616639643232363161386136383962653032653638373261396631656537342d3831343239303962353063336531613662326365653661323734383666303934223b7d733a343a22666c6167223b693a323b733a31333a226974657261746f72436c617373223b733a31333a2241727261794974657261746f72223b733a31393a2270726f74656374656450726f70657274696573223b613a343a7b693a303b733a373a2273746f72616765223b693a313b733a343a22666c6167223b693a323b733a31333a226974657261746f72436c617373223b693a333b733a31393a2270726f74656374656450726f70657274696573223b7d7d4c616d696e61735f417574687c4f3a32363a224c616d696e61735c5374646c69625c41727261794f626a656374223a343a7b733a373a2273746f72616765223b613a313a7b733a373a2273746f72616765223b693a313b7d733a343a22666c6167223b693a323b733a31333a226974657261746f72436c617373223b733a31333a2241727261794974657261746f72223b733a31393a2270726f74656374656450726f70657274696573223b613a343a7b693a303b733a373a2273746f72616765223b693a313b733a343a22666c6167223b693a323b733a31333a226974657261746f72436c617373223b693a333b733a31393a2270726f74656374656450726f70657274696573223b7d7d4f6d656b614d657373656e6765727c4f3a32363a224c616d696e61735c5374646c69625c41727261794f626a656374223a343a7b733a373a2273746f72616765223b613a303a7b7d733a343a22666c6167223b693a323b733a31333a226974657261746f72436c617373223b733a31333a2241727261794974657261746f72223b733a31393a2270726f74656374656450726f70657274696573223b613a343a7b693a303b733a373a2273746f72616765223b693a313b733a343a22666c6167223b693a323b733a31333a226974657261746f72436c617373223b693a333b733a31393a2270726f74656374656450726f70657274696573223b7d7d4c616d696e61735f56616c696461746f725f437372665f73616c745f636f6e6669726d666f726d5f637372667c4f3a32363a224c616d696e61735c5374646c69625c41727261794f626a656374223a343a7b733a373a2273746f72616765223b613a323a7b733a393a22746f6b656e4c697374223b613a32303a7b733a33323a223261373535623130333932303930656433653863356538343164336662616434223b733a33323a223131326533323231396131376336343230623365366238313536613861636632223b733a33323a226336306430366435396564646261656331313763346237303930643133323561223b733a33323a223366376362616364323134623136313839303465613830623935343538383436223b733a33323a223030306433346530313239396534316564646539656239313465633161643937223b733a33323a226335646333336130303730373961643266663238636436326539623135663833223b733a33323a223631656265666663396239383533646366623936663831646164306631656435223b733a33323a226630306239383961316438336535633062313339333238656231343666383264223b733a33323a223334393233613334613237616365326537623762323735616538643232303930223b733a33323a223237346363336532653466663239666463663632383633343462366433386561223b733a33323a226166653933373462356366623039323531393938306433653532616662623634223b733a33323a223637316431396335623032653762653037363639623232653835383232623361223b733a33323a223535346435646335643366633266663634666636383131656462386536336330223b733a33323a226566393762316265376661643566353231363431636630333166646638316231223b733a33323a226234623261336263303064316533323739646566323563306337363939393836223b733a33323a226634323463383638353936336234313565653464366236373531333532396632223b733a33323a226532633939666231393033333537633637656132323563323030666638356534223b733a33323a226538646335343663663435303935393233626665396261383036613865393836223b733a33323a223838336438363537633261353538613235303137313538653461303736353935223b733a33323a223737383938373665306535343161333966376134333336306538303231636233223b733a33323a226638333034363065646133336133653761393562633532343064643161376639223b733a33323a226436663235646564633765623037373730656663323366323161623962393739223b733a33323a223365646433363462376431643865353639633835633362366135653731333165223b733a33323a223935356633663865616233373734616662643932333830633739393235373761223b733a33323a226364646362656333653764663432383265313138663031393335383135656335223b733a33323a223837363963663563343534366231373265326665646163343638326436353966223b733a33323a223932376333616464616237616565313638643031356230313761383236333938223b733a33323a223035626233653238343564643530346536366636626138383863656434393865223b733a33323a223832616231326334656233653065383763373237316634383463333238366530223b733a33323a223639383539613235666134346162363837336137303062353364393233393333223b733a33323a223333376336333162643833643731323831373364383734333265353833613134223b733a33323a223238336535363365343364316435643534336338366232386232643865643664223b733a33323a226635396566373632353639363039393739366130623661336163623435373064223b733a33323a223263636138646134333166383031303830343835353964633038643630303337223b733a33323a223666383938363837313631663139636138626531303463363930303836623837223b733a33323a223265363330393764316336393835306362633134623236393039626162373639223b733a33323a223138366662323438633738346563643135623965643764666339366163623764223b733a33323a223432386463306436323164303837306363643764343031333832393831316432223b733a33323a223134363164643061666237303632376664643733653938383231646533316235223b733a33323a226435316364653539643133306633363739386433383432663233393163613337223b7d733a343a2268617368223b733a36353a2264353163646535396431333066333637393864333834326632333931636133372d3134363164643061666237303632376664643733653938383231646533316235223b7d733a343a22666c6167223b693a323b733a31333a226974657261746f72436c617373223b733a31333a2241727261794974657261746f72223b733a31393a2270726f74656374656450726f70657274696573223b613a343a7b693a303b733a373a2273746f72616765223b693a313b733a343a22666c6167223b693a323b733a31333a226974657261746f72436c617373223b693a333b733a31393a2270726f74656374656450726f70657274696573223b7d7d4c616d696e61735f56616c696461746f725f437372665f73616c745f637372667c4f3a32363a224c616d696e61735c5374646c69625c41727261794f626a656374223a343a7b733a373a2273746f72616765223b613a323a7b733a393a22746f6b656e4c697374223b613a373a7b733a33323a226137353664643362383363663731323863323535373964383666636233323034223b733a33323a226334366334653363336230633334623835636633306238613635656136326235223b733a33323a223530376338303465353464613838386261646663663432366463656238303939223b733a33323a223638363661303165643035613335323436633561646430626139396231313637223b733a33323a223462393831356434303231646332373562326435653662333962396531316566223b733a33323a226534626166396263393031663465333363336161626330626263373733626136223b733a33323a223664656265626233366539626135616531356539616337306565643562383131223b733a33323a223930343831336533373933373832346562333163643533353439303262323665223b733a33323a226662313432353832363866353964313735616561353931323635646638393137223b733a33323a223733613536353730336433376438386436353066633637373439363134626362223b733a33323a223733663564383234666533623337643835343538373137626535626364316336223b733a33323a223839313666323936653838316239353139643862663362396437333662633238223b733a33323a223733633865313039396166386132663232383730373039616134613266333335223b733a33323a226638336164626333303830333935666465383061653037363263333833393837223b7d733a343a2268617368223b733a36353a2266383361646263333038303339356664653830616530373632633338333938372d3733633865313039396166386132663232383730373039616134613266333335223b7d733a343a22666c6167223b693a323b733a31333a226974657261746f72436c617373223b733a31333a2241727261794974657261746f72223b733a31393a2270726f74656374656450726f70657274696573223b613a343a7b693a303b733a373a2273746f72616765223b693a313b733a343a22666c6167223b693a323b733a31333a226974657261746f72436c617373223b693a333b733a31393a2270726f74656374656450726f70657274696573223b7d7d4c616d696e61735f56616c696461746f725f437372665f73616c745f6d6f64756c655f4d794d6f64756c655f636f6e6669677572655f637372667c4f3a32363a224c616d696e61735c5374646c69625c41727261794f626a656374223a343a7b733a373a2273746f72616765223b613a323a7b733a393a22746f6b656e4c697374223b613a323a7b733a33323a226338643235383135663133373634373239306664323033633332643435356666223b733a33323a223736346166313964336434363966613938353063393831333338613639653131223b733a33323a226462353565373131303634323963643261613262373463643731393738383439223b733a33323a223664383734343362393737393761663065386539346138653164363435356634223b7d733a343a2268617368223b733a36353a2236643837343433623937373937616630653865393461386531643634353566342d6462353565373131303634323963643261613262373463643731393738383439223b7d733a343a22666c6167223b693a323b733a31333a226974657261746f72436c617373223b733a31333a2241727261794974657261746f72223b733a31393a2270726f74656374656450726f70657274696573223b613a343a7b693a303b733a373a2273746f72616765223b693a313b733a343a22666c6167223b693a323b733a31333a226974657261746f72436c617373223b693a333b733a31393a2270726f74656374656450726f70657274696573223b7d7d4c616d696e61735f56616c696461746f725f437372665f73616c745f766f636162756c617279757064617465666f726d5f637372667c4f3a32363a224c616d696e61735c5374646c69625c41727261794f626a656374223a343a7b733a373a2273746f72616765223b613a323a7b733a393a22746f6b656e4c697374223b613a323a7b733a33323a223763383931303735303533303663643364396632383661366261393361333861223b733a33323a223763363832373034383235613737643565383363633066366266393464313665223b733a33323a223563623031623062633134386534613731356138656662653863653561646665223b733a33323a223239636539376137353434383833323532656566393530616532656635666664223b7d733a343a2268617368223b733a36353a2232396365393761373534343838333235326565663935306165326566356666642d3563623031623062633134386534613731356138656662653863653561646665223b7d733a343a22666c6167223b693a323b733a31333a226974657261746f72436c617373223b733a31333a2241727261794974657261746f72223b733a31393a2270726f74656374656450726f70657274696573223b613a343a7b693a303b733a373a2273746f72616765223b693a313b733a343a22666c6167223b693a323b733a31333a226974657261746f72436c617373223b693a333b733a31393a2270726f74656374656450726f70657274696573223b7d7d4c616d696e61735f56616c696461746f725f437372665f73616c745f7265736f7572636574656d706c617465696d706f7274666f726d5f637372667c4f3a32363a224c616d696e61735c5374646c69625c41727261794f626a656374223a343a7b733a373a2273746f72616765223b613a323a7b733a393a22746f6b656e4c697374223b613a343a7b733a33323a223537303234373264376634393361623932306163316561653132663430656330223b733a33323a226661393163353732623939366566616664306261313965336566373037616338223b733a33323a226337623131363961353239343232633539383432333634623836326533376161223b733a33323a223330313434646238343631616462373037366666393734343962323836333263223b733a33323a223736366437373331343731366336363536633564336230633836376165616466223b733a33323a223639346634643966656431306136323130356132643631353237373635326361223b733a33323a223261613161346234363231383062306638626339343138663334306363633735223b733a33323a223730613561393534363932653732393666643535616635336533393361313561223b7d733a343a2268617368223b733a36353a2237306135613935343639326537323936666435356166353365333933613135612d3261613161346234363231383062306638626339343138663334306363633735223b7d733a343a22666c6167223b693a323b733a31333a226974657261746f72436c617373223b733a31333a2241727261794974657261746f72223b733a31393a2270726f74656374656450726f70657274696573223b613a343a7b693a303b733a373a2273746f72616765223b693a313b733a343a22666c6167223b693a323b733a31333a226974657261746f72436c617373223b693a333b733a31393a2270726f74656374656450726f70657274696573223b7d7d4c616d696e61735f56616c696461746f725f437372665f73616c745f7265736f7572636574656d706c617465726576696577696d706f7274666f726d5f637372667c4f3a32363a224c616d696e61735c5374646c69625c41727261794f626a656374223a343a7b733a373a2273746f72616765223b613a323a7b733a393a22746f6b656e4c697374223b613a333a7b733a33323a226233653864313931343030356464653461663237333735336364323238363437223b733a33323a223234396639323937306134626535383131373534373463316435316665613262223b733a33323a223133346266643239306665363838616265383965303135666334323234313135223b733a33323a223932626137333933336466306232393731343865373739326131393532636666223b733a33323a223738333736636262663661396332613565333430626435663334316463343663223b733a33323a226132353762356437623137333561623865313165373939623263303462653662223b7d733a343a2268617368223b733a36353a2261323537623564376231373335616238653131653739396232633034626536622d3738333736636262663661396332613565333430626435663334316463343663223b7d733a343a22666c6167223b693a323b733a31333a226974657261746f72436c617373223b733a31333a2241727261794974657261746f72223b733a31393a2270726f74656374656450726f70657274696573223b613a343a7b693a303b733a373a2273746f72616765223b693a313b733a343a22666c6167223b693a323b733a31333a226974657261746f72436c617373223b693a333b733a31393a2270726f74656374656450726f70657274696573223b7d7d4c616d696e61735f56616c696461746f725f437372665f73616c745f7265736f7572636574656d706c617465666f726d5f637372667c4f3a32363a224c616d696e61735c5374646c69625c41727261794f626a656374223a343a7b733a373a2273746f72616765223b613a323a7b733a393a22746f6b656e4c697374223b613a323a7b733a33323a226230613231626437353237386162336231373039616437643537643538326236223b733a33323a226239396332313463306232346466363363623231313335373832306538353935223b733a33323a223836313436336337303161376662666339356138636134323865663231333965223b733a33323a226162653732303664653433333032306234663930373664383834383933613262223b7d733a343a2268617368223b733a36353a2261626537323036646534333330323062346639303736643838343839336132622d3836313436336337303161376662666339356138636134323865663231333965223b7d733a343a22666c6167223b693a323b733a31333a226974657261746f72436c617373223b733a31333a2241727261794974657261746f72223b733a31393a2270726f74656374656450726f70657274696573223b613a343a7b693a303b733a373a2273746f72616765223b693a313b733a343a22666c6167223b693a323b733a31333a226974657261746f72436c617373223b693a333b733a31393a2270726f74656374656450726f70657274696573223b7d7d, 1765226705),
('j1tkejec9j7pptjr8m27b0eh4e', 0x5f5f4c616d696e61737c613a323a7b733a32303a225f524551554553545f4143434553535f54494d45223b643a313736353232353333352e31303738383b733a363a225f56414c4944223b613a313a7b733a32383a224c616d696e61735c53657373696f6e5c56616c696461746f725c4964223b733a32363a226a31746b656a6563396a377070746a72386d3237623065683465223b7d7d, 1765225335),
('j2rl6qeb75t7ft9poh27tchp06', 0x5f5f4c616d696e61737c613a323a7b733a32303a225f524551554553545f4143434553535f54494d45223b643a313736353232333139312e3830333637343b733a363a225f56414c4944223b613a313a7b733a32383a224c616d696e61735c53657373696f6e5c56616c696461746f725c4964223b733a32363a226a32726c3671656237357437667439706f683237746368703036223b7d7d, 1765223191),
('j5kpore82om218erbgspe50v0d', 0x5f5f4c616d696e61737c613a323a7b733a32303a225f524551554553545f4143434553535f54494d45223b643a313736353233333633372e3533393634363b733a363a225f56414c4944223b613a313a7b733a32383a224c616d696e61735c53657373696f6e5c56616c696461746f725c4964223b733a32363a226a356b706f726538326f6d323138657262677370653530763064223b7d7d, 1765233637),
('je3pjqt4ckl8lb8l8amevbh4js', 0x5f5f4c616d696e61737c613a323a7b733a32303a225f524551554553545f4143434553535f54494d45223b643a313736353233333735342e3237333832383b733a363a225f56414c4944223b613a313a7b733a32383a224c616d696e61735c53657373696f6e5c56616c696461746f725c4964223b733a32363a226a6533706a717434636b6c386c62386c38616d65766268346a73223b7d7d, 1765233754),
('jh9himd9ckv8maqg38nc3cv85b', 0x5f5f4c616d696e61737c613a323a7b733a32303a225f524551554553545f4143434553535f54494d45223b643a313736353233323636312e3234323930313b733a363a225f56414c4944223b613a313a7b733a32383a224c616d696e61735c53657373696f6e5c56616c696461746f725c4964223b733a32363a226a683968696d6439636b76386d61716733386e63336376383562223b7d7d, 1765232661),
('jiikuenlknajm2ls9jp3lth5bt', 0x5f5f4c616d696e61737c613a323a7b733a32303a225f524551554553545f4143434553535f54494d45223b643a313736353232353134342e30333237323b733a363a225f56414c4944223b613a313a7b733a32383a224c616d696e61735c53657373696f6e5c56616c696461746f725c4964223b733a32363a226a69696b75656e6c6b6e616a6d326c73396a70336c7468356274223b7d7d, 1765225144),
('jks8p8tmr0bu3gnotinoj4iaag', 0x5f5f4c616d696e61737c613a323a7b733a32303a225f524551554553545f4143434553535f54494d45223b643a313736353232313435382e3133313333323b733a363a225f56414c4944223b613a313a7b733a32383a224c616d696e61735c53657373696f6e5c56616c696461746f725c4964223b733a32363a226a6b73387038746d7230627533676e6f74696e6f6a3469616167223b7d7d, 1765221458),
('jo9gs8j5e53dc68cb40e7f6b24', 0x5f5f4c616d696e61737c613a323a7b733a32303a225f524551554553545f4143434553535f54494d45223b643a313736353233323636302e3235373636393b733a363a225f56414c4944223b613a313a7b733a32383a224c616d696e61735c53657373696f6e5c56616c696461746f725c4964223b733a32363a226a6f396773386a35653533646336386362343065376636623234223b7d7d, 1765232660);
INSERT INTO `session` (`id`, `data`, `modified`) VALUES
('jqmtgm6gballdj70uh6ebv1as9', 0x5f5f4c616d696e61737c613a363a7b733a32303a225f524551554553545f4143434553535f54494d45223b643a313736303837303937322e34333039343b733a363a225f56414c4944223b613a313a7b733a32383a224c616d696e61735c53657373696f6e5c56616c696461746f725c4964223b733a32363a223568613965356d396139656a63623576636431756d6a33616967223b7d733a34323a224c616d696e61735f56616c696461746f725f437372665f73616c745f6c6f67696e666f726d5f63737266223b613a313a7b733a363a22455850495245223b693a313736303930383734313b7d733a34343a224c616d696e61735f56616c696461746f725f437372665f73616c745f636f6e6669726d666f726d5f63737266223b613a313a7b733a363a22455850495245223b693a313736303931343137323b7d733a35333a224c616d696e61735f56616c696461746f725f437372665f73616c745f7265736f7572636574656d706c617465666f726d5f63737266223b613a313a7b733a363a22455850495245223b693a313736303931303336303b7d733a33323a224c616d696e61735f56616c696461746f725f437372665f73616c745f63737266223b613a313a7b733a363a22455850495245223b693a313736303931343133343b7d7d72656469726563745f75726c7c733a33303a22687474703a2f2f6c6f63616c686f73742f6f6d656b612d732f61646d696e223b4c616d696e61735f56616c696461746f725f437372665f73616c745f6c6f67696e666f726d5f637372667c4f3a32363a224c616d696e61735c5374646c69625c41727261794f626a656374223a343a7b733a373a2273746f72616765223b613a323a7b733a393a22746f6b656e4c697374223b613a313a7b733a33323a226633373338306330316434343935363338653932353431313164353931653730223b733a33323a223337373763333664393935363336363637613534313839373336356435633063223b7d733a343a2268617368223b733a36353a2233373737633336643939353633363636376135343138393733363564356330632d6633373338306330316434343935363338653932353431313164353931653730223b7d733a343a22666c6167223b693a323b733a31333a226974657261746f72436c617373223b733a31333a2241727261794974657261746f72223b733a31393a2270726f74656374656450726f70657274696573223b613a343a7b693a303b733a373a2273746f72616765223b693a313b733a343a22666c6167223b693a323b733a31333a226974657261746f72436c617373223b693a333b733a31393a2270726f74656374656450726f70657274696573223b7d7d4c616d696e61735f417574687c4f3a32363a224c616d696e61735c5374646c69625c41727261794f626a656374223a343a7b733a373a2273746f72616765223b613a313a7b733a373a2273746f72616765223b693a313b7d733a343a22666c6167223b693a323b733a31333a226974657261746f72436c617373223b733a31333a2241727261794974657261746f72223b733a31393a2270726f74656374656450726f70657274696573223b613a343a7b693a303b733a373a2273746f72616765223b693a313b733a343a22666c6167223b693a323b733a31333a226974657261746f72436c617373223b693a333b733a31393a2270726f74656374656450726f70657274696573223b7d7d4f6d656b614d657373656e6765727c4f3a32363a224c616d696e61735c5374646c69625c41727261794f626a656374223a343a7b733a373a2273746f72616765223b613a303a7b7d733a343a22666c6167223b693a323b733a31333a226974657261746f72436c617373223b733a31333a2241727261794974657261746f72223b733a31393a2270726f74656374656450726f70657274696573223b613a343a7b693a303b733a373a2273746f72616765223b693a313b733a343a22666c6167223b693a323b733a31333a226974657261746f72436c617373223b693a333b733a31393a2270726f74656374656450726f70657274696573223b7d7d4c616d696e61735f56616c696461746f725f437372665f73616c745f636f6e6669726d666f726d5f637372667c4f3a32363a224c616d696e61735c5374646c69625c41727261794f626a656374223a343a7b733a373a2273746f72616765223b613a323a7b733a393a22746f6b656e4c697374223b613a3133303a7b733a33323a223330613637366334623964613534616334663639316231636336376464353236223b733a33323a223466363130336462386665363537313638613064306362656239316332643063223b733a33323a223330336464376662353461623538656435333266653461613862653765363766223b733a33323a226635663233343064333530376536613665363634343565336235393364623734223b733a33323a226337623238316236373333306532666366633535626439613264366330343632223b733a33323a223664383431333439306161363938663936653834316564323063636237353532223b733a33323a226166376438643632656335386135653234623338666333653830383766663238223b733a33323a226465383766656265383439626463396664303734663039663565383237333030223b733a33323a226362626561363438373935656331313562396566656530663561623539393466223b733a33323a223365626232373530336239343363353535376364633362333464646237303530223b733a33323a226132633938316430393630626530323364633966313562363762343261373262223b733a33323a223537383431646661323932653130663032653138333034316438643061306164223b733a33323a223861653564336361366133383439346563346639643466633861626263633637223b733a33323a223137396132363535656365363239376637643564646637316431653965373134223b733a33323a223731353637333563343633336638626462323930313536623766626333623661223b733a33323a226663653338646134353635386561373366353863623363383037323261313430223b733a33323a223039303061373939353065656130313436393161393232633263623337633439223b733a33323a226230343535666463353231643065306562333431636439343030616463343138223b733a33323a226266313561653334346437376330313030343530633631346530613531626133223b733a33323a223233313031346139633438306566376561633030663463396562346535386439223b733a33323a226332623931353333616433636639396565666665316432386138306266373866223b733a33323a223735653236633435616365643431353461623035613165636337313435616130223b733a33323a223231383634343165303462323637666461376533383339386638363462353162223b733a33323a226265646364393532386432326333633133396139393336646263623165383664223b733a33323a226135323533666436653134333737363563366264303436333232643832656630223b733a33323a226464353037356630306530626539353139656263623166343739313063663961223b733a33323a226436656539666630336430363963316231353539333962326165613463376363223b733a33323a223263323561656533363466303931343135343839386231613432386538343830223b733a33323a223735353937383563386563636264346532376232343236396661613563323836223b733a33323a223035393835663863383131313639363764613734353737396531376132346634223b733a33323a226164316463313531656435313635636263356266643435346165343035363061223b733a33323a226231396638383435383734303163366338613238383731313862363235663163223b733a33323a223831326333313465346638386330356336623136326332363331353236383931223b733a33323a223339626664373461636434666236383833313530323861393030373637393363223b733a33323a226439626630333036333039376264373032643063646237303037303833313466223b733a33323a226662643561636366636266343531393133643365393035376566323363646435223b733a33323a223237396663626262626538626537653132363437373032396432363638316634223b733a33323a223161306637333333363333646365353265306631376364613738353736343861223b733a33323a226437346132373434393732636433363362323435383231333561383331303865223b733a33323a226165643336663763623433616535363338383035346161393332303233376634223b733a33323a223838393433623331393263316464383963303564316266333732366537303262223b733a33323a223335643038353334623464613532353832666433633131326134316334303331223b733a33323a223438653566346134346261376633363562343765343765363232333866323965223b733a33323a223361356535643630633062663363303336376461356335623161386266666561223b733a33323a223634636139663634383637663263646230386231393761643436666161316265223b733a33323a223661656666386462656430326535666330663066363037653561653037383665223b733a33323a226564323064626661386236656638636164653465346430326539313266643161223b733a33323a226263666132343434343133303635633336656561353235326265356135393933223b733a33323a223665363530616162633432336433376337373437306564663463623135306130223b733a33323a223866393335626230393439386263323666366530323132303732303338653266223b733a33323a223432373433376366316535656339363231343635333537336362353766306338223b733a33323a226535643037363063303231313734613563613937323865383637313434383264223b733a33323a223062353634303334333563343632393039616161356564633266336266336434223b733a33323a226230336562386535376335323464303162393632306336323230663533626562223b733a33323a226433656666396465366464303336646138333639376264393833623832363861223b733a33323a223637656537323430343764303464366662656333353530643330333463613261223b733a33323a223234343364646134646565343930633161333065666463336265323136353433223b733a33323a223037393934303736333335356162393035633136303032613039323562626636223b733a33323a223236643631633233383534303536663634663065323638343761323830393166223b733a33323a226335316164646661633730343765383637313039366537643030313633303235223b733a33323a223966613239393636653966393966373334393338313735353163626266646434223b733a33323a223239376231393662643032346232363432303839663030323134323165356436223b733a33323a223737666636303235373463353266653964323432303266643936396135383034223b733a33323a223938346138316433613730336434333063623566356237303730653234346566223b733a33323a223433373965643832356435666134323337643331353439336163353834653063223b733a33323a223763343039636438393132316430316161376531636563333663393739326438223b733a33323a226437396633643933336134363431306338383462316434653665646234613735223b733a33323a223763333161353365666365613631343163316335616664373333393163623063223b733a33323a223732626336646332363239346338663639616265323431643364356536366230223b733a33323a223564353963336437383332666264356236643062343964386564306438643232223b733a33323a223361623963336636333762333462323666343263396363396233326333366365223b733a33323a223536323135353238306630316136393363633833636633326636336465306466223b733a33323a223366383837383332393435643933333164323332656238633134353839646461223b733a33323a223337346662383765393631623236646166373336333862343238303231323632223b733a33323a223162613839396430663262353234333431326364666165353565346564343835223b733a33323a226430663534393233633563376366333236323062653662316238383332663738223b733a33323a223830613532653630316139343736656538356131393836336463303337326162223b733a33323a226438646531636533663934336530623938626638653931393662346263616235223b733a33323a223766373866363233373961366434646138383661323238616237613163363464223b733a33323a223163346134373832303266366230663964326639313962343832346361386363223b733a33323a223134666161663937333066363661323936633234383435323264366565396461223b733a33323a226239353136353735396631623036626632393938636263626164306164616161223b733a33323a226531336563356235373762633262336265326161393535613963333134643966223b733a33323a223461336332643732333232373930356563383063633164323634613936616432223b733a33323a223133373933626130313565633331353136363931323265323138303935356162223b733a33323a223637333063313736313436613633313539376237393562353638656336633935223b733a33323a223837346333346261633966623338383166303062366162336462313335633461223b733a33323a223730323730636364383865623539626130626631666265353265616461396339223b733a33323a223964653130393735373435343737346164623261356362646139623237333033223b733a33323a226530653334393133353031383363633561306439636136353239356139363734223b733a33323a223766646161333230626664626363393663613564393133323031343364626436223b733a33323a223731613466633766336162646138653735656564313135653162663738656266223b733a33323a226134653235343635316162353137613533396163333133636464393933353033223b733a33323a223963396264313863363762386437613434643034333962326237363232653432223b733a33323a223364373330303234666165623939373834333661643134646464303834343639223b733a33323a226137626639643731306665626333316264636235623038333465643637613962223b733a33323a226139613464373934393034383035623863663937643766653539663535306163223b733a33323a223830643063376138656630333064303838373466666635343334393537383930223b733a33323a223334383564666331393861316361346363326233353362666233363637316535223b733a33323a226438323637623737366565346432616434316436376536303666643664613231223b733a33323a223236616432303936343366626234376566623535613738333839323862393061223b733a33323a226239626166303266363134343563663266393163663864326435376532656133223b733a33323a223535636265393037616537313066363261353136623265383263666537313936223b733a33323a223232376139393639386639356537383333643232613462663333363234336164223b733a33323a223038333163363639376666333933356632313465623336613765356466376262223b733a33323a223933636539383666653636323831613735386365316134613431313537623366223b733a33323a226234313831363437336662656532626231333763356163306334633565636163223b733a33323a223039346132346134336639393331396337353931623931376333633866336236223b733a33323a223232363137373533656330613435663233653833333863373635303264313036223b733a33323a226461356539633063383239326336336239376435333063353966643233396362223b733a33323a226638653864346131383337663531373737366130656531613262636230323563223b733a33323a226337303135636531343337626137363839323236656433343432663134393461223b733a33323a226632366565353266636661356134396631626132636337336136626364326365223b733a33323a223766323161303361346431643434656237616238633731646431333665323237223b733a33323a223634623334383732303263363833636561623737336136656535353431636135223b733a33323a226639316438633932613030626339333534366465623863326361306435343966223b733a33323a223933633937313466306466323238383930373435633439353038623865663431223b733a33323a226262316136396239363661663863333530306538323862373836666361353039223b733a33323a226333623966356533636366373432343334333264323163393834373539323232223b733a33323a223338636366616566633464336337373539633363613931613538326265636635223b733a33323a223835303730306335323864663339343234663062373635623533633363393936223b733a33323a223538663939646534383138646164393035613334383039306562666239383538223b733a33323a226366353938373764623635323732646437636435636566636139366531623430223b733a33323a223837393466633566623137353839336131326131373139613236326235373237223b733a33323a226532363163373739616334313961323665343831393637313335643334643435223b733a33323a223961393933376234633365303831333232643361646464343365643237663930223b733a33323a223230333232306562383863613432303662653466343861323334646239326463223b733a33323a226266636666383032343836356436646536343961303331626534373638303662223b733a33323a223539383632623166306263353965393634653937343037383736313764386630223b733a33323a226162363438643461366662373437366336366663663961303362336431373637223b733a33323a223263303639653735396330633531323632366464316335333839386431363130223b733a33323a223731353638646236306539393535386639383232363162653630396538613764223b733a33323a223462323165366632616536376132616161313330653133643565613135323966223b733a33323a226164383730663335623732636438363866386265343130306437363461396437223b733a33323a223138386330333936333030323034653935383938396366313432303634383734223b733a33323a223262393032623763623837386435643932363938363833306637666236366339223b733a33323a223534353432666339353237616265336230343733353339316463313130323831223b733a33323a223031363665373633306562613763343135653233326539366364306334363538223b733a33323a226366646361653464373863383161333136393966383832323565353030353532223b733a33323a226630383038326536643938613733646632393061616636633639373664643563223b733a33323a223033666139666232353833636464623962373563393864646431396233336262223b733a33323a226335363538616239656233353239346530353431306361666535323861363430223b733a33323a226632646536626134646534656333616238643831396466336138633639306438223b733a33323a226535616633396566366531656239366432316664343331386536393130656466223b733a33323a223165663162316233316131623039366331653162633862326637663962613332223b733a33323a223833633163396634336633336439666135623335303434626164663961643635223b733a33323a223962303261636138373536666633653437393331626335633965643334646132223b733a33323a226139663732633266383764626431336532656163366538633363313466306566223b733a33323a223164323839666565366332313937643462336539643964313661336135396261223b733a33323a226235653463373865316264616465663439613336373536306131666634663738223b733a33323a223664353337373863353964363938323861636235616130306138316337656435223b733a33323a226630353765666666346565323939626362623665323665303138653730353964223b733a33323a223864343237353431653563323831613736653235306532386433376234383161223b733a33323a223265646166366362323366643162653463343134353134396461643066373965223b733a33323a223535343636656262363463616634626435383065656565396230643532343735223b733a33323a223564613239323531313233366363363466306563366234653937356362343838223b733a33323a223932343265653733373234346134623361646438366465316231373235626333223b733a33323a226533313962623732653031643639633835366639373538663939303462356232223b733a33323a226630376363656466636439646332323232656131653565663534373636633638223b733a33323a223730623335303835363361633438623531613764666435343663373130396339223b733a33323a226263616364303466376662323661353732343736323362366265653563633739223b733a33323a226232643165633339373734303130306665666664643732393263623736616566223b733a33323a223834623566383964623162386232326430643563343838613261333937363139223b733a33323a223835656266373334393365303738663938636363373631343232636232313639223b733a33323a223765353738636662373863313937343131383062626137356165396136623238223b733a33323a226566323062613761346134633062393732306133396233373631393639643935223b733a33323a223335366532346165663165343033393362613633323762343032383938633262223b733a33323a223330386266343638323863366236643234303834373164393234343462313736223b733a33323a223431333863353365633364353132346635643530633761363936316161373962223b733a33323a226234346530623161343166653838626338316233303462333062373530396265223b733a33323a223338663332383961393434636438663934353231303564336563393237616164223b733a33323a226665623635396437666264366537643436333439366633343937663131663134223b733a33323a226262323432636465366537613535633165656133323562306361343339396332223b733a33323a226134316166323264633962323763396565373530663039333636343938643463223b733a33323a226238313337613337363266653934343738313535383936653335313032323965223b733a33323a223432626166663065373665356331633333373931313735353666613338376435223b733a33323a223638636264343663623833333665356237303930383161303462636666333561223b733a33323a226235656262643464363037643039636663636364376265363536316330333534223b733a33323a223064633366623234306230656139646133626563366566326337373161316239223b733a33323a223633613663653937386263653861663436353563376637323437663033343666223b733a33323a223235316161623438336365306261373732353234356539613733363032313935223b733a33323a223262363137626664636463343731386532303339663932373362356436386535223b733a33323a223361613735643634363461323439316432363131666437393333363138313433223b733a33323a226139623436366366613965303666653930323132663761333361336635616363223b733a33323a226338313863316136383031373666653233373764626131303366326465346138223b733a33323a223030623663376630623562623733373037316563653532663634303065366566223b733a33323a223735636365396466646331393866383631316439376565306137636265656363223b733a33323a223035646437666339656239643536346133383763356665643063623564383461223b733a33323a226461663631633334643232353266366566616562393237353631626164306538223b733a33323a223133646436316434646337353738343132326162313132393562383762663463223b733a33323a223030323765393263653232366435303132633935356662393662393363353937223b733a33323a226139663739636433363861656130646166653132313839313136613661626164223b733a33323a226466666465313562613435323631323231656334393366626263316265623961223b733a33323a223137313264323964333035343835326564383436353533653938633065303734223b733a33323a223439616633653062356265613131643032353932383161613264626565356538223b733a33323a223738396639633138666463383830383537386136633231373737376136666661223b733a33323a226539383639333233346139383937653863643834313035373531316337393661223b733a33323a226638306666313839303832646439313733646436633864633035616237353334223b733a33323a226331326537346632636233343633303539313135383663306162393234653633223b733a33323a226464336332613032346637306564626137633331633730636663333531356436223b733a33323a223534306661313735383164373561333362353735643339323264623831633664223b733a33323a223935656430373263313766656661656639636538353632376136373236303662223b733a33323a226432383738383930383963303265343261663765643034386532666563373563223b733a33323a226335616232343963376361636161316663363162626463323565393133303531223b733a33323a223662626135613237653536343561643363333138346330323535316638306332223b733a33323a223038316438613931643931336465623433613064313336326461383531363938223b733a33323a223730366162343839376137373430373762643366393265386363646437373439223b733a33323a223832666564646133363239613635616130393333616364306337653264396631223b733a33323a226634626238663839326531373465376365376135616662323139363834333632223b733a33323a223430383531303739363361353764616366396437393736346465663832333264223b733a33323a223635613731343135636364373463636461303366346634663163393464303533223b733a33323a226137636537616136363637373834353866336666323635616331666664663131223b733a33323a223732666366643763383733646436653039366463336232663637393064663165223b733a33323a226661326436343966613562643533393436336534363261353763643865333238223b733a33323a226265323435383763376638333464373863396161616362373630336366366330223b733a33323a223262336333613963666337366661613436643961303038356133363161653939223b733a33323a223131613863643664643937306263323263636336306337326565343336313733223b733a33323a226636393964303631623036373031633635343239663933323833346165306639223b733a33323a226161656136306431323662626533376566653636303837313334386133633863223b733a33323a226237653864656163356332656631363830633139333938373566386639306430223b733a33323a223238626532663462326566636137373832366438383835393132376164333662223b733a33323a223064646663326264316663623132333039343030396263306234336636353864223b733a33323a223563386532656630616430383161653631383430376232663335326131666334223b733a33323a223632326438386638306537323461653665616261646434353734356633623439223b733a33323a226161616134656464643834343563303062316162306130303364363162383461223b733a33323a223738366232326365353730363536323833383632373361393966613466646534223b733a33323a223762393561373264353166333961303535356562343362613965353034623032223b733a33323a223161656630616662313261326333633231643439303834626239366562343333223b733a33323a226366303133383237323765326233356636653364663061323162653235653932223b733a33323a223233663461356536306433373462313562656436306338373066643966653437223b733a33323a226665613763303034663331646661366332353332353236323830333536623162223b733a33323a223661623965333863666338383064323964343832626132386337623763383831223b733a33323a223863626165333738393165393064373535643562653664356537653663643439223b733a33323a226563646566336164386666356535663165633837636536353364613864613861223b733a33323a223662623064656161653936363131656335336266636266643232303631373632223b733a33323a223762663838663064393661623836623133663436323764613530393038396133223b733a33323a226361333231336463373738373033643836336434376434613538333666343566223b733a33323a223937666563393039333063313530323464373932373738626362636564393632223b733a33323a223265646430633634323138643432373261616532346465373266616134643936223b733a33323a223838646662303230303337623665343736373361356236643332333638623832223b733a33323a226564393736646330353565353230303635396237366535613030393465313031223b733a33323a223338616263633833653234313961313936626161313661626665646334623564223b733a33323a226538323934646435323962633937353032626263653234353837333937323238223b733a33323a226437646634656337663538343462656435626437333561343935353935623233223b733a33323a226361633633323338623362353265383862343338623237356531313439656663223b733a33323a226230393638633735633966346137383337393135666262623537343237303038223b733a33323a226135333131376631393665386237623066376632313333343631323331663232223b733a33323a223732343232646565333566333639326234633135623630663132376430306439223b733a33323a223266346131303061623233646438636332653630363561653035346266633036223b733a33323a223137396231373839663135613031313133313136313366323263613235353537223b733a33323a223634383762333262356161383330346661373636636636323562323630366137223b733a33323a223364393639643731653663313739336235393463623130633639343234363762223b733a33323a223932386166313634623362346139343833393136306236636465356434336431223b733a33323a226666346164306565303566343536333133636138313734653335646566393464223b733a33323a223938343437303564303332666138656535396662316233303062656265363163223b733a33323a223836346361666532356661363639626361356663623662343735643938326436223b733a33323a223734643830393437666339656437646661663866363337623438393937626663223b733a33323a223338623136663230643338396331343731653764623330633231636230393261223b733a33323a223664313335313038666662393838376137363066336562356234653061623633223b733a33323a226565343062316436623530336166313338633362373234313861613263313835223b7d733a343a2268617368223b733a36353a2265653430623164366235303361663133386333623732343138616132633138352d3664313335313038666662393838376137363066336562356234653061623633223b7d733a343a22666c6167223b693a323b733a31333a226974657261746f72436c617373223b733a31333a2241727261794974657261746f72223b733a31393a2270726f74656374656450726f70657274696573223b613a343a7b693a303b733a373a2273746f72616765223b693a313b733a343a22666c6167223b693a323b733a31333a226974657261746f72436c617373223b693a333b733a31393a2270726f74656374656450726f70657274696573223b7d7d4c616d696e61735f56616c696461746f725f437372665f73616c745f7265736f7572636574656d706c617465666f726d5f637372667c4f3a32363a224c616d696e61735c5374646c69625c41727261794f626a656374223a343a7b733a373a2273746f72616765223b613a323a7b733a393a22746f6b656e4c697374223b613a31303a7b733a33323a226433643163393633376332653666623433346333626631363337366634626333223b733a33323a223233643230303264646637623334386665313562623039386538323936346639223b733a33323a223339653637616338616435333332636363663937663533626330623764383632223b733a33323a226436653361663638306135343463656430313965373634636363653863643639223b733a33323a226266373563656334353534643463383833663137393365393264303764656530223b733a33323a223163303235353937643862333065643566643631323762383064633562663531223b733a33323a223432663662633736333062376635383534333133623733383961313537386337223b733a33323a223739613439306266346662326530653333386138623963636435336464653066223b733a33323a223938616461396434363764353431393264333465373137313364656465323664223b733a33323a223930613165316234636637383234663331303236323739346662623466356539223b733a33323a223239326162363765366465353835656564376530363032623039356530623439223b733a33323a226239373930393362326663393538323834303363613230356461386334396630223b733a33323a223165616561396162383031626562383263373530336561393434343763353165223b733a33323a226336393934636334303961616534396161353161363734616634393363383538223b733a33323a223861333436616636356537646362323636353664353233333033366530343662223b733a33323a223165346239306530656437623264653736363361363336643837616233643237223b733a33323a226631323864376132346635636231383431653731323230313963316436353332223b733a33323a223965353239343839663437376263313863316339623837376365613062633632223b733a33323a223666636637386362663934623163643036636266623166643634626533623165223b733a33323a223031633136663863333330363732363736313166313962643966666635386534223b7d733a343a2268617368223b733a36353a2230316331366638633333303637323637363131663139626439666666353865342d3666636637386362663934623163643036636266623166643634626533623165223b7d733a343a22666c6167223b693a323b733a31333a226974657261746f72436c617373223b733a31333a2241727261794974657261746f72223b733a31393a2270726f74656374656450726f70657274696573223b613a343a7b693a303b733a373a2273746f72616765223b693a313b733a343a22666c6167223b693a323b733a31333a226974657261746f72436c617373223b693a333b733a31393a2270726f74656374656450726f70657274696573223b7d7d4c616d696e61735f56616c696461746f725f437372665f73616c745f637372667c4f3a32363a224c616d696e61735c5374646c69625c41727261794f626a656374223a343a7b733a373a2273746f72616765223b613a323a7b733a393a22746f6b656e4c697374223b613a35333a7b733a33323a226134323434333231653338623263363566356131383039373738393631653631223b733a33323a223362383330613565353664393639613732663031613234626539376134316565223b733a33323a223339303838306133653636393361643837303335316164366239633038326362223b733a33323a226538616436353736366265326437616165363835656361363764353539373231223b733a33323a223564393732393161666139303234653534343264633664303963366364396436223b733a33323a223139646265363233633536336436663932306136653534383730363463333432223b733a33323a223261663931336339333163626330653938633035646533653633613838666166223b733a33323a223332623133303138666638626565373963376533393633306531656431313864223b733a33323a226165363964313536366462616663633366333164623233366534366465613635223b733a33323a223238663931633162316635613966363561323333613937363962616436353565223b733a33323a223031336136653433653931376130616631376466353530366562366666376133223b733a33323a223037303439363435633265313333366564646631636532613161623330393234223b733a33323a226437663430393939386137373231306338366134326665633963313262313862223b733a33323a223932663935613333373666653735653037306338643136663563616662393137223b733a33323a226365656436343764376163646263663063656361643736383263313732323539223b733a33323a223730643238353364393439313664643038343335366636356433373765633632223b733a33323a223737396630313664313237323736386266643836313866383066333830306332223b733a33323a223534313433303563386637613937313862386231613865326664396234373661223b733a33323a226337363239346431316564663761303731376630323131616231373737393337223b733a33323a226531623162363466333439653964393463383835653632623236316534663838223b733a33323a226165316162626163623066306230373638363631346665666432396265323431223b733a33323a223332373731336432393965336138663261366139313137616633313561626531223b733a33323a226639396436633434383563633134343830326435663865303933653033336466223b733a33323a223965656437366564343433333761623134343439333231663538653835343865223b733a33323a223537616339653633383637633664376330623931663233383066396365303634223b733a33323a223064646264306661626434616262343135386536633835366365663137643731223b733a33323a226438323663363665636632633134373137663436636266653337623534633438223b733a33323a223363346264323966396439663463616230326464316431306536303165306461223b733a33323a226663333335383438386365636530656261393134303136373963366162366332223b733a33323a223330643266653266636264346664366666323639356664663238313737323836223b733a33323a223663353337656334383837396639653739383962626266306163646361323663223b733a33323a226233616235313236623939343934316534666236333138303036636463333562223b733a33323a226435613334386335633065383039663465346564633239666661626231343234223b733a33323a226337303732623034653636326666323461393136636466643265353635363630223b733a33323a226265343966346130353463306232316133396662663266333664343065616437223b733a33323a223038373539646261333635343532633239363632303739303065303765613534223b733a33323a223938346237666237633030616666636331373361646365636534393661326563223b733a33323a223631373834323137333033656335393135383638656237323030333762323464223b733a33323a223234333765316635356537663931303863613735333338353532643364643566223b733a33323a226534363661376362373530623035323030343138323966393336316635646535223b733a33323a226132653632306362393161656435643737613437303566373932393166356466223b733a33323a223436653565333465613561643162623164653636313735663331633564333164223b733a33323a223935313438646338346535636633356435316265616661636261386534666439223b733a33323a223664303264363061316534366135333265366530623462643830656135643036223b733a33323a223463316337366461303463316162393839656438663930303464393333666234223b733a33323a223736313361353264666133656236623334323539613666613861336263326234223b733a33323a226638623432633332346365363765366464613436613330623962313735396235223b733a33323a223735343636646133393934363463316439366465353631626131373538353431223b733a33323a223065323630633230386663636135323536306562333264343535393435366637223b733a33323a223132396437306432626564353964646232613864393538346462383865376463223b733a33323a223034373630346431636232353864336136333430383331653534623239393066223b733a33323a226230376137336238383937336430313137363033316666366432376430343365223b733a33323a226134356139313334333631336136353134376264636535333535613631666333223b733a33323a223264336565373032343364333035376239616265386162386530333337343135223b733a33323a223533336636656161653063386364323436313732313436356164323334346363223b733a33323a223732323664623532633532343165663536663062353137663662373434613931223b733a33323a223165376137613566373930303533646434303430353735363139333032643238223b733a33323a223435663033613137646361353738633533323364643631656463323161623135223b733a33323a223666626535636663386531376534386663366634373063363265363262313632223b733a33323a223735383339633662373831336162333930323866616438386434303339313962223b733a33323a223137626465383835306234336464353235623735333437376339396363393439223b733a33323a223364383063656539626434353135613333383035626434633731646264326135223b733a33323a226431306361656636623837616334356464616331366533646132353761326666223b733a33323a223964666238326534623638373132656439353736386136663464643661623035223b733a33323a223437653137616266633835383434386166663030643962336435316162633063223b733a33323a226162353963636361346537643532646163336164663231666433363963376436223b733a33323a226638663361663631316539323762303437316630316665393133356263636132223b733a33323a226163653334623738306564663239396430613537376530333635343561663139223b733a33323a223133663261323739623633386566363538313035303264393238653430376433223b733a33323a223539396263356264306431323037376235626530636330373063613138633361223b733a33323a223130323162306538616566666262646535303631316438626235366538636632223b733a33323a226361643931323537656364353263326234396537393633393063613133393261223b733a33323a226566373839623463363062643235636231643939386233346361333364616665223b733a33323a226465353162356166373366313637383661336263373233643965383433363761223b733a33323a223864323730383063363735323730313763353766303363663737313463343030223b733a33323a223534643734393162626437626639333236363035396336343539363665303737223b733a33323a223234346232303331363863343732343364666566633732333664323730653762223b733a33323a223231313162663034633865323439356665396232316632626164633933613638223b733a33323a223137626130396634646631636531653337343961636130653364343133616136223b733a33323a226631316439623266363465333165663064353031613837643436383065333439223b733a33323a223336623038623730326564623137353861373866316532373665643665313564223b733a33323a226139653865383936666631356464383339613932383131303461383139663964223b733a33323a226265333833653638346266656135383463356561323735373933313661643066223b733a33323a226631643237666339616262653061343961323062306264653131313136643732223b733a33323a223832343936636361663138336338616635313936663631363564623838303037223b733a33323a226238616463396437643538643237633837353161613635396665333637333366223b733a33323a223538353139653365313935663163626634363834666332666566383064653330223b733a33323a226532303163353365363336623663306335343139363563633232656562303264223b733a33323a223835643033373266326235626639643764333439306135616434643162313331223b733a33323a223961646634626364633932656338306339366338633530393536333537363032223b733a33323a223831313066663937353830393333366564623866396436393035666163386238223b733a33323a223531373861306636653966306561376465343461663565653132313964343965223b733a33323a223261366666303963366161326530373861373331323765393332326636313530223b733a33323a223262663161333761353033626266373930303036323461343831313965653632223b733a33323a226235303263316137383065353634653235323137653561396235333139353639223b733a33323a223266353235656635353835346462636535313435383631316231323164383233223b733a33323a223638633939366231333035343364303562376264376636313034626230633630223b733a33323a226264633565383535323132386266376166653634336565306366643263376132223b733a33323a223139313338303737386531326632383931326134333739323337616137313665223b733a33323a226235373539333563396264313564323136376537656162383964646635613664223b733a33323a223830656439393762363230653161326535306138363162383133316539366637223b733a33323a223532396138316463643638643033653836616631336565376661646430363963223b733a33323a223338613565396531313431376230643330666430636466663966396338306536223b733a33323a223335393739313934343936653961313466613930396535396539336563376536223b733a33323a226439626465323433633134383034303232396163663331656136333362313064223b733a33323a223131303032363639373035323330636431373539343965396133306561633431223b7d733a343a2268617368223b733a36353a2231313030323636393730353233306364313735393439653961333065616334312d6439626465323433633134383034303232396163663331656136333362313064223b7d733a343a22666c6167223b693a323b733a31333a226974657261746f72436c617373223b733a31333a2241727261794974657261746f72223b733a31393a2270726f74656374656450726f70657274696573223b613a343a7b693a303b733a373a2273746f72616765223b693a313b733a343a22666c6167223b693a323b733a31333a226974657261746f72436c617373223b693a333b733a31393a2270726f74656374656450726f70657274696573223b7d7d, 1760870972),
('k0313gnc5o8bkp59m4pueti06q', 0x5f5f4c616d696e61737c613a323a7b733a32303a225f524551554553545f4143434553535f54494d45223b643a313736353233333630312e3238383839363b733a363a225f56414c4944223b613a313a7b733a32383a224c616d696e61735c53657373696f6e5c56616c696461746f725c4964223b733a32363a226b30333133676e63356f38626b7035396d347075657469303671223b7d7d, 1765233601),
('k0u6vqsi6nscsv6gi4r9pd1mlo', 0x5f5f4c616d696e61737c613a323a7b733a32303a225f524551554553545f4143434553535f54494d45223b643a313736353232363533392e3037303636323b733a363a225f56414c4944223b613a313a7b733a32383a224c616d696e61735c53657373696f6e5c56616c696461746f725c4964223b733a32363a226b30753676717369366e736373763667693472397064316d6c6f223b7d7d, 1765226539),
('k4ucc5rnb62moevecathki7qhr', 0x5f5f4c616d696e61737c613a323a7b733a32303a225f524551554553545f4143434553535f54494d45223b643a313736353232353333352e3039383737313b733a363a225f56414c4944223b613a313a7b733a32383a224c616d696e61735c53657373696f6e5c56616c696461746f725c4964223b733a32363a226b3475636335726e6236326d6f657665636174686b6937716872223b7d7d, 1765225335),
('k7esvs13ijbhq52pej7vu0vgr3', 0x5f5f4c616d696e61737c613a323a7b733a32303a225f524551554553545f4143434553535f54494d45223b643a313736353232353731302e3230383134353b733a363a225f56414c4944223b613a313a7b733a32383a224c616d696e61735c53657373696f6e5c56616c696461746f725c4964223b733a32363a226b37657376733133696a626871353270656a3776753076677233223b7d7d, 1765225710),
('kmd7ghr5psgd94u7g0j3kiv4e6', 0x5f5f4c616d696e61737c613a323a7b733a32303a225f524551554553545f4143434553535f54494d45223b643a313736353232393037332e3537363037353b733a363a225f56414c4944223b613a313a7b733a32383a224c616d696e61735c53657373696f6e5c56616c696461746f725c4964223b733a32363a226b6d643767687235707367643934753767306a336b6976346536223b7d7d, 1765229073),
('ksld7et0c11cr4v5g48vludsc3', 0x5f5f4c616d696e61737c613a323a7b733a32303a225f524551554553545f4143434553535f54494d45223b643a313736353233323636312e37373533333b733a363a225f56414c4944223b613a313a7b733a32383a224c616d696e61735c53657373696f6e5c56616c696461746f725c4964223b733a32363a226b736c64376574306331316372347635673438766c7564736333223b7d7d, 1765232661),
('l3r87ih2119j5j0si1jb2fnfn4', 0x5f5f4c616d696e61737c613a323a7b733a32303a225f524551554553545f4143434553535f54494d45223b643a313736353233323636312e3838303838313b733a363a225f56414c4944223b613a313a7b733a32383a224c616d696e61735c53657373696f6e5c56616c696461746f725c4964223b733a32363a226c337238376968323131396a356a307369316a6232666e666e34223b7d7d, 1765232661),
('lifqn1j4cu013qa4ss5icgfc7e', 0x5f5f4c616d696e61737c613a323a7b733a32303a225f524551554553545f4143434553535f54494d45223b643a313736353232393038352e3430313837383b733a363a225f56414c4944223b613a313a7b733a32383a224c616d696e61735c53657373696f6e5c56616c696461746f725c4964223b733a32363a226c6966716e316a34637530313371613473733569636766633765223b7d7d, 1765229085),
('lkicn0ic8r82dhn8akpieg8p0n', 0x5f5f4c616d696e61737c613a323a7b733a32303a225f524551554553545f4143434553535f54494d45223b643a313736353232323939322e3736323735383b733a363a225f56414c4944223b613a313a7b733a32383a224c616d696e61735c53657373696f6e5c56616c696461746f725c4964223b733a32363a226c6b69636e3069633872383264686e38616b706965673870306e223b7d7d, 1765222992),
('m223bi02lp37u1vpjt397crnr3', 0x5f5f4c616d696e61737c613a353a7b733a32303a225f524551554553545f4143434553535f54494d45223b643a313736353237303430352e33353732323b733a363a225f56414c4944223b613a313a7b733a32383a224c616d696e61735c53657373696f6e5c56616c696461746f725c4964223b733a32363a226b6e67376b726571376c613831636a38746a753868316e396f61223b7d733a34323a224c616d696e61735f56616c696461746f725f437372665f73616c745f6c6f67696e666f726d5f63737266223b613a313a7b733a363a22455850495245223b693a313736353331333537343b7d733a33323a224c616d696e61735f56616c696461746f725f437372665f73616c745f63737266223b613a313a7b733a363a22455850495245223b693a313736353331333539353b7d733a34343a224c616d696e61735f56616c696461746f725f437372665f73616c745f636f6e6669726d666f726d5f63737266223b613a313a7b733a363a22455850495245223b693a313736353331333538353b7d7d72656469726563745f75726c7c733a34373a22687474703a2f2f6c6f63616c686f73742f6f6d6b5f746879705f32352d32365f636c6f6e652f61646d696e2f6a6f62223b4c616d696e61735f56616c696461746f725f437372665f73616c745f6c6f67696e666f726d5f637372667c4f3a32363a224c616d696e61735c5374646c69625c41727261794f626a656374223a343a7b733a373a2273746f72616765223b613a323a7b733a393a22746f6b656e4c697374223b613a313a7b733a33323a223464343561323063643636346238643062333965653632346632633764336236223b733a33323a226633333336313736346264303361376330323166653166303964383536663339223b7d733a343a2268617368223b733a36353a2266333333363137363462643033613763303231666531663039643835366633392d3464343561323063643636346238643062333965653632346632633764336236223b7d733a343a22666c6167223b693a323b733a31333a226974657261746f72436c617373223b733a31333a2241727261794974657261746f72223b733a31393a2270726f74656374656450726f70657274696573223b613a343a7b693a303b733a373a2273746f72616765223b693a313b733a343a22666c6167223b693a323b733a31333a226974657261746f72436c617373223b693a333b733a31393a2270726f74656374656450726f70657274696573223b7d7d4c616d696e61735f417574687c4f3a32363a224c616d696e61735c5374646c69625c41727261794f626a656374223a343a7b733a373a2273746f72616765223b613a303a7b7d733a343a22666c6167223b693a323b733a31333a226974657261746f72436c617373223b733a31333a2241727261794974657261746f72223b733a31393a2270726f74656374656450726f70657274696573223b613a343a7b693a303b733a373a2273746f72616765223b693a313b733a343a22666c6167223b693a323b733a31333a226974657261746f72436c617373223b693a333b733a31393a2270726f74656374656450726f70657274696573223b7d7d4f6d656b614d657373656e6765727c4f3a32363a224c616d696e61735c5374646c69625c41727261794f626a656374223a343a7b733a373a2273746f72616765223b613a313a7b733a383a226d65737361676573223b613a313a7b693a313b613a313a7b693a303b733a32333a225375636365737366756c6c79206c6f67676564206f7574223b7d7d7d733a343a22666c6167223b693a323b733a31333a226974657261746f72436c617373223b733a31333a2241727261794974657261746f72223b733a31393a2270726f74656374656450726f70657274696573223b613a343a7b693a303b733a373a2273746f72616765223b693a313b733a343a22666c6167223b693a323b733a31333a226974657261746f72436c617373223b693a333b733a31393a2270726f74656374656450726f70657274696573223b7d7d4c616d696e61735f56616c696461746f725f437372665f73616c745f637372667c4f3a32363a224c616d696e61735c5374646c69625c41727261794f626a656374223a343a7b733a373a2273746f72616765223b613a323a7b733a393a22746f6b656e4c697374223b613a333a7b733a33323a223663663162306663633864643935623462636363323063376362363965636664223b733a33323a223235653863643636343935653862613333613561633466666663313530386662223b733a33323a223966333731393864313666313139383237623737333535666134636439616533223b733a33323a223265656263383734636136633431663433616231313965356261656637313234223b733a33323a223738663830633162646433396335663262373231643332646437326461363335223b733a33323a223437626332366238636535343462313061326364653162363562386137356330223b7d733a343a2268617368223b733a36353a2234376263323662386365353434623130613263646531623635623861373563302d3738663830633162646433396335663262373231643332646437326461363335223b7d733a343a22666c6167223b693a323b733a31333a226974657261746f72436c617373223b733a31333a2241727261794974657261746f72223b733a31393a2270726f74656374656450726f70657274696573223b613a343a7b693a303b733a373a2273746f72616765223b693a313b733a343a22666c6167223b693a323b733a31333a226974657261746f72436c617373223b693a333b733a31393a2270726f74656374656450726f70657274696573223b7d7d4c616d696e61735f56616c696461746f725f437372665f73616c745f636f6e6669726d666f726d5f637372667c4f3a32363a224c616d696e61735c5374646c69625c41727261794f626a656374223a343a7b733a373a2273746f72616765223b613a323a7b733a393a22746f6b656e4c697374223b613a323a7b733a33323a223533653731613530306262356464363333333035636234626536376432313433223b733a33323a223939363238336464386538636533386461656433643561343634336533316333223b733a33323a223966626464363566613666623437353336313636393435306665313634623234223b733a33323a226465336231306436393532323666306337646531633261623165383664653366223b7d733a343a2268617368223b733a36353a2264653362313064363935323236663063376465316332616231653836646533662d3966626464363566613666623437353336313636393435306665313634623234223b7d733a343a22666c6167223b693a323b733a31333a226974657261746f72436c617373223b733a31333a2241727261794974657261746f72223b733a31393a2270726f74656374656450726f70657274696573223b613a343a7b693a303b733a373a2273746f72616765223b693a313b733a343a22666c6167223b693a323b733a31333a226974657261746f72436c617373223b693a333b733a31393a2270726f74656374656450726f70657274696573223b7d7d, 1765270405),
('m81bvou2vsqefb7e6nnrqvfokp', 0x5f5f4c616d696e61737c613a323a7b733a32303a225f524551554553545f4143434553535f54494d45223b643a313736353233323636302e3538323932393b733a363a225f56414c4944223b613a313a7b733a32383a224c616d696e61735c53657373696f6e5c56616c696461746f725c4964223b733a32363a226d383162766f75327673716566623765366e6e727176666f6b70223b7d7d, 1765232660),
('m90vgj1o201iqha2rv7op4nuv2', 0x5f5f4c616d696e61737c613a323a7b733a32303a225f524551554553545f4143434553535f54494d45223b643a313736353232363335362e3234393136333b733a363a225f56414c4944223b613a313a7b733a32383a224c616d696e61735c53657373696f6e5c56616c696461746f725c4964223b733a32363a226d393076676a316f32303169716861327276376f70346e757632223b7d7d, 1765226356),
('mbapss9joep0glc92r1hen0g6p', 0x5f5f4c616d696e61737c613a323a7b733a32303a225f524551554553545f4143434553535f54494d45223b643a313736353232313634332e3331373039333b733a363a225f56414c4944223b613a313a7b733a32383a224c616d696e61735c53657373696f6e5c56616c696461746f725c4964223b733a32363a226d6261707373396a6f657030676c633932723168656e30673670223b7d7d, 1765221643),
('mbkrji2qdh6nufjmqalr7cqeci', 0x5f5f4c616d696e61737c613a323a7b733a32303a225f524551554553545f4143434553535f54494d45223b643a313736353233333638372e39373835313b733a363a225f56414c4944223b613a313a7b733a32383a224c616d696e61735c53657373696f6e5c56616c696461746f725c4964223b733a32363a226d626b726a6932716468366e75666a6d71616c72376371656369223b7d7d, 1765233687),
('mnfck78bsvqa1uhck3dsertimq', 0x5f5f4c616d696e61737c613a323a7b733a32303a225f524551554553545f4143434553535f54494d45223b643a313736353232333638362e3536363239333b733a363a225f56414c4944223b613a313a7b733a32383a224c616d696e61735c53657373696f6e5c56616c696461746f725c4964223b733a32363a226d6e66636b37386273767161317568636b336473657274696d71223b7d7d72656469726563745f75726c7c733a34383a22687474703a2f2f6c6f63616c686f73742f6f6d6b5f746879705f32352d32365f636c6f6e652f61646d696e2f63686174223b, 1765223686),
('mos4k2m06uur13b42s3s0aioqd', 0x5f5f4c616d696e61737c613a323a7b733a32303a225f524551554553545f4143434553535f54494d45223b643a313736353232313633322e3733313639313b733a363a225f56414c4944223b613a313a7b733a32383a224c616d696e61735c53657373696f6e5c56616c696461746f725c4964223b733a32363a226d6f73346b326d303675757231336234327333733061696f7164223b7d7d, 1765221632),
('mph35qineeqnm8fomaval0uh18', 0x5f5f4c616d696e61737c613a323a7b733a32303a225f524551554553545f4143434553535f54494d45223b643a313736353232313436342e3833373332373b733a363a225f56414c4944223b613a313a7b733a32383a224c616d696e61735c53657373696f6e5c56616c696461746f725c4964223b733a32363a226d7068333571696e6565716e6d38666f6d6176616c3075683138223b7d7d, 1765221464),
('n1uov3um3enk49eljk468gemgc', 0x5f5f4c616d696e61737c613a323a7b733a32303a225f524551554553545f4143434553535f54494d45223b643a313736353233343435312e3738393235313b733a363a225f56414c4944223b613a313a7b733a32383a224c616d696e61735c53657373696f6e5c56616c696461746f725c4964223b733a32363a226e31756f7633756d33656e6b3439656c6a6b34363867656d6763223b7d7d, 1765234451),
('nd1qvhh9jmjm5ob0kvk7lqmja3', 0x5f5f4c616d696e61737c613a323a7b733a32303a225f524551554553545f4143434553535f54494d45223b643a313736353233323737332e3835333130373b733a363a225f56414c4944223b613a313a7b733a32383a224c616d696e61735c53657373696f6e5c56616c696461746f725c4964223b733a32363a226e643171766868396a6d6a6d356f62306b766b376c716d6a6133223b7d7d, 1765232773),
('nhe5qkm9pap2vvl7jlo003v039', 0x5f5f4c616d696e61737c613a323a7b733a32303a225f524551554553545f4143434553535f54494d45223b643a313736353233323635392e3134363736353b733a363a225f56414c4944223b613a313a7b733a32383a224c616d696e61735c53657373696f6e5c56616c696461746f725c4964223b733a32363a226e686535716b6d397061703276766c376a6c6f30303376303339223b7d7d, 1765232659),
('npj169rhpq7l3cd6jnk9nqf34d', 0x5f5f4c616d696e61737c613a323a7b733a32303a225f524551554553545f4143434553535f54494d45223b643a313736353233333731392e3630303535393b733a363a225f56414c4944223b613a313a7b733a32383a224c616d696e61735c53657373696f6e5c56616c696461746f725c4964223b733a32363a226e706a31363972687071376c336364366a6e6b396e7166333464223b7d7d, 1765233719),
('nq69dcooltjv09a4upjmbo97e0', 0x5f5f4c616d696e61737c613a323a7b733a32303a225f524551554553545f4143434553535f54494d45223b643a313736353233323635392e3936353632383b733a363a225f56414c4944223b613a313a7b733a32383a224c616d696e61735c53657373696f6e5c56616c696461746f725c4964223b733a32363a226e71363964636f6f6c746a763039613475706a6d626f39376530223b7d7d, 1765232659),
('o2ctug18nk30pf81rasmh9s7no', 0x5f5f4c616d696e61737c613a323a7b733a32303a225f524551554553545f4143434553535f54494d45223b643a313736353233323636302e3437373433343b733a363a225f56414c4944223b613a313a7b733a32383a224c616d696e61735c53657373696f6e5c56616c696461746f725c4964223b733a32363a226f326374756731386e6b3330706638317261736d683973376e6f223b7d7d, 1765232660),
('o2sjihti439n4kk3a32fb4aiko', 0x5f5f4c616d696e61737c613a323a7b733a32303a225f524551554553545f4143434553535f54494d45223b643a313736353233323636302e3932353038363b733a363a225f56414c4944223b613a313a7b733a32383a224c616d696e61735c53657373696f6e5c56616c696461746f725c4964223b733a32363a226f32736a696874693433396e346b6b3361333266623461696b6f223b7d7d, 1765232660);
INSERT INTO `session` (`id`, `data`, `modified`) VALUES
('o83m82ju1o5ir5gm8tbeuioq31', 0x5f5f4c616d696e61737c613a333a7b733a32303a225f524551554553545f4143434553535f54494d45223b643a313736353235373533342e3831343837363b733a363a225f56414c4944223b613a313a7b733a32383a224c616d696e61735c53657373696f6e5c56616c696461746f725c4964223b733a32363a226f38336d38326a75316f35697235676d3874626575696f713331223b7d733a34323a224c616d696e61735f56616c696461746f725f437372665f73616c745f6c6f67696e666f726d5f63737266223b613a313a7b733a363a22455850495245223b693a313736353330303733343b7d7d72656469726563745f75726c7c733a37323a22687474703a2f2f6c6f63616c686f73742f6f6d6b5f746879705f32352d32365f636c6f6e652f61646d696e2f6d6f64756c652f636f6e6669677572653f69643d4d794d6f64756c65223b4c616d696e61735f56616c696461746f725f437372665f73616c745f6c6f67696e666f726d5f637372667c4f3a32363a224c616d696e61735c5374646c69625c41727261794f626a656374223a343a7b733a373a2273746f72616765223b613a323a7b733a393a22746f6b656e4c697374223b613a313a7b733a33323a223232316361356130616561363963616330633863393230633031323635396632223b733a33323a223734303530333666303161366137353032383635316538343236613962616535223b7d733a343a2268617368223b733a36353a2237343035303336663031613661373530323836353165383432366139626165352d3232316361356130616561363963616330633863393230633031323635396632223b7d733a343a22666c6167223b693a323b733a31333a226974657261746f72436c617373223b733a31333a2241727261794974657261746f72223b733a31393a2270726f74656374656450726f70657274696573223b613a343a7b693a303b733a373a2273746f72616765223b693a313b733a343a22666c6167223b693a323b733a31333a226974657261746f72436c617373223b693a333b733a31393a2270726f74656374656450726f70657274696573223b7d7d, 1765257534),
('oen42iglkr5gnep1b2l31k0dln', 0x5f5f4c616d696e61737c613a323a7b733a32303a225f524551554553545f4143434553535f54494d45223b643a313736353232363932332e3733333433343b733a363a225f56414c4944223b613a313a7b733a32383a224c616d696e61735c53657373696f6e5c56616c696461746f725c4964223b733a32363a226f656e343269676c6b7235676e65703162326c33316b30646c6e223b7d7d, 1765226923),
('oh66gc4qaci36k0rnidols51sf', 0x5f5f4c616d696e61737c613a323a7b733a32303a225f524551554553545f4143434553535f54494d45223b643a313736353233333633372e38343137343b733a363a225f56414c4944223b613a313a7b733a32383a224c616d696e61735c53657373696f6e5c56616c696461746f725c4964223b733a32363a226f6836366763347161636933366b30726e69646f6c7335317366223b7d7d, 1765233637),
('ok1n55r5usvec6tns371dbft4n', 0x5f5f4c616d696e61737c613a393a7b733a32303a225f524551554553545f4143434553535f54494d45223b643a313736353237373332372e3433373832363b733a363a225f56414c4944223b613a313a7b733a32383a224c616d696e61735c53657373696f6e5c56616c696461746f725c4964223b733a32363a2235636a6f636e756476726269637161616a6c6e7567716d69356b223b7d733a34323a224c616d696e61735f56616c696461746f725f437372665f73616c745f6c6f67696e666f726d5f63737266223b613a313a7b733a363a22455850495245223b693a313736353331333630353b7d733a34343a224c616d696e61735f56616c696461746f725f437372665f73616c745f636f6e6669726d666f726d5f63737266223b613a313a7b733a363a22455850495245223b693a313736353332303438353b7d733a33323a224c616d696e61735f56616c696461746f725f437372665f73616c745f63737266223b613a313a7b733a363a22455850495245223b693a313736353331383534323b7d733a35333a224c616d696e61735f56616c696461746f725f437372665f73616c745f7265736f7572636574656d706c617465666f726d5f63737266223b613a313a7b733a363a22455850495245223b693a313736353331363830323b7d733a35393a224c616d696e61735f56616c696461746f725f437372665f73616c745f7265736f7572636574656d706c617465696d706f7274666f726d5f63737266223b613a313a7b733a363a22455850495245223b693a313736353331343830393b7d733a36353a224c616d696e61735f56616c696461746f725f437372665f73616c745f7265736f7572636574656d706c617465726576696577696d706f7274666f726d5f63737266223b613a313a7b733a363a22455850495245223b693a313736353331343831373b7d733a35333a224c616d696e61735f56616c696461746f725f437372665f73616c745f766f636162756c617279757064617465666f726d5f63737266223b613a313a7b733a363a22455850495245223b693a313736353331363537393b7d7d4c616d696e61735f56616c696461746f725f437372665f73616c745f6c6f67696e666f726d5f637372667c4f3a32363a224c616d696e61735c5374646c69625c41727261794f626a656374223a343a7b733a373a2273746f72616765223b613a323a7b733a393a22746f6b656e4c697374223b613a313a7b733a33323a226530356562366635633866376338363633363466653264396266663661376536223b733a33323a223434626631303963313039326136636264643136353938376361636364336137223b7d733a343a2268617368223b733a36353a2234346266313039633130393261366362646431363539383763616363643361372d6530356562366635633866376338363633363466653264396266663661376536223b7d733a343a22666c6167223b693a323b733a31333a226974657261746f72436c617373223b733a31333a2241727261794974657261746f72223b733a31393a2270726f74656374656450726f70657274696573223b613a343a7b693a303b733a373a2273746f72616765223b693a313b733a343a22666c6167223b693a323b733a31333a226974657261746f72436c617373223b693a333b733a31393a2270726f74656374656450726f70657274696573223b7d7d4c616d696e61735f417574687c4f3a32363a224c616d696e61735c5374646c69625c41727261794f626a656374223a343a7b733a373a2273746f72616765223b613a303a7b7d733a343a22666c6167223b693a323b733a31333a226974657261746f72436c617373223b733a31333a2241727261794974657261746f72223b733a31393a2270726f74656374656450726f70657274696573223b613a343a7b693a303b733a373a2273746f72616765223b693a313b733a343a22666c6167223b693a323b733a31333a226974657261746f72436c617373223b693a333b733a31393a2270726f74656374656450726f70657274696573223b7d7d4f6d656b614d657373656e6765727c4f3a32363a224c616d696e61735c5374646c69625c41727261794f626a656374223a343a7b733a373a2273746f72616765223b613a313a7b733a383a226d65737361676573223b613a313a7b693a313b613a313a7b693a303b733a32333a225375636365737366756c6c79206c6f67676564206f7574223b7d7d7d733a343a22666c6167223b693a323b733a31333a226974657261746f72436c617373223b733a31333a2241727261794974657261746f72223b733a31393a2270726f74656374656450726f70657274696573223b613a343a7b693a303b733a373a2273746f72616765223b693a313b733a343a22666c6167223b693a323b733a31333a226974657261746f72436c617373223b693a333b733a31393a2270726f74656374656450726f70657274696573223b7d7d72656469726563745f75726c7c4e3b4c616d696e61735f56616c696461746f725f437372665f73616c745f636f6e6669726d666f726d5f637372667c4f3a32363a224c616d696e61735c5374646c69625c41727261794f626a656374223a343a7b733a373a2273746f72616765223b613a323a7b733a393a22746f6b656e4c697374223b613a33373a7b733a33323a223264336331313231303331373761326238666263323434383239613233616631223b733a33323a226538636136353664323564666463323865653834346535373534653431396234223b733a33323a223863326266373563396565646639336564303532343161663431313130663564223b733a33323a226338393535623466313531336238313034393639383665613061653538653233223b733a33323a223631383036313834363738613366656431313432396265376464316639666461223b733a33323a223631373266616134646436303465383737306434366435343230653566633661223b733a33323a226361346437313561613661623234313730666239633662633034386235336362223b733a33323a223132333534383230353131373738653537383739323232393833366466363665223b733a33323a223465633761313335663061336563623665396238346139653733343964376433223b733a33323a226439616531643766313561613137353530316132623034633563373634386166223b733a33323a223631303063323535666436306562353534336666316165613066623135623438223b733a33323a223833643032363230383232323663353264353139643536393139333163656331223b733a33323a223832613932326562326138666464376466343164336466666365663535343339223b733a33323a223133663664353832613564383335653433663539343231346463616335393666223b733a33323a226566353335373034303139616665323063313864376338396662313630643734223b733a33323a226536613235343938353230333336363366366563363562346634336465393138223b733a33323a226162353233343231636432343335306232303764626632303364393061326564223b733a33323a223130633563643731646637373434666562666563316466626263386336393731223b733a33323a226334633337303663656164643632383335336662366266623337653261613639223b733a33323a226664616638336662343933353165656233643237373835636231333161313666223b733a33323a223339656332343132386365353739613139346666316232363334633137316130223b733a33323a223065376364313630656436363864633437373563306531666534343662393039223b733a33323a223861393337303262633734353038616234633037363739343332663734313261223b733a33323a223839313362666566636461343533396533313631616232356237383264303437223b733a33323a223761303537643535346535613065636231616139366533373333323633633639223b733a33323a226532366165333734393262383433303632613962643865313734373861343431223b733a33323a226637383065613062366431366366346166646638393461623966633363643661223b733a33323a226230363631643561303565353566353564393638373163323337383861343962223b733a33323a223938313766383865373964626636356330356437613966633236353733653532223b733a33323a223036643462336562653764626265306432656262616263636366366563656431223b733a33323a223562353333333065653664623231303434313335393530663661636262383862223b733a33323a223637353065333763643535633738316134616362393236313534656537353562223b733a33323a226561313265323962396131626135626365643036393664383661326162656434223b733a33323a223837353539323461663735623239653732376466353464323530656637316365223b733a33323a226139383139383266666465393730313466306534323531623833323632323335223b733a33323a226432613861396431666233376332373032666531313262383765306562663332223b733a33323a223237363439623163336361613761383337646139663061626461623330326436223b733a33323a223164653939393465646666306465613039303839663738663535333666663931223b733a33323a223834323639326231656634656632346366633963363566323036646436656631223b733a33323a226633663738366130336437313037373134333963303165386162623835613264223b733a33323a226335623636356665333530343766636135383361326130656134626330346665223b733a33323a223339626430316462663236646232386161386436646432393034613664616237223b733a33323a226630663731333437663363623932323362626138343866653338336334323933223b733a33323a223562666631363035643636343932333432616663613932633733343130333334223b733a33323a223434636431353362316265323136326530623931613264636164663461323138223b733a33323a223962653133383535646630346435663030616466343164373765613763396564223b733a33323a223638393034343762663436386437363636323633393661316538326363376565223b733a33323a226238623130396438366530616664363163336461346632386339306336316530223b733a33323a223136626261396533393237353838396334376664653330306539383331323032223b733a33323a223038333830653862396138366336623232623363653339656439633965363135223b733a33323a223162373839363635343036353630333635373239343636303762383630646666223b733a33323a226135386430333664316430313639323135373339326230323964326132363839223b733a33323a226331663266653662323937363464343361626531386533393665626334623036223b733a33323a226364396431316239663164353761353936366532626538653262656462666139223b733a33323a226635393733303864313563643333326231373437313437633434316136383437223b733a33323a223862646232613165303532663732363637366230313163623233613437633138223b733a33323a223961623031343736326366326632316633643565616261666165313562633535223b733a33323a223735333730323132393161333438666630323239323538303031663164613666223b733a33323a223663333032303731316133616536366437326437343838643935313430346332223b733a33323a226334613264643433366635343234383366366138323439643462643733666233223b733a33323a226161646362363530323830633130303936656531633064303033306566356438223b733a33323a223863353836636131373664663665346335343566333436363234393164616637223b733a33323a226461643165346335356135633639383536333464316566623934386432323137223b733a33323a223830356565326437333233383535653032303833643331393963383661363461223b733a33323a223563396637383262303061613465656133643363636362653539383762343565223b733a33323a223365353330643034616633306664666661383061366661643132306463643936223b733a33323a223036376361623563383831333763313136336338623462656336666665646537223b733a33323a226534643234653163663863653130323938643261303134633638633366316139223b733a33323a226137363161303535303334643234316439643738613065663964663137643435223b733a33323a223066623133373039363435393130623964373065633831623234343330663134223b733a33323a223265633535386166386437373364366562353062363165343336663236346330223b733a33323a223333346436333936393364393636363337656235373638313665333239383738223b733a33323a223962306435633863613763643663616336613161306161333962623165383637223b733a33323a223534313831646639393131623734663365396533326535623935376438393465223b7d733a343a2268617368223b733a36353a2235343138316466393931316237346633653965333265356239353764383934652d3962306435633863613763643663616336613161306161333962623165383637223b7d733a343a22666c6167223b693a323b733a31333a226974657261746f72436c617373223b733a31333a2241727261794974657261746f72223b733a31393a2270726f74656374656450726f70657274696573223b613a343a7b693a303b733a373a2273746f72616765223b693a313b733a343a22666c6167223b693a323b733a31333a226974657261746f72436c617373223b693a333b733a31393a2270726f74656374656450726f70657274696573223b7d7d4c616d696e61735f56616c696461746f725f437372665f73616c745f637372667c4f3a32363a224c616d696e61735c5374646c69625c41727261794f626a656374223a343a7b733a373a2273746f72616765223b613a323a7b733a393a22746f6b656e4c697374223b613a31363a7b733a33323a226564316235303037613431353661313565383539383437333465663833623338223b733a33323a223564356231393031666361663839613436633133346439663038313763613933223b733a33323a223566663765343531323266353639636530323438633237366633363433393136223b733a33323a226664323830373839343632383263646633303631316362666434643865373935223b733a33323a226165363033653035626262306662623633646363666466396662353562353039223b733a33323a226262336663343866366234373065653134333430396163653338623933323832223b733a33323a223234646634653863336430383064363031663463303866323936363264616164223b733a33323a223364666635623530626664383133366631653238333235383430363135623132223b733a33323a226639633732646138663631346334626366366336386561386633386164343264223b733a33323a223266646164656561656235656564666461323331663134656438303335343530223b733a33323a226133646336613631303732666634666431616532653466333765313637626131223b733a33323a223363633235366266353335373631306338656534323638626238653833303734223b733a33323a223532383739646664633062333766626339643232616139313530323461313739223b733a33323a223661616133393564656634636338633736633134663138333465313437346263223b733a33323a226631666433323562663766326534353836343438373638646637383633376333223b733a33323a223864636532363332663335396633336365663262336430643562383536303238223b733a33323a223766336361373634663662326630343664363235336337343361646664313564223b733a33323a223836383336396332666638663766383734633237353363303462353134373335223b733a33323a223966353936326334306330303339336661663437303432373765633334376533223b733a33323a223531313065613634666537356362633032643364343461643333666536646261223b733a33323a223534646434666633346133373861396438313530656431613066396439326236223b733a33323a226331333230396663343734333065633934353462343661383437366635356534223b733a33323a223064613638376363613433323531353062663165646531343838653030643961223b733a33323a223963396263306632326635386132316235313431336566633638376434653631223b733a33323a223466323533303035353138303539303937656336326335653633656163633637223b733a33323a223764626538643237313033366563633934653433626633343261303663626634223b733a33323a223766316365663761326136336432353964646166356432666665663561643037223b733a33323a223437346364376539643737316165633866623034376539333239343066636434223b733a33323a226231666534396166653261346332363065396334373063396465316661633561223b733a33323a223733623961313130643731633364306231393462303466353632616362366635223b733a33323a223731666165643636663365383233393836653661616465663037666162663631223b733a33323a223963643035663662666132656538633037623966386433356431323336396466223b7d733a343a2268617368223b733a36353a2239636430356636626661326565386330376239663864333564313233363964662d3731666165643636663365383233393836653661616465663037666162663631223b7d733a343a22666c6167223b693a323b733a31333a226974657261746f72436c617373223b733a31333a2241727261794974657261746f72223b733a31393a2270726f74656374656450726f70657274696573223b613a343a7b693a303b733a373a2273746f72616765223b693a313b733a343a22666c6167223b693a323b733a31333a226974657261746f72436c617373223b693a333b733a31393a2270726f74656374656450726f70657274696573223b7d7d4c616d696e61735f56616c696461746f725f437372665f73616c745f7265736f7572636574656d706c617465666f726d5f637372667c4f3a32363a224c616d696e61735c5374646c69625c41727261794f626a656374223a343a7b733a373a2273746f72616765223b613a323a7b733a393a22746f6b656e4c697374223b613a31363a7b733a33323a226566626137393538626130396334316538383130616234636566616533663961223b733a33323a223466653236343632353765376662373135353265356639366539353165306236223b733a33323a226366363664346661376463363637653331363836313733393061323639396335223b733a33323a226464363864663337613836303038633937656636666137353933303362626331223b733a33323a223035346664363365623064323133626538306662613834633264653565666432223b733a33323a223761633731653936343561306531626430386562363137306662346563353739223b733a33323a223431623034343331313862396635383565663965643139623839356639376331223b733a33323a226163623233326562383637373462646530323165616464623566626362353862223b733a33323a223764373863623031386630383330373736613530633736396134636438633738223b733a33323a223261316131316166373133356566356665653237643063303537306362316635223b733a33323a226362303032306432353833326366373738336166613335623061653862626561223b733a33323a223234656334346131353235393932613632363161363838636132666230356561223b733a33323a223339396231616532333930623361633138326530396461663966663265376136223b733a33323a223139613939353939343464306561346336623433306339306564663434393134223b733a33323a223039643362363930323730313763383563343162653633393339343764633635223b733a33323a223935326231663032356432636633623262666538343438306462303936626463223b733a33323a226339623530623638313934636235383037653934633866633632616461383737223b733a33323a223335336138656361633936323535633064663366626564383563343263663064223b733a33323a223639356133623434333234363839386432363366343862393230653034323138223b733a33323a226635366430346662663964373764646538643238313339396137646234326433223b733a33323a226366656537663963353733623838376631643061383664653336343664363432223b733a33323a223937653937346331336561303639646465636233353136303764386337383337223b733a33323a226164306133663637313630333536336437323631333265373038306237633335223b733a33323a223866656336626534623863653231613537303832616133646433396332643262223b733a33323a223330356466323539363839353763643332623136333238303034623239393834223b733a33323a223431636430393666356564636539376464396139313330376430666630306564223b733a33323a223636373537326464613737663536623463396434353263363866626165366531223b733a33323a223839626464366130313064343635396366656263643139363065353864303037223b733a33323a226635616630356665346663313136636237313366613565633433313465363066223b733a33323a226631303731313966636535643330636361393737656165323164613234616564223b733a33323a223733303835346265613036303462346666353264343339346537666335396165223b733a33323a223135643033353463383033383163633832323234376130616139613836643536223b7d733a343a2268617368223b733a36353a2231356430333534633830333831636338323232343761306161396138366435362d3733303835346265613036303462346666353264343339346537666335396165223b7d733a343a22666c6167223b693a323b733a31333a226974657261746f72436c617373223b733a31333a2241727261794974657261746f72223b733a31393a2270726f74656374656450726f70657274696573223b613a343a7b693a303b733a373a2273746f72616765223b693a313b733a343a22666c6167223b693a323b733a31333a226974657261746f72436c617373223b693a333b733a31393a2270726f74656374656450726f70657274696573223b7d7d4c616d696e61735f56616c696461746f725f437372665f73616c745f7265736f7572636574656d706c617465696d706f7274666f726d5f637372667c4f3a32363a224c616d696e61735c5374646c69625c41727261794f626a656374223a343a7b733a373a2273746f72616765223b613a323a7b733a393a22746f6b656e4c697374223b613a313a7b733a33323a223464613261333135366561343935383661363430396438353838303639313263223b733a33323a226565323831366334633631383336663462666434626339623438663261323837223b7d733a343a2268617368223b733a36353a2265653238313663346336313833366634626664346263396234386632613238372d3464613261333135366561343935383661363430396438353838303639313263223b7d733a343a22666c6167223b693a323b733a31333a226974657261746f72436c617373223b733a31333a2241727261794974657261746f72223b733a31393a2270726f74656374656450726f70657274696573223b613a343a7b693a303b733a373a2273746f72616765223b693a313b733a343a22666c6167223b693a323b733a31333a226974657261746f72436c617373223b693a333b733a31393a2270726f74656374656450726f70657274696573223b7d7d4c616d696e61735f56616c696461746f725f437372665f73616c745f7265736f7572636574656d706c617465726576696577696d706f7274666f726d5f637372667c4f3a32363a224c616d696e61735c5374646c69625c41727261794f626a656374223a343a7b733a373a2273746f72616765223b613a323a7b733a393a22746f6b656e4c697374223b613a313a7b733a33323a226565356430356639353266376532303830376636613963313932316632306633223b733a33323a226233343864383734616633353761386231356262393462363063643737616262223b7d733a343a2268617368223b733a36353a2262333438643837346166333537613862313562623934623630636437376162622d6565356430356639353266376532303830376636613963313932316632306633223b7d733a343a22666c6167223b693a323b733a31333a226974657261746f72436c617373223b733a31333a2241727261794974657261746f72223b733a31393a2270726f74656374656450726f70657274696573223b613a343a7b693a303b733a373a2273746f72616765223b693a313b733a343a22666c6167223b693a323b733a31333a226974657261746f72436c617373223b693a333b733a31393a2270726f74656374656450726f70657274696573223b7d7d4c616d696e61735f56616c696461746f725f437372665f73616c745f766f636162756c617279757064617465666f726d5f637372667c4f3a32363a224c616d696e61735c5374646c69625c41727261794f626a656374223a343a7b733a373a2273746f72616765223b613a323a7b733a393a22746f6b656e4c697374223b613a313a7b733a33323a223730376565316235656532333732306263653866373365653338356232616237223b733a33323a223535623937313862353037363837393966656331333831646433316433666363223b7d733a343a2268617368223b733a36353a2235356239373138623530373638373939666563313338316464333164336663632d3730376565316235656532333732306263653866373365653338356232616237223b7d733a343a22666c6167223b693a323b733a31333a226974657261746f72436c617373223b733a31333a2241727261794974657261746f72223b733a31393a2270726f74656374656450726f70657274696573223b613a343a7b693a303b733a373a2273746f72616765223b693a313b733a343a22666c6167223b693a323b733a31333a226974657261746f72436c617373223b693a333b733a31393a2270726f74656374656450726f70657274696573223b7d7d, 1765277327),
('oq08snj1qq71deieb4kbaoeg11', 0x5f5f4c616d696e61737c613a323a7b733a32303a225f524551554553545f4143434553535f54494d45223b643a313736353232363335362e3234383335323b733a363a225f56414c4944223b613a313a7b733a32383a224c616d696e61735c53657373696f6e5c56616c696461746f725c4964223b733a32363a226f713038736e6a31717137316465696562346b62616f65673131223b7d7d, 1765226356),
('p17l6inqmhbevpsudu9tispv7t', 0x5f5f4c616d696e61737c613a323a7b733a32303a225f524551554553545f4143434553535f54494d45223b643a313736353232393730372e3730333031353b733a363a225f56414c4944223b613a313a7b733a32383a224c616d696e61735c53657373696f6e5c56616c696461746f725c4964223b733a32363a227031376c36696e716d6862657670737564753974697370763774223b7d7d, 1765229707),
('p1kckfijmtoh1pnf5scgnqhtvq', 0x5f5f4c616d696e61737c613a323a7b733a32303a225f524551554553545f4143434553535f54494d45223b643a313736353233333634392e38343336393b733a363a225f56414c4944223b613a313a7b733a32383a224c616d696e61735c53657373696f6e5c56616c696461746f725c4964223b733a32363a2270316b636b66696a6d746f6831706e66357363676e7168747671223b7d7d, 1765233649),
('p9kv3r2isahijl67eu4681glve', 0x5f5f4c616d696e61737c613a323a7b733a32303a225f524551554553545f4143434553535f54494d45223b643a313736353233323635382e3838363439373b733a363a225f56414c4944223b613a313a7b733a32383a224c616d696e61735c53657373696f6e5c56616c696461746f725c4964223b733a32363a2270396b7633723269736168696a6c3637657534363831676c7665223b7d7d, 1765232658),
('ph14rvo3h0l28mq72q61bgbgi4', 0x5f5f4c616d696e61737c613a323a7b733a32303a225f524551554553545f4143434553535f54494d45223b643a313736353232333234392e3037343435383b733a363a225f56414c4944223b613a313a7b733a32383a224c616d696e61735c53657373696f6e5c56616c696461746f725c4964223b733a32363a227068313472766f3368306c32386d713732713631626762676934223b7d7d, 1765223249),
('pii1f7oog9ic6ovhf3il139fl3', 0x5f5f4c616d696e61737c613a323a7b733a32303a225f524551554553545f4143434553535f54494d45223b643a313736353232333238312e3139333738363b733a363a225f56414c4944223b613a313a7b733a32383a224c616d696e61735c53657373696f6e5c56616c696461746f725c4964223b733a32363a227069693166376f6f67396963366f76686633696c313339666c33223b7d7d, 1765223281),
('pq8gtt0slmimkvuafif0011o40', 0x5f5f4c616d696e61737c613a323a7b733a32303a225f524551554553545f4143434553535f54494d45223b643a313736353233323831312e3839333239333b733a363a225f56414c4944223b613a313a7b733a32383a224c616d696e61735c53657373696f6e5c56616c696461746f725c4964223b733a32363a2270713867747430736c6d696d6b767561666966303031316f3430223b7d7d, 1765232811),
('pqpf50j9ffmvcpnv1t02ih6ali', 0x5f5f4c616d696e61737c613a323a7b733a32303a225f524551554553545f4143434553535f54494d45223b643a313736353232393331372e3038353732383b733a363a225f56414c4944223b613a313a7b733a32383a224c616d696e61735c53657373696f6e5c56616c696461746f725c4964223b733a32363a227071706635306a3966666d7663706e7631743032696836616c69223b7d7d, 1765229317),
('pvtjafsbbjpb258egevft0qe6f', 0x5f5f4c616d696e61737c613a323a7b733a32303a225f524551554553545f4143434553535f54494d45223b643a313736353233343430312e3134383231373b733a363a225f56414c4944223b613a313a7b733a32383a224c616d696e61735c53657373696f6e5c56616c696461746f725c4964223b733a32363a227076746a61667362626a70623235386567657666743071653666223b7d7d, 1765234401),
('q5ho9ad7sltgepu1o3ghda6pf6', 0x5f5f4c616d696e61737c613a323a7b733a32303a225f524551554553545f4143434553535f54494d45223b643a313736353233343435312e3639343330353b733a363a225f56414c4944223b613a313a7b733a32383a224c616d696e61735c53657373696f6e5c56616c696461746f725c4964223b733a32363a227135686f39616437736c7467657075316f336768646136706636223b7d7d, 1765234451),
('qd8qdd9f16ftk97jjljlrlu3fm', 0x5f5f4c616d696e61737c613a323a7b733a32303a225f524551554553545f4143434553535f54494d45223b643a313736353233323635382e3738343837333b733a363a225f56414c4944223b613a313a7b733a32383a224c616d696e61735c53657373696f6e5c56616c696461746f725c4964223b733a32363a227164387164643966313666746b39376a6a6c6a6c726c7533666d223b7d7d, 1765232658),
('r0478v7svl6uskikn10bvmp4kt', 0x5f5f4c616d696e61737c613a323a7b733a32303a225f524551554553545f4143434553535f54494d45223b643a313736353232323930372e3930333134343b733a363a225f56414c4944223b613a313a7b733a32383a224c616d696e61735c53657373696f6e5c56616c696461746f725c4964223b733a32363a227230343738763773766c3675736b696b6e313062766d70346b74223b7d7d, 1765222907),
('r23ermtoq10u7jk52sm30c787u', 0x5f5f4c616d696e61737c613a323a7b733a32303a225f524551554553545f4143434553535f54494d45223b643a313736353233323635392e3535383230373b733a363a225f56414c4944223b613a313a7b733a32383a224c616d696e61735c53657373696f6e5c56616c696461746f725c4964223b733a32363a2272323365726d746f71313075376a6b3532736d33306337383775223b7d7d, 1765232659),
('r2p80j8b0vqh7f8jsn0h8fi909', 0x5f5f4c616d696e61737c613a323a7b733a32303a225f524551554553545f4143434553535f54494d45223b643a313736353233333732342e3530303133323b733a363a225f56414c4944223b613a313a7b733a32383a224c616d696e61735c53657373696f6e5c56616c696461746f725c4964223b733a32363a2272327038306a3862307671683766386a736e3068386669393039223b7d7d, 1765233724),
('r99brmnd0g6bja2d1v4108ufnb', 0x5f5f4c616d696e61737c613a323a7b733a32303a225f524551554553545f4143434553535f54494d45223b643a313736353232393038352e3430313837343b733a363a225f56414c4944223b613a313a7b733a32383a224c616d696e61735c53657373696f6e5c56616c696461746f725c4964223b733a32363a2272393962726d6e64306736626a61326431763431303875666e62223b7d7d, 1765229085),
('ra66k9rksb1hdrrevjv60itqq2', 0x5f5f4c616d696e61737c613a323a7b733a32303a225f524551554553545f4143434553535f54494d45223b643a313736353233323635392e3234353238323b733a363a225f56414c4944223b613a313a7b733a32383a224c616d696e61735c53657373696f6e5c56616c696461746f725c4964223b733a32363a22726136366b39726b7362316864727265766a7636306974717132223b7d7d, 1765232659),
('rb64v84qfpfvgjbkc8v27442mq', 0x5f5f4c616d696e61737c613a323a7b733a32303a225f524551554553545f4143434553535f54494d45223b643a313736353233343435382e3431373239333b733a363a225f56414c4944223b613a313a7b733a32383a224c616d696e61735c53657373696f6e5c56616c696461746f725c4964223b733a32363a22726236347638347166706676676a626b63387632373434326d71223b7d7d, 1765234458),
('rlkada05d640o6c2oqj38i20t3', 0x5f5f4c616d696e61737c613a323a7b733a32303a225f524551554553545f4143434553535f54494d45223b643a313736353233343435342e3339313935363b733a363a225f56414c4944223b613a313a7b733a32383a224c616d696e61735c53657373696f6e5c56616c696461746f725c4964223b733a32363a22726c6b6164613035643634306f3663326f716a33386932307433223b7d7d, 1765234454),
('rn8eilfbdvsqlbp6fje7n1qmgo', 0x5f5f4c616d696e61737c613a323a7b733a32303a225f524551554553545f4143434553535f54494d45223b643a313736353233333734352e3234353637313b733a363a225f56414c4944223b613a313a7b733a32383a224c616d696e61735c53657373696f6e5c56616c696461746f725c4964223b733a32363a22726e3865696c6662647673716c627036666a65376e31716d676f223b7d7d, 1765233745),
('s0iha9asmejtjurn4a756a5mbs', 0x5f5f4c616d696e61737c613a323a7b733a32303a225f524551554553545f4143434553535f54494d45223b643a313736353232323930382e3139313039323b733a363a225f56414c4944223b613a313a7b733a32383a224c616d696e61735c53657373696f6e5c56616c696461746f725c4964223b733a32363a2273306968613961736d656a746a75726e346137353661356d6273223b7d7d, 1765222908),
('s72n3aap1itj359u8u31mb1phu', 0x5f5f4c616d696e61737c613a323a7b733a32303a225f524551554553545f4143434553535f54494d45223b643a313736353233323733302e36353639353b733a363a225f56414c4944223b613a313a7b733a32383a224c616d696e61735c53657373696f6e5c56616c696461746f725c4964223b733a32363a227337326e336161703169746a33353975387533316d6231706875223b7d7d, 1765232730),
('sb86dqiou1fq1ak39gef4a2gn5', 0x5f5f4c616d696e61737c613a323a7b733a32303a225f524551554553545f4143434553535f54494d45223b643a313736353232393033312e3137343935353b733a363a225f56414c4944223b613a313a7b733a32383a224c616d696e61735c53657373696f6e5c56616c696461746f725c4964223b733a32363a22736238366471696f7531667131616b3339676566346132676e35223b7d7d, 1765229031),
('seqcrgghnfsnt7umgv1ekarp9h', 0x5f5f4c616d696e61737c613a323a7b733a32303a225f524551554553545f4143434553535f54494d45223b643a313736353233333630312e3238383839363b733a363a225f56414c4944223b613a313a7b733a32383a224c616d696e61735c53657373696f6e5c56616c696461746f725c4964223b733a32363a2273657163726767686e66736e7437756d677631656b6172703968223b7d7d, 1765233601),
('sp7osdj7sdrisgl1npm3e742n7', 0x5f5f4c616d696e61737c613a323a7b733a32303a225f524551554553545f4143434553535f54494d45223b643a313736353233333433362e3236373330373b733a363a225f56414c4944223b613a313a7b733a32383a224c616d696e61735c53657373696f6e5c56616c696461746f725c4964223b733a32363a227370376f73646a377364726973676c316e706d33653734326e37223b7d7d, 1765233436),
('ssf3i6uh8m2sfipobq4575ndv7', 0x5f5f4c616d696e61737c613a323a7b733a32303a225f524551554553545f4143434553535f54494d45223b643a313736353233323636312e3434313636363b733a363a225f56414c4944223b613a313a7b733a32383a224c616d696e61735c53657373696f6e5c56616c696461746f725c4964223b733a32363a227373663369367568386d32736669706f6271343537356e647637223b7d7d, 1765232661),
('sukhfrkij75lq4klbg4vrhvatt', 0x5f5f4c616d696e61737c613a323a7b733a32303a225f524551554553545f4143434553535f54494d45223b643a313736353232313434372e3133353733353b733a363a225f56414c4944223b613a313a7b733a32383a224c616d696e61735c53657373696f6e5c56616c696461746f725c4964223b733a32363a2273756b6866726b696a37356c71346b6c62673476726876617474223b7d7d, 1765221447),
('t25cek8e7tlv462n6lbo10rs4a', 0x5f5f4c616d696e61737c613a323a7b733a32303a225f524551554553545f4143434553535f54494d45223b643a313736353233333730332e3938343830373b733a363a225f56414c4944223b613a313a7b733a32383a224c616d696e61735c53657373696f6e5c56616c696461746f725c4964223b733a32363a2274323563656b386537746c763436326e366c626f313072733461223b7d7d, 1765233703),
('t46ho54i28j2heu604iip4mgkv', 0x5f5f4c616d696e61737c613a323a7b733a32303a225f524551554553545f4143434553535f54494d45223b643a313736353232333238312e3230303638333b733a363a225f56414c4944223b613a313a7b733a32383a224c616d696e61735c53657373696f6e5c56616c696461746f725c4964223b733a32363a22743436686f35346932386a32686575363034696970346d676b76223b7d7d, 1765223281),
('t5geb68gv2cps9k1hu92jeb5dv', 0x5f5f4c616d696e61737c613a333a7b733a32303a225f524551554553545f4143434553535f54494d45223b643a313736353232333638392e3739343133343b733a363a225f56414c4944223b613a313a7b733a32383a224c616d696e61735c53657373696f6e5c56616c696461746f725c4964223b733a32363a2274356765623638677632637073396b31687539326a6562356476223b7d733a34323a224c616d696e61735f56616c696461746f725f437372665f73616c745f6c6f67696e666f726d5f63737266223b613a313a7b733a363a22455850495245223b693a313736353236363838393b7d7d4f6d656b614d657373656e6765727c4f3a32363a224c616d696e61735c5374646c69625c41727261794f626a656374223a343a7b733a373a2273746f72616765223b613a303a7b7d733a343a22666c6167223b693a323b733a31333a226974657261746f72436c617373223b733a31333a2241727261794974657261746f72223b733a31393a2270726f74656374656450726f70657274696573223b613a343a7b693a303b733a373a2273746f72616765223b693a313b733a343a22666c6167223b693a323b733a31333a226974657261746f72436c617373223b693a333b733a31393a2270726f74656374656450726f70657274696573223b7d7d4c616d696e61735f56616c696461746f725f437372665f73616c745f6c6f67696e666f726d5f637372667c4f3a32363a224c616d696e61735c5374646c69625c41727261794f626a656374223a343a7b733a373a2273746f72616765223b613a323a7b733a393a22746f6b656e4c697374223b613a313a7b733a33323a226537383531613436343262363439663734623466353265303339333836663063223b733a33323a226363363166333133313730353830363239643165336435633533643432313961223b7d733a343a2268617368223b733a36353a2263633631663331333137303538303632396431653364356335336434323139612d6537383531613436343262363439663734623466353265303339333836663063223b7d733a343a22666c6167223b693a323b733a31333a226974657261746f72436c617373223b733a31333a2241727261794974657261746f72223b733a31393a2270726f74656374656450726f70657274696573223b613a343a7b693a303b733a373a2273746f72616765223b693a313b733a343a22666c6167223b693a323b733a31333a226974657261746f72436c617373223b693a333b733a31393a2270726f74656374656450726f70657274696573223b7d7d, 1765223689),
('tebrvsr7a7vu7n2e0qak6dmn8s', 0x5f5f4c616d696e61737c613a323a7b733a32303a225f524551554553545f4143434553535f54494d45223b643a313736353233323635392e3334393132323b733a363a225f56414c4944223b613a313a7b733a32383a224c616d696e61735c53657373696f6e5c56616c696461746f725c4964223b733a32363a22746562727673723761377675376e32653071616b36646d6e3873223b7d7d, 1765232659),
('tilq1b1imn5kq91fnl9tug77bo', 0x5f5f4c616d696e61737c613a323a7b733a32303a225f524551554553545f4143434553535f54494d45223b643a313736353232363930312e3837333431323b733a363a225f56414c4944223b613a313a7b733a32383a224c616d696e61735c53657373696f6e5c56616c696461746f725c4964223b733a32363a2274696c71316231696d6e356b713931666e6c397475673737626f223b7d7d, 1765226901),
('tjdf3rbb78ceolk1oshpe9q3qd', 0x5f5f4c616d696e61737c613a323a7b733a32303a225f524551554553545f4143434553535f54494d45223b643a313736353232393034312e3637313030323b733a363a225f56414c4944223b613a313a7b733a32383a224c616d696e61735c53657373696f6e5c56616c696461746f725c4964223b733a32363a22746a646633726262373863656f6c6b316f736870653971337164223b7d7d, 1765229041),
('todsiqabbttvk1dem7rj225jtg', 0x5f5f4c616d696e61737c613a323a7b733a32303a225f524551554553545f4143434553535f54494d45223b643a313736353233323831312e3839373736333b733a363a225f56414c4944223b613a313a7b733a32383a224c616d696e61735c53657373696f6e5c56616c696461746f725c4964223b733a32363a22746f647369716162627474766b3164656d37726a3232356a7467223b7d7d, 1765232811),
('u5hjjoabbjj13gq2he2rv3cvp9', 0x5f5f4c616d696e61737c613a323a7b733a32303a225f524551554553545f4143434553535f54494d45223b643a313736353233333632352e35303539323b733a363a225f56414c4944223b613a313a7b733a32383a224c616d696e61735c53657373696f6e5c56616c696461746f725c4964223b733a32363a227535686a6a6f6162626a6a313367713268653272763363767039223b7d7d, 1765233625),
('ufhfrat213jocltkgei5kdn38j', 0x5f5f4c616d696e61737c613a323a7b733a32303a225f524551554553545f4143434553535f54494d45223b643a313736353233333638372e3937373637383b733a363a225f56414c4944223b613a313a7b733a32383a224c616d696e61735c53657373696f6e5c56616c696461746f725c4964223b733a32363a22756668667261743231336a6f636c746b676569356b646e33386a223b7d7d, 1765233687),
('uj7uoh9vnciea22eeu3vob8rmo', 0x5f5f4c616d696e61737c613a323a7b733a32303a225f524551554553545f4143434553535f54494d45223b643a313736353233333633372e3637303437333b733a363a225f56414c4944223b613a313a7b733a32383a224c616d696e61735c53657373696f6e5c56616c696461746f725c4964223b733a32363a22756a37756f6839766e63696561323265657533766f6238726d6f223b7d7d, 1765233637),
('uumlurd3gf1dsc882r3mhn5o1p', 0x5f5f4c616d696e61737c613a323a7b733a32303a225f524551554553545f4143434553535f54494d45223b643a313736353233323733302e3636323936323b733a363a225f56414c4944223b613a313a7b733a32383a224c616d696e61735c53657373696f6e5c56616c696461746f725c4964223b733a32363a2275756d6c7572643367663164736338383272336d686e356f3170223b7d7d, 1765232730);
INSERT INTO `session` (`id`, `data`, `modified`) VALUES
('uuuuq427hhheil8sbupbqu74pd', 0x5f5f4c616d696e61737c613a363a7b733a32303a225f524551554553545f4143434553535f54494d45223b643a313736353233343538302e3835373934313b733a363a225f56414c4944223b613a313a7b733a32383a224c616d696e61735c53657373696f6e5c56616c696461746f725c4964223b733a32363a226269706c316b73686d75316b386a676b3769306c6a6671313637223b7d733a34323a224c616d696e61735f56616c696461746f725f437372665f73616c745f6c6f67696e666f726d5f63737266223b613a313a7b733a363a22455850495245223b693a313736353237313835383b7d733a33323a224c616d696e61735f56616c696461746f725f437372665f73616c745f63737266223b613a313a7b733a363a22455850495245223b693a313736353237373737353b7d733a34343a224c616d696e61735f56616c696461746f725f437372665f73616c745f636f6e6669726d666f726d5f63737266223b613a313a7b733a363a22455850495245223b693a313736353237373430393b7d733a35383a224c616d696e61735f56616c696461746f725f437372665f73616c745f6d6f64756c655f4d794d6f64756c655f636f6e6669677572655f63737266223b613a313a7b733a363a22455850495245223b693a313736353237323038303b7d7d72656469726563745f75726c7c733a34373a22687474703a2f2f6c6f63616c686f73742f6f6d6b5f746879705f32352d32365f636c6f6e652f61646d696e2f6a6f62223b4c616d696e61735f56616c696461746f725f437372665f73616c745f6c6f67696e666f726d5f637372667c4f3a32363a224c616d696e61735c5374646c69625c41727261794f626a656374223a343a7b733a373a2273746f72616765223b613a323a7b733a393a22746f6b656e4c697374223b613a313a7b733a33323a223264366630613632363939333531373862366538623230306536346131386239223b733a33323a223963626365666434326665363134353434356336383834313533636635353764223b7d733a343a2268617368223b733a36353a2239636263656664343266653631343534343563363838343135336366353537642d3264366630613632363939333531373862366538623230306536346131386239223b7d733a343a22666c6167223b693a323b733a31333a226974657261746f72436c617373223b733a31333a2241727261794974657261746f72223b733a31393a2270726f74656374656450726f70657274696573223b613a343a7b693a303b733a373a2273746f72616765223b693a313b733a343a22666c6167223b693a323b733a31333a226974657261746f72436c617373223b693a333b733a31393a2270726f74656374656450726f70657274696573223b7d7d4c616d696e61735f417574687c4f3a32363a224c616d696e61735c5374646c69625c41727261794f626a656374223a343a7b733a373a2273746f72616765223b613a303a7b7d733a343a22666c6167223b693a323b733a31333a226974657261746f72436c617373223b733a31333a2241727261794974657261746f72223b733a31393a2270726f74656374656450726f70657274696573223b613a343a7b693a303b733a373a2273746f72616765223b693a313b733a343a22666c6167223b693a323b733a31333a226974657261746f72436c617373223b693a333b733a31393a2270726f74656374656450726f70657274696573223b7d7d4f6d656b614d657373656e6765727c4f3a32363a224c616d696e61735c5374646c69625c41727261794f626a656374223a343a7b733a373a2273746f72616765223b613a313a7b733a383a226d65737361676573223b613a313a7b693a313b613a313a7b693a303b733a32333a225375636365737366756c6c79206c6f67676564206f7574223b7d7d7d733a343a22666c6167223b693a323b733a31333a226974657261746f72436c617373223b733a31333a2241727261794974657261746f72223b733a31393a2270726f74656374656450726f70657274696573223b613a343a7b693a303b733a373a2273746f72616765223b693a313b733a343a22666c6167223b693a323b733a31333a226974657261746f72436c617373223b693a333b733a31393a2270726f74656374656450726f70657274696573223b7d7d4c616d696e61735f56616c696461746f725f437372665f73616c745f637372667c4f3a32363a224c616d696e61735c5374646c69625c41727261794f626a656374223a343a7b733a373a2273746f72616765223b613a323a7b733a393a22746f6b656e4c697374223b613a31353a7b733a33323a223438363863323161626433316335636231376365383531633665333134326661223b733a33323a223139336333643662663936343561613538393265333965323439356361323566223b733a33323a223039316531626334303264356161343563313436313262386532613335316265223b733a33323a223139616638323637366363323433313230343161333337663735653132336136223b733a33323a226462313163346162333666336630323566656430373263306263383633663134223b733a33323a223462626261363930363938633337373637656266343937373639323631623064223b733a33323a223938323433363766633130333266303532326461623831323230306663323033223b733a33323a223632333338396633646232656433316535633964636666373439663438373630223b733a33323a223835663932373561313565323734386230383236643234383961343064623365223b733a33323a226431623336663132636136376139333131386435336664383635303537666133223b733a33323a223061323737353333653836343533316164326166343063363036313861383731223b733a33323a223530336563306365653762346635663164366664396666326238666163643962223b733a33323a223133343935383865663063333863343930653036363566313939383362376265223b733a33323a223962656639653161623930616663613734666361306238336565383033316231223b733a33323a223934623930613735366564393632383262363030636638613735663037386262223b733a33323a223838353964613835623837326563626436633937353738656531386133363663223b733a33323a226238363963383632313561646638613033333661663765326365643363343261223b733a33323a223436633337643132363961363363663666363435616634663366663538376431223b733a33323a223566613533393437353630616564336161633333383130323838633162303265223b733a33323a226530333733393338366634303539653466643139623738326133393665393834223b733a33323a223263636337613530396365326364306133386563333961613337363732396337223b733a33323a226432373231326339316562316165316164633436663735643530656139353139223b733a33323a223436326234373938613865333735666532346435653938363839343035376362223b733a33323a226166343662643763313665383431316663336530356430393239326162656562223b733a33323a223864346262666334656631333564356431626563666534323966356533646333223b733a33323a223065666339376562363862356630366264393531616535333030323530303731223b733a33323a226366656463323236303037363739363731363062633964306231656566383535223b733a33323a223663646665623863653138353534616666623630393136636661633534613932223b733a33323a226636633565356130383363346531393062353965313232393064613232633265223b733a33323a223336366139663162343139663638653464633864643463366165646530666538223b7d733a343a2268617368223b733a36353a2233363661396631623431396636386534646338646434633661656465306665382d6636633565356130383363346531393062353965313232393064613232633265223b7d733a343a22666c6167223b693a323b733a31333a226974657261746f72436c617373223b733a31333a2241727261794974657261746f72223b733a31393a2270726f74656374656450726f70657274696573223b613a343a7b693a303b733a373a2273746f72616765223b693a313b733a343a22666c6167223b693a323b733a31333a226974657261746f72436c617373223b693a333b733a31393a2270726f74656374656450726f70657274696573223b7d7d4c616d696e61735f56616c696461746f725f437372665f73616c745f636f6e6669726d666f726d5f637372667c4f3a32363a224c616d696e61735c5374646c69625c41727261794f626a656374223a343a7b733a373a2273746f72616765223b613a323a7b733a393a22746f6b656e4c697374223b613a35303a7b733a33323a223036326166386336346335623336626331396134366538313130623765316439223b733a33323a223964393262623331303336363161653061303730663137643836613431346435223b733a33323a226165376364623961356438306565353534623262643965356235383266313264223b733a33323a226366643238326638333761386562323436336161363839643163336666336563223b733a33323a223265663162656566633934313063643331346437353566636432376533636439223b733a33323a223664303861353331636231343635613539613138396465363361643931663533223b733a33323a223466343061353439396465333566666261366534343363633631643465393564223b733a33323a226462373735633737383134313333663236323462366239666561616237316361223b733a33323a223931663933613532663838376633613835396532633862653463366336623231223b733a33323a223434613734363931313439653934383762613939333466373965323562353866223b733a33323a226162333135366236663761656135623134656562393361376130646639383638223b733a33323a223737363239353237616234653239346238373535376130366232366437363634223b733a33323a223932306637353431316266643835663063666433653062366436316164633861223b733a33323a226435643635326463356639326537623666316566383231616137383437376163223b733a33323a226237643362313533636432346531653131356637626431383762643731333237223b733a33323a223430386637383236613132323538316336323132636534366661306265363234223b733a33323a223065626133636462343763313965636138646532396266616635373836373564223b733a33323a223037313864636336396437326161663831333730333465626237646364623332223b733a33323a223438323632326136353334666133643763333165623035613236326462636337223b733a33323a226133383538353532333266633435343661626365366530363436663130626530223b733a33323a223930633231333837623666626635353461316430633531333532613865633632223b733a33323a223937613831323364663338373262393166363839653131356466663162633063223b733a33323a223361383931333163383665303737643233626634363635323239356434363663223b733a33323a223739656133653233393335343339306135633638396332356639656465613561223b733a33323a223534626539343034323838393135386630653066656436313331323339336636223b733a33323a223766303133633730646133343539633134623938616663316537613535383466223b733a33323a226463356435653339336135653037636464306564386662323865353766336330223b733a33323a223763623063393333643766323266356430366338316539333934643661376134223b733a33323a223436656631313563393762373830336531376331653434323663636664326332223b733a33323a223866373266313734373464323330656264363731306234353230366434363338223b733a33323a223430623434326637343930633066616239373639613833373035623736376636223b733a33323a226365316138313439363063343262633436633961363566303464333938353632223b733a33323a223033326431323335393662666637656436623465663131313434663461653362223b733a33323a223261623535343361303863333632313262653263356232373834366134366631223b733a33323a223931653332623534633133313038663134383536316462323364653763356561223b733a33323a223835346666633033373734316235396464373732313131633366356537656564223b733a33323a226631346632313030626635333736613035646364643164373364643139353334223b733a33323a223038366466303235353439353031663962663030366639653133633937393635223b733a33323a226236393330373738303466663261376265663936306236383964396638616264223b733a33323a223665356435343839356634366130366537643634666330306134316462633731223b733a33323a223936326337316534636563303031363064316361666637616538333732653965223b733a33323a226239626438323931653163656463666366636261623833613934656233643431223b733a33323a223961643536653938353261383364616432366435616666653135336530303037223b733a33323a223935663632636438623964386663626137366665343864613335373362666131223b733a33323a223061663166666562643135663166663236383331623836313337303235626139223b733a33323a226132333263313937363266313766333031646665376533356233316633383661223b733a33323a223465366435316662623039666339336330653130386261643261313835373739223b733a33323a223262323666366633613538303731353564616566656638343131343434326135223b733a33323a223534633837386465343364643131313132323932613635323935313631383531223b733a33323a223132313738363433343037326265303765366332653866363138643637316637223b733a33323a223663393364343431373261373839353961303061393533636331336332633366223b733a33323a223162356436333231623765643932633538323338326661353632643966333266223b733a33323a223136653732366633333561643634366236303136656630343237376339633535223b733a33323a223361633162616131376435373938633565653636336633333238643239643536223b733a33323a223765383462356637376533653365653763623362306234616665653535633436223b733a33323a226265363539646530643139633635623237636361646536333535323235363262223b733a33323a223764643938366638333961313263303133383332653231313836303035383839223b733a33323a223038623464666237633765396632366338653339623236313539613862396464223b733a33323a223562653437643861333431633437333261363230383539363234363231393761223b733a33323a223839636366643739663036313761363930336638376339666166666537633263223b733a33323a223635313864343239633536366564353663633364646536656265633039383133223b733a33323a226132613132363031366437396336626237656335653737366632383637306532223b733a33323a226563353238363737613035656235656261623630623664393365646462663330223b733a33323a223538363166313266353337393535666565333536663663363738663830316135223b733a33323a223738633830336364383536303038613132343632653139313331323138633130223b733a33323a226131386263353664626264393261653736373734323361393137383962646361223b733a33323a226662646533623661633530346133623432323431313364656639646236656564223b733a33323a223763666565346233393865666165626232323466343634646562303066363632223b733a33323a223431653936616363383064633536303739316535336166636130653764623235223b733a33323a223530313531623336623338393061343939373063613862393964353438316233223b733a33323a223963303239303937323830396536346565666639343632393261396465663664223b733a33323a226337343034393764303064396365643465303634383432666531376338633132223b733a33323a223433653936326331666264303161316436303363646465646264373332333830223b733a33323a223336363239393037386465356264636262303964633238633632376439336564223b733a33323a226163336333313831353535666666303833353431613064383565613032656632223b733a33323a223131366238643836386630663135613064336339326532663663613762386337223b733a33323a223462343862353337666334646164633539633362623134303664376439343366223b733a33323a226162663033336633626232613364646334383361343565393536306235376436223b733a33323a226462303830373862343934633736383436323530623938643761653538353532223b733a33323a226338373333333031363330323435306339336566636235353132623630623334223b733a33323a223035353363636531653337363762656361313534366361616139363966316163223b733a33323a223231383839353563653536646162303531633062386532666232623732643332223b733a33323a223036373334626363653739303230373339383365363035383532653239343463223b733a33323a223763303663333735653139326264333039383635643065336433653430346332223b733a33323a223133393263343032623238313365366161393861366463313061633636363364223b733a33323a226636613131366165316535323864383062643830396639346637313932616238223b733a33323a223462653031646430333063333435666465303664336664653464393764396136223b733a33323a223930373636333665333538316663653132376535313266623864623666313364223b733a33323a223263373665626266376235353132396663383262623132306565613135346363223b733a33323a226137336363383531306531343665353066373032306638616361363764323734223b733a33323a223363623935663839373065613132363437326339613432623736323232313433223b733a33323a223831356366383365346230666363303632633566633434313735376434366138223b733a33323a223938303463626532343362366162643934363139393562666137353138346137223b733a33323a226563633536633637363162333962383966393638323635613437356465383635223b733a33323a226465656637613966633663643630386365323835343661393765623436346539223b733a33323a226333373635613661393632373266313861663532666461653663383638373130223b733a33323a223565303737393966633163303861663633393761316533323539656166326538223b733a33323a226665386233303264323132313961663636346162613436616665626132623861223b733a33323a223236343263386464326630653135383962636531383432636164623532613765223b733a33323a223535323464336162613861353831393064623532333163336365323166373364223b7d733a343a2268617368223b733a36353a2235353234643361626138613538313930646235323331633363653231663733642d3236343263386464326630653135383962636531383432636164623532613765223b7d733a343a22666c6167223b693a323b733a31333a226974657261746f72436c617373223b733a31333a2241727261794974657261746f72223b733a31393a2270726f74656374656450726f70657274696573223b613a343a7b693a303b733a373a2273746f72616765223b693a313b733a343a22666c6167223b693a323b733a31333a226974657261746f72436c617373223b693a333b733a31393a2270726f74656374656450726f70657274696573223b7d7d4c616d696e61735f56616c696461746f725f437372665f73616c745f6d6f64756c655f4d794d6f64756c655f636f6e6669677572655f637372667c4f3a32363a224c616d696e61735c5374646c69625c41727261794f626a656374223a343a7b733a373a2273746f72616765223b613a323a7b733a393a22746f6b656e4c697374223b613a323a7b733a33323a223532626438616136366636656230353962393561333839633639303766303762223b733a33323a226635663563653362396663666537623466316334363834326135663130626666223b733a33323a226363306163636531613236393661323838353138636130613933653364383963223b733a33323a226436373534663431613830393466613963623562323362643262636464323035223b7d733a343a2268617368223b733a36353a2264363735346634316138303934666139636235623233626432626364643230352d6363306163636531613236393661323838353138636130613933653364383963223b7d733a343a22666c6167223b693a323b733a31333a226974657261746f72436c617373223b733a31333a2241727261794974657261746f72223b733a31393a2270726f74656374656450726f70657274696573223b613a343a7b693a303b733a373a2273746f72616765223b693a313b733a343a22666c6167223b693a323b733a31333a226974657261746f72436c617373223b693a333b733a31393a2270726f74656374656450726f70657274696573223b7d7d, 1765234580),
('v9oohguro282t901qndg936mek', 0x5f5f4c616d696e61737c613a323a7b733a32303a225f524551554553545f4143434553535f54494d45223b643a313736353232393731312e3032373438393b733a363a225f56414c4944223b613a313a7b733a32383a224c616d696e61735c53657373696f6e5c56616c696461746f725c4964223b733a32363a2276396f6f686775726f32383274393031716e64673933366d656b223b7d7d, 1765229711),
('vhdpgs5vv72j8cbj4o3g3ei7mp', 0x5f5f4c616d696e61737c613a323a7b733a32303a225f524551554553545f4143434553535f54494d45223b643a313736353232363930312e3537393535383b733a363a225f56414c4944223b613a313a7b733a32383a224c616d696e61735c53657373696f6e5c56616c696461746f725c4964223b733a32363a2276686470677335767637326a3863626a346f3367336569376d70223b7d7d, 1765226901),
('vhltjd0o5lai6kcmsrevvhm1m2', 0x5f5f4c616d696e61737c613a323a7b733a32303a225f524551554553545f4143434553535f54494d45223b643a313736353232333232302e3134353136333b733a363a225f56414c4944223b613a313a7b733a32383a224c616d696e61735c53657373696f6e5c56616c696461746f725c4964223b733a32363a2276686c746a64306f356c6169366b636d7372657676686d316d32223b7d7d, 1765223220),
('vv2vc5prq9t0on50vp64777q1e', 0x5f5f4c616d696e61737c613a323a7b733a32303a225f524551554553545f4143434553535f54494d45223b643a313736353233323635392e3736373036333b733a363a225f56414c4944223b613a313a7b733a32383a224c616d696e61735c53657373696f6e5c56616c696461746f725c4964223b733a32363a227676327663357072713974306f6e353076703634373737713165223b7d7d, 1765232659);

-- --------------------------------------------------------

--
-- Table structure for table `setting`
--

CREATE TABLE `setting` (
  `id` varchar(190) CHARACTER SET utf8mb4 COLLATE utf8mb4_unicode_ci NOT NULL,
  `value` longtext CHARACTER SET utf8mb4 COLLATE utf8mb4_unicode_ci NOT NULL COMMENT '(DC2Type:json_array)'
) ENGINE=InnoDB DEFAULT CHARSET=utf8mb4 COLLATE=utf8mb4_unicode_ci;

--
-- Dumping data for table `setting`
--

INSERT INTO `setting` (`id`, `value`) VALUES
('administrator_email', '\"benakchaihab@gmail.com\"'),
('extension_whitelist', '[\"aac\",\"aif\",\"aiff\",\"asf\",\"asx\",\"avi\",\"bmp\",\"c\",\"cc\",\"class\",\"css\",\"divx\",\"doc\",\"docx\",\"exe\",\"gif\",\"gz\",\"gzip\",\"h\",\"ico\",\"j2k\",\"jp2\",\"jpe\",\"jpeg\",\"jpg\",\"m4a\",\"m4v\",\"mdb\",\"mid\",\"midi\",\"mov\",\"mp2\",\"mp3\",\"mp4\",\"mpa\",\"mpe\",\"mpeg\",\"mpg\",\"mpp\",\"odb\",\"odc\",\"odf\",\"odg\",\"odp\",\"ods\",\"odt\",\"ogg\",\"opus\",\"pdf\",\"png\",\"pot\",\"pps\",\"ppt\",\"pptx\",\"qt\",\"ra\",\"ram\",\"rtf\",\"rtx\",\"swf\",\"tar\",\"tif\",\"tiff\",\"txt\",\"wav\",\"wax\",\"webm\",\"webp\",\"wma\",\"wmv\",\"wmx\",\"wri\",\"xla\",\"xls\",\"xlsx\",\"xlt\",\"xlw\",\"zip\"]'),
('installation_title', '\"Omeka\"'),
('locale', '\"en_US\"'),
('media_type_whitelist', '[\"application\\/msword\",\"application\\/ogg\",\"application\\/pdf\",\"application\\/rtf\",\"application\\/vnd.ms-access\",\"application\\/vnd.ms-excel\",\"application\\/vnd.ms-powerpoint\",\"application\\/vnd.ms-project\",\"application\\/vnd.ms-write\",\"application\\/vnd.oasis.opendocument.chart\",\"application\\/vnd.oasis.opendocument.database\",\"application\\/vnd.oasis.opendocument.formula\",\"application\\/vnd.oasis.opendocument.graphics\",\"application\\/vnd.oasis.opendocument.presentation\",\"application\\/vnd.oasis.opendocument.spreadsheet\",\"application\\/vnd.oasis.opendocument.text\",\"application\\/vnd.openxmlformats-officedocument.wordprocessingml.document\",\"application\\/vnd.openxmlformats-officedocument.presentationml.presentation\",\"application\\/vnd.openxmlformats-officedocument.spreadsheetml.sheet\",\"application\\/x-gzip\",\"application\\/x-ms-wmp\",\"application\\/x-msdownload\",\"application\\/x-shockwave-flash\",\"application\\/x-tar\",\"application\\/zip\",\"audio\\/midi\",\"audio\\/mp4\",\"audio\\/mpeg\",\"audio\\/ogg\",\"audio\\/x-aac\",\"audio\\/x-aiff\",\"audio\\/x-ms-wma\",\"audio\\/x-ms-wax\",\"audio\\/x-realaudio\",\"audio\\/x-wav\",\"image\\/bmp\",\"image\\/gif\",\"image\\/jp2\",\"image\\/jpeg\",\"image\\/pjpeg\",\"image\\/png\",\"image\\/tiff\",\"image\\/webp\",\"image\\/x-icon\",\"text\\/css\",\"text\\/plain\",\"text\\/richtext\",\"video\\/divx\",\"video\\/mp4\",\"video\\/mpeg\",\"video\\/ogg\",\"video\\/quicktime\",\"video\\/webm\",\"video\\/x-ms-asf,\",\"video\\/x-msvideo\",\"video\\/x-ms-wmv\"]'),
('my_module_anythingllm_api_key', '\"B4DKSNH-WAT4FYS-N32YPVD-54RW9C0\"'),
('my_module_anythingllm_api_url', '\"http:\\/\\/localhost:3001\"'),
('my_module_anythingllm_workspace_slug', '\"workspace-web\"'),
('my_module_last_anythingllm_sync', '\"2025-12-08T21:25:21\"'),
('pagination_per_page', '25'),
('time_zone', '\"Europe\\/Paris\"'),
('use_htmlpurifier', '\"1\"'),
('version', '\"4.1.1\"'),
('version_notifications', '\"1\"');

-- --------------------------------------------------------

--
-- Table structure for table `site`
--

CREATE TABLE `site` (
  `id` int NOT NULL,
  `thumbnail_id` int DEFAULT NULL,
  `homepage_id` int DEFAULT NULL,
  `owner_id` int DEFAULT NULL,
  `slug` varchar(190) CHARACTER SET utf8mb4 COLLATE utf8mb4_unicode_ci NOT NULL,
  `theme` varchar(190) CHARACTER SET utf8mb4 COLLATE utf8mb4_unicode_ci NOT NULL,
  `title` varchar(190) CHARACTER SET utf8mb4 COLLATE utf8mb4_unicode_ci NOT NULL,
  `summary` longtext CHARACTER SET utf8mb4 COLLATE utf8mb4_unicode_ci,
  `navigation` longtext CHARACTER SET utf8mb4 COLLATE utf8mb4_unicode_ci NOT NULL COMMENT '(DC2Type:json_array)',
  `item_pool` longtext CHARACTER SET utf8mb4 COLLATE utf8mb4_unicode_ci NOT NULL COMMENT '(DC2Type:json_array)',
  `created` datetime NOT NULL,
  `modified` datetime DEFAULT NULL,
  `is_public` tinyint(1) NOT NULL,
  `assign_new_items` tinyint(1) NOT NULL DEFAULT '0'
) ENGINE=InnoDB DEFAULT CHARSET=utf8mb4 COLLATE=utf8mb4_unicode_ci;

-- --------------------------------------------------------

--
-- Table structure for table `site_block_attachment`
--

CREATE TABLE `site_block_attachment` (
  `id` int NOT NULL,
  `block_id` int NOT NULL,
  `item_id` int DEFAULT NULL,
  `media_id` int DEFAULT NULL,
  `caption` longtext CHARACTER SET utf8mb4 COLLATE utf8mb4_unicode_ci NOT NULL,
  `position` int NOT NULL
) ENGINE=InnoDB DEFAULT CHARSET=utf8mb4 COLLATE=utf8mb4_unicode_ci;

-- --------------------------------------------------------

--
-- Table structure for table `site_item_set`
--

CREATE TABLE `site_item_set` (
  `id` int NOT NULL,
  `site_id` int NOT NULL,
  `item_set_id` int NOT NULL,
  `position` int DEFAULT NULL
) ENGINE=InnoDB DEFAULT CHARSET=utf8mb4 COLLATE=utf8mb4_unicode_ci;

-- --------------------------------------------------------

--
-- Table structure for table `site_page`
--

CREATE TABLE `site_page` (
  `id` int NOT NULL,
  `site_id` int NOT NULL,
  `slug` varchar(190) CHARACTER SET utf8mb4 COLLATE utf8mb4_unicode_ci NOT NULL,
  `title` varchar(190) CHARACTER SET utf8mb4 COLLATE utf8mb4_unicode_ci NOT NULL,
  `is_public` tinyint(1) NOT NULL,
  `layout` varchar(255) CHARACTER SET utf8mb4 COLLATE utf8mb4_unicode_ci DEFAULT NULL,
  `layout_data` longtext CHARACTER SET utf8mb4 COLLATE utf8mb4_unicode_ci COMMENT '(DC2Type:json)',
  `created` datetime NOT NULL,
  `modified` datetime DEFAULT NULL
) ENGINE=InnoDB DEFAULT CHARSET=utf8mb4 COLLATE=utf8mb4_unicode_ci;

-- --------------------------------------------------------

--
-- Table structure for table `site_page_block`
--

CREATE TABLE `site_page_block` (
  `id` int NOT NULL,
  `page_id` int NOT NULL,
  `layout` varchar(80) CHARACTER SET utf8mb4 COLLATE utf8mb4_unicode_ci NOT NULL,
  `data` longtext CHARACTER SET utf8mb4 COLLATE utf8mb4_unicode_ci NOT NULL COMMENT '(DC2Type:json_array)',
  `layout_data` longtext CHARACTER SET utf8mb4 COLLATE utf8mb4_unicode_ci COMMENT '(DC2Type:json)',
  `position` int NOT NULL
) ENGINE=InnoDB DEFAULT CHARSET=utf8mb4 COLLATE=utf8mb4_unicode_ci;

-- --------------------------------------------------------

--
-- Table structure for table `site_permission`
--

CREATE TABLE `site_permission` (
  `id` int NOT NULL,
  `site_id` int NOT NULL,
  `user_id` int NOT NULL,
  `role` varchar(80) CHARACTER SET utf8mb4 COLLATE utf8mb4_unicode_ci NOT NULL
) ENGINE=InnoDB DEFAULT CHARSET=utf8mb4 COLLATE=utf8mb4_unicode_ci;

-- --------------------------------------------------------

--
-- Table structure for table `site_setting`
--

CREATE TABLE `site_setting` (
  `id` varchar(190) CHARACTER SET utf8mb4 COLLATE utf8mb4_unicode_ci NOT NULL,
  `site_id` int NOT NULL,
  `value` longtext CHARACTER SET utf8mb4 COLLATE utf8mb4_unicode_ci NOT NULL COMMENT '(DC2Type:json_array)'
) ENGINE=InnoDB DEFAULT CHARSET=utf8mb4 COLLATE=utf8mb4_unicode_ci;

-- --------------------------------------------------------

--
-- Table structure for table `user`
--

CREATE TABLE `user` (
  `id` int NOT NULL,
  `email` varchar(190) CHARACTER SET utf8mb4 COLLATE utf8mb4_unicode_ci NOT NULL,
  `name` varchar(190) CHARACTER SET utf8mb4 COLLATE utf8mb4_unicode_ci NOT NULL,
  `created` datetime NOT NULL,
  `modified` datetime DEFAULT NULL,
  `password_hash` varchar(60) CHARACTER SET utf8mb4 COLLATE utf8mb4_unicode_ci DEFAULT NULL,
  `role` varchar(190) CHARACTER SET utf8mb4 COLLATE utf8mb4_unicode_ci NOT NULL,
  `is_active` tinyint(1) NOT NULL
) ENGINE=InnoDB DEFAULT CHARSET=utf8mb4 COLLATE=utf8mb4_unicode_ci;

--
-- Dumping data for table `user`
--

INSERT INTO `user` (`id`, `email`, `name`, `created`, `modified`, `password_hash`, `role`, `is_active`) VALUES
(1, 'benakchaihab@gmail.com', 'Iheb Chaker', '2025-10-16 16:16:24', '2025-10-16 16:16:24', '$2y$10$2r/LIda6/.imF9nPVsDhVeXtg2/maEbdZqDVQH2cGn3JtoPSO1BK6', 'global_admin', 1),
(2, 'samuel.szoniecky@univ-paris8.fr', 'samuel szoniecky', '2025-12-08 22:49:55', '2025-12-09 08:53:15', '$2y$10$a.JZzPcTjXyX5LaPtBJGAutXVOEoNPqyUAShXEFjk2dxd6YN6Avda', 'global_admin', 1);

-- --------------------------------------------------------

--
-- Table structure for table `user_setting`
--

CREATE TABLE `user_setting` (
  `id` varchar(190) CHARACTER SET utf8mb4 COLLATE utf8mb4_unicode_ci NOT NULL,
  `user_id` int NOT NULL,
  `value` longtext CHARACTER SET utf8mb4 COLLATE utf8mb4_unicode_ci NOT NULL COMMENT '(DC2Type:json_array)'
) ENGINE=InnoDB DEFAULT CHARSET=utf8mb4 COLLATE=utf8mb4_unicode_ci;

--
-- Dumping data for table `user_setting`
--

INSERT INTO `user_setting` (`id`, `user_id`, `value`) VALUES
('browse_defaults_admin_item_sets', 1, '{\"sort_by\":\"created\",\"sort_order\":\"desc\"}'),
('browse_defaults_admin_item_sets', 2, '{\"sort_by\":\"created\",\"sort_order\":\"desc\"}'),
('browse_defaults_admin_items', 1, '{\"sort_by\":\"created\",\"sort_order\":\"desc\"}'),
('browse_defaults_admin_items', 2, '{\"sort_by\":\"created\",\"sort_order\":\"desc\"}'),
('browse_defaults_admin_media', 1, '{\"sort_by\":\"created\",\"sort_order\":\"desc\"}'),
('browse_defaults_admin_media', 2, '{\"sort_by\":\"created\",\"sort_order\":\"desc\"}'),
('browse_defaults_admin_sites', 1, '{\"sort_by\":\"title\",\"sort_order\":\"asc\"}'),
('browse_defaults_admin_sites', 2, '{\"sort_by\":\"title\",\"sort_order\":\"asc\"}'),
('columns_admin_item_sets', 1, '[{\"type\":\"resource_class\",\"default\":null,\"header\":null},{\"type\":\"owner\",\"default\":null,\"header\":null},{\"type\":\"created\",\"default\":null,\"header\":null}]'),
('columns_admin_item_sets', 2, '[{\"type\":\"resource_class\",\"default\":null,\"header\":null},{\"type\":\"owner\",\"default\":null,\"header\":null},{\"type\":\"created\",\"default\":null,\"header\":null}]'),
('columns_admin_items', 1, '[{\"type\":\"resource_class\",\"default\":null,\"header\":null},{\"type\":\"owner\",\"default\":null,\"header\":null},{\"type\":\"created\",\"default\":null,\"header\":null}]'),
('columns_admin_items', 2, '[{\"type\":\"resource_class\",\"default\":null,\"header\":null},{\"type\":\"owner\",\"default\":null,\"header\":null},{\"type\":\"created\",\"default\":null,\"header\":null}]'),
('columns_admin_media', 1, '[{\"type\":\"resource_class\",\"default\":null,\"header\":null},{\"type\":\"owner\",\"default\":null,\"header\":null},{\"type\":\"created\",\"default\":null,\"header\":null}]'),
('columns_admin_media', 2, '[{\"type\":\"resource_class\",\"default\":null,\"header\":null},{\"type\":\"owner\",\"default\":null,\"header\":null},{\"type\":\"created\",\"default\":null,\"header\":null}]'),
('columns_admin_sites', 1, '[{\"type\":\"slug\",\"default\":null,\"header\":null},{\"type\":\"owner\",\"default\":null,\"header\":null},{\"type\":\"created\",\"default\":null,\"header\":null}]'),
('columns_admin_sites', 2, '[{\"type\":\"slug\",\"default\":null,\"header\":null},{\"type\":\"owner\",\"default\":null,\"header\":null},{\"type\":\"created\",\"default\":null,\"header\":null}]'),
('csv_import_automap_check_names_alone', 1, 'true'),
('csv_import_delimiter', 1, '\",\"'),
('csv_import_enclosure', 1, '\"\\\"\"'),
('csv_import_global_language', 1, '\"\"'),
('csv_import_identifier_property', 1, '\"\"'),
('csv_import_multivalue_separator', 1, '\";\"'),
('csv_import_rows_by_batch', 1, '20'),
('default_resource_template', 1, '\"\"'),
('default_resource_template', 2, '\"\"'),
('locale', 1, '\"en_US\"'),
('locale', 2, '\"en_US\"');

-- --------------------------------------------------------

--
-- Table structure for table `value`
--

CREATE TABLE `value` (
  `id` int NOT NULL,
  `resource_id` int NOT NULL,
  `property_id` int NOT NULL,
  `value_resource_id` int DEFAULT NULL,
  `value_annotation_id` int DEFAULT NULL,
  `type` varchar(255) CHARACTER SET utf8mb4 COLLATE utf8mb4_unicode_ci NOT NULL,
  `lang` varchar(255) CHARACTER SET utf8mb4 COLLATE utf8mb4_unicode_ci DEFAULT NULL,
  `value` longtext CHARACTER SET utf8mb4 COLLATE utf8mb4_unicode_ci,
  `uri` longtext CHARACTER SET utf8mb4 COLLATE utf8mb4_unicode_ci,
  `is_public` tinyint(1) NOT NULL
) ENGINE=InnoDB DEFAULT CHARSET=utf8mb4 COLLATE=utf8mb4_unicode_ci;

--
-- Dumping data for table `value`
--

INSERT INTO `value` (`id`, `resource_id`, `property_id`, `value_resource_id`, `value_annotation_id`, `type`, `lang`, `value`, `uri`, `is_public`) VALUES
(1184, 287, 1, NULL, NULL, 'literal', NULL, 'Benakcha Iheb Chaker', NULL, 1),
(1185, 287, 10, NULL, NULL, 'literal', NULL, 'sil1/1', NULL, 1),
(1186, 287, 297, NULL, NULL, 'literal', NULL, 'Benakcha Iheb Chaker', NULL, 1),
(1187, 287, 298, NULL, NULL, 'literal', NULL, 'ben@mail.com', NULL, 1),
(1188, 288, 1, NULL, NULL, 'literal', NULL, 'Jane Doe', NULL, 1),
(1189, 288, 10, NULL, NULL, 'literal', NULL, 'sil1/2', NULL, 1),
(1190, 288, 297, NULL, NULL, 'literal', NULL, 'Jane Doe', NULL, 1),
(1191, 288, 298, NULL, NULL, 'literal', NULL, 'jan@mail.com', NULL, 1),
(1192, 289, 1, NULL, NULL, 'literal', NULL, 'Foo Bar', NULL, 1),
(1193, 289, 10, NULL, NULL, 'literal', NULL, 'sil1/3', NULL, 1),
(1194, 289, 297, NULL, NULL, 'literal', NULL, 'Foo Bar', NULL, 1),
(1195, 289, 298, NULL, NULL, 'literal', NULL, 'foo@mai.com', NULL, 1),
(1196, 290, 1, NULL, NULL, 'literal', NULL, 'Jhon Doe', NULL, 1),
(1197, 290, 10, NULL, NULL, 'literal', NULL, 'sil1/4', NULL, 1),
(1198, 290, 297, NULL, NULL, 'literal', NULL, 'Jhon Doe', NULL, 1),
(1199, 290, 298, NULL, NULL, 'literal', NULL, 'jhon@mail.com', NULL, 1),
(1200, 291, 1, NULL, NULL, 'literal', NULL, 'Méthodes Agiles', NULL, 1),
(1201, 291, 10, NULL, NULL, 'literal', NULL, 'cours-25-1', NULL, 1),
(1202, 291, 299, NULL, NULL, 'literal', NULL, 'thyp-1', NULL, 1),
(1203, 291, 300, NULL, NULL, 'literal', NULL, '2', NULL, 1),
(1204, 292, 1, NULL, NULL, 'literal', NULL, 'Compilation', NULL, 1),
(1205, 292, 10, NULL, NULL, 'literal', NULL, 'cours-25-2', NULL, 1),
(1206, 292, 299, NULL, NULL, 'literal', NULL, 'thyp-2', NULL, 1),
(1207, 292, 300, NULL, NULL, 'literal', NULL, '8', NULL, 1),
(1208, 293, 1, NULL, NULL, 'literal', NULL, 'Analyse de données', NULL, 1),
(1209, 293, 10, NULL, NULL, 'literal', NULL, 'cours-25-3', NULL, 1),
(1210, 293, 299, NULL, NULL, 'literal', NULL, 'thyp-3', NULL, 1),
(1211, 293, 300, NULL, NULL, 'literal', NULL, '4', NULL, 1),
(1212, 294, 1, NULL, NULL, 'literal', NULL, 'Interface Homme Machine', NULL, 1),
(1213, 294, 10, NULL, NULL, 'literal', NULL, 'cours-25-5', NULL, 1),
(1214, 294, 299, NULL, NULL, 'literal', NULL, 'thyp-5', NULL, 1),
(1215, 294, 300, NULL, NULL, 'literal', NULL, '3', NULL, 1),
(1216, 295, 1, NULL, NULL, 'literal', NULL, 'Inscription INSCR-1765277111082', NULL, 1),
(1217, 295, 10, NULL, NULL, 'literal', NULL, 'INSCR-1765277111082', NULL, 1),
(1218, 295, 301, NULL, NULL, 'literal', NULL, '18', NULL, 1),
(1219, 295, 302, 287, NULL, 'resource', NULL, NULL, NULL, 1),
(1220, 295, 303, 291, NULL, 'resource', NULL, NULL, NULL, 1),
(1221, 296, 1, NULL, NULL, 'literal', NULL, 'Inscription INSCR-1765277121383', NULL, 1),
(1222, 296, 10, NULL, NULL, 'literal', NULL, 'INSCR-1765277121383', NULL, 1),
(1223, 296, 301, NULL, NULL, 'literal', NULL, '17', NULL, 1),
(1224, 296, 302, 288, NULL, 'resource', NULL, NULL, NULL, 1),
(1225, 296, 303, 293, NULL, 'resource', NULL, NULL, NULL, 1),
(1226, 297, 1, NULL, NULL, 'literal', NULL, 'Inscription INSCR-1765277129173', NULL, 1),
(1227, 297, 10, NULL, NULL, 'literal', NULL, 'INSCR-1765277129173', NULL, 1),
(1228, 297, 301, NULL, NULL, 'literal', NULL, '17', NULL, 1),
(1229, 297, 302, 289, NULL, 'resource', NULL, NULL, NULL, 1),
(1230, 297, 303, 292, NULL, 'resource', NULL, NULL, NULL, 1);

-- --------------------------------------------------------

--
-- Table structure for table `value_annotation`
--

CREATE TABLE `value_annotation` (
  `id` int NOT NULL
) ENGINE=InnoDB DEFAULT CHARSET=utf8mb4 COLLATE=utf8mb4_unicode_ci;

-- --------------------------------------------------------

--
-- Table structure for table `vocabulary`
--

CREATE TABLE `vocabulary` (
  `id` int NOT NULL,
  `owner_id` int DEFAULT NULL,
  `namespace_uri` varchar(190) CHARACTER SET utf8mb4 COLLATE utf8mb4_unicode_ci NOT NULL,
  `prefix` varchar(190) CHARACTER SET utf8mb4 COLLATE utf8mb4_unicode_ci NOT NULL,
  `label` varchar(255) CHARACTER SET utf8mb4 COLLATE utf8mb4_unicode_ci NOT NULL,
  `comment` longtext CHARACTER SET utf8mb4 COLLATE utf8mb4_unicode_ci
) ENGINE=InnoDB DEFAULT CHARSET=utf8mb4 COLLATE=utf8mb4_unicode_ci;

--
-- Dumping data for table `vocabulary`
--

INSERT INTO `vocabulary` (`id`, `owner_id`, `namespace_uri`, `prefix`, `label`, `comment`) VALUES
(1, NULL, 'http://purl.org/dc/terms/', 'dcterms', 'Dublin Core', 'Basic resource metadata (DCMI Metadata Terms)'),
(2, NULL, 'http://purl.org/dc/dcmitype/', 'dctype', 'Dublin Core Type', 'Basic resource types (DCMI Type Vocabulary)'),
(3, NULL, 'http://purl.org/ontology/bibo/', 'bibo', 'Bibliographic Ontology', 'Bibliographic metadata (BIBO)'),
(4, NULL, 'http://xmlns.com/foaf/0.1/', 'foaf', 'Friend of a Friend', 'Relationships between people and organizations (FOAF)'),
(10, 2, 'https://github.com/ihabChaker/KitchenExchange#', 'ke', 'Kitchen Exchange Vocab', ''),
(11, 2, 'http://example.org/eval#', 'ev', 'Eval', '');

--
-- Indexes for dumped tables
--

--
-- Indexes for table `api_key`
--
ALTER TABLE `api_key`
  ADD PRIMARY KEY (`id`),
  ADD KEY `IDX_C912ED9D7E3C61F9` (`owner_id`);

--
-- Indexes for table `asset`
--
ALTER TABLE `asset`
  ADD PRIMARY KEY (`id`),
  ADD UNIQUE KEY `UNIQ_2AF5A5C5CC5DB90` (`storage_id`),
  ADD KEY `IDX_2AF5A5C7E3C61F9` (`owner_id`);

--
-- Indexes for table `csvimport_entity`
--
ALTER TABLE `csvimport_entity`
  ADD PRIMARY KEY (`id`),
  ADD KEY `IDX_84D382F4BE04EA9` (`job_id`);

--
-- Indexes for table `csvimport_import`
--
ALTER TABLE `csvimport_import`
  ADD PRIMARY KEY (`id`),
  ADD UNIQUE KEY `UNIQ_17B50881BE04EA9` (`job_id`),
  ADD UNIQUE KEY `UNIQ_17B508814C276F75` (`undo_job_id`);

--
-- Indexes for table `fulltext_search`
--
ALTER TABLE `fulltext_search`
  ADD PRIMARY KEY (`id`,`resource`),
  ADD KEY `IDX_AA31FE4A7E3C61F9` (`owner_id`);
ALTER TABLE `fulltext_search` ADD FULLTEXT KEY `IDX_AA31FE4A2B36786B3B8BA7C7` (`title`,`text`);

--
-- Indexes for table `item`
--
ALTER TABLE `item`
  ADD PRIMARY KEY (`id`),
  ADD KEY `IDX_1F1B251ECBE0B084` (`primary_media_id`);

--
-- Indexes for table `item_item_set`
--
ALTER TABLE `item_item_set`
  ADD PRIMARY KEY (`item_id`,`item_set_id`),
  ADD KEY `IDX_6D0C9625126F525E` (`item_id`),
  ADD KEY `IDX_6D0C9625960278D7` (`item_set_id`);

--
-- Indexes for table `item_set`
--
ALTER TABLE `item_set`
  ADD PRIMARY KEY (`id`);

--
-- Indexes for table `item_site`
--
ALTER TABLE `item_site`
  ADD PRIMARY KEY (`item_id`,`site_id`),
  ADD KEY `IDX_A1734D1F126F525E` (`item_id`),
  ADD KEY `IDX_A1734D1FF6BD1646` (`site_id`);

--
-- Indexes for table `job`
--
ALTER TABLE `job`
  ADD PRIMARY KEY (`id`),
  ADD KEY `IDX_FBD8E0F87E3C61F9` (`owner_id`);

--
-- Indexes for table `media`
--
ALTER TABLE `media`
  ADD PRIMARY KEY (`id`),
  ADD UNIQUE KEY `UNIQ_6A2CA10C5CC5DB90` (`storage_id`),
  ADD KEY `IDX_6A2CA10C126F525E` (`item_id`),
  ADD KEY `item_position` (`item_id`,`position`);

--
-- Indexes for table `migration`
--
ALTER TABLE `migration`
  ADD PRIMARY KEY (`version`);

--
-- Indexes for table `module`
--
ALTER TABLE `module`
  ADD PRIMARY KEY (`id`);

--
-- Indexes for table `password_creation`
--
ALTER TABLE `password_creation`
  ADD PRIMARY KEY (`id`),
  ADD UNIQUE KEY `UNIQ_C77917B4A76ED395` (`user_id`);

--
-- Indexes for table `property`
--
ALTER TABLE `property`
  ADD PRIMARY KEY (`id`),
  ADD UNIQUE KEY `UNIQ_8BF21CDEAD0E05F6623C14D5` (`vocabulary_id`,`local_name`),
  ADD KEY `IDX_8BF21CDE7E3C61F9` (`owner_id`),
  ADD KEY `IDX_8BF21CDEAD0E05F6` (`vocabulary_id`);

--
-- Indexes for table `resource`
--
ALTER TABLE `resource`
  ADD PRIMARY KEY (`id`),
  ADD KEY `IDX_BC91F4167E3C61F9` (`owner_id`),
  ADD KEY `IDX_BC91F416448CC1BD` (`resource_class_id`),
  ADD KEY `IDX_BC91F41616131EA` (`resource_template_id`),
  ADD KEY `IDX_BC91F416FDFF2E92` (`thumbnail_id`),
  ADD KEY `title` (`title`(190)),
  ADD KEY `is_public` (`is_public`);

--
-- Indexes for table `resource_class`
--
ALTER TABLE `resource_class`
  ADD PRIMARY KEY (`id`),
  ADD UNIQUE KEY `UNIQ_C6F063ADAD0E05F6623C14D5` (`vocabulary_id`,`local_name`),
  ADD KEY `IDX_C6F063AD7E3C61F9` (`owner_id`),
  ADD KEY `IDX_C6F063ADAD0E05F6` (`vocabulary_id`);

--
-- Indexes for table `resource_template`
--
ALTER TABLE `resource_template`
  ADD PRIMARY KEY (`id`),
  ADD UNIQUE KEY `UNIQ_39ECD52EEA750E8` (`label`),
  ADD KEY `IDX_39ECD52E7E3C61F9` (`owner_id`),
  ADD KEY `IDX_39ECD52E448CC1BD` (`resource_class_id`),
  ADD KEY `IDX_39ECD52E724734A3` (`title_property_id`),
  ADD KEY `IDX_39ECD52EB84E0D1D` (`description_property_id`);

--
-- Indexes for table `resource_template_property`
--
ALTER TABLE `resource_template_property`
  ADD PRIMARY KEY (`id`),
  ADD UNIQUE KEY `UNIQ_4689E2F116131EA549213EC` (`resource_template_id`,`property_id`),
  ADD KEY `IDX_4689E2F116131EA` (`resource_template_id`),
  ADD KEY `IDX_4689E2F1549213EC` (`property_id`);

--
-- Indexes for table `session`
--
ALTER TABLE `session`
  ADD PRIMARY KEY (`id`);

--
-- Indexes for table `setting`
--
ALTER TABLE `setting`
  ADD PRIMARY KEY (`id`);

--
-- Indexes for table `site`
--
ALTER TABLE `site`
  ADD PRIMARY KEY (`id`),
  ADD UNIQUE KEY `UNIQ_694309E4989D9B62` (`slug`),
  ADD UNIQUE KEY `UNIQ_694309E4571EDDA` (`homepage_id`),
  ADD KEY `IDX_694309E4FDFF2E92` (`thumbnail_id`),
  ADD KEY `IDX_694309E47E3C61F9` (`owner_id`);

--
-- Indexes for table `site_block_attachment`
--
ALTER TABLE `site_block_attachment`
  ADD PRIMARY KEY (`id`),
  ADD KEY `IDX_236473FEE9ED820C` (`block_id`),
  ADD KEY `IDX_236473FE126F525E` (`item_id`),
  ADD KEY `IDX_236473FEEA9FDD75` (`media_id`),
  ADD KEY `block_position` (`block_id`,`position`);

--
-- Indexes for table `site_item_set`
--
ALTER TABLE `site_item_set`
  ADD PRIMARY KEY (`id`),
  ADD UNIQUE KEY `UNIQ_D4CE134F6BD1646960278D7` (`site_id`,`item_set_id`),
  ADD KEY `IDX_D4CE134F6BD1646` (`site_id`),
  ADD KEY `IDX_D4CE134960278D7` (`item_set_id`),
  ADD KEY `position` (`position`);

--
-- Indexes for table `site_page`
--
ALTER TABLE `site_page`
  ADD PRIMARY KEY (`id`),
  ADD UNIQUE KEY `UNIQ_2F900BD9F6BD1646989D9B62` (`site_id`,`slug`),
  ADD KEY `is_public` (`is_public`),
  ADD KEY `IDX_2F900BD9F6BD1646` (`site_id`);

--
-- Indexes for table `site_page_block`
--
ALTER TABLE `site_page_block`
  ADD PRIMARY KEY (`id`),
  ADD KEY `IDX_C593E731C4663E4` (`page_id`),
  ADD KEY `page_position` (`page_id`,`position`);

--
-- Indexes for table `site_permission`
--
ALTER TABLE `site_permission`
  ADD PRIMARY KEY (`id`),
  ADD UNIQUE KEY `UNIQ_C0401D6FF6BD1646A76ED395` (`site_id`,`user_id`),
  ADD KEY `IDX_C0401D6FF6BD1646` (`site_id`),
  ADD KEY `IDX_C0401D6FA76ED395` (`user_id`);

--
-- Indexes for table `site_setting`
--
ALTER TABLE `site_setting`
  ADD PRIMARY KEY (`id`,`site_id`),
  ADD KEY `IDX_64D05A53F6BD1646` (`site_id`);

--
-- Indexes for table `user`
--
ALTER TABLE `user`
  ADD PRIMARY KEY (`id`),
  ADD UNIQUE KEY `UNIQ_8D93D649E7927C74` (`email`);

--
-- Indexes for table `user_setting`
--
ALTER TABLE `user_setting`
  ADD PRIMARY KEY (`id`,`user_id`),
  ADD KEY `IDX_C779A692A76ED395` (`user_id`);

--
-- Indexes for table `value`
--
ALTER TABLE `value`
  ADD PRIMARY KEY (`id`),
  ADD UNIQUE KEY `UNIQ_1D7758349B66727E` (`value_annotation_id`),
  ADD KEY `IDX_1D77583489329D25` (`resource_id`),
  ADD KEY `IDX_1D775834549213EC` (`property_id`),
  ADD KEY `IDX_1D7758344BC72506` (`value_resource_id`),
  ADD KEY `value` (`value`(190)),
  ADD KEY `uri` (`uri`(190)),
  ADD KEY `is_public` (`is_public`);

--
-- Indexes for table `value_annotation`
--
ALTER TABLE `value_annotation`
  ADD PRIMARY KEY (`id`);

--
-- Indexes for table `vocabulary`
--
ALTER TABLE `vocabulary`
  ADD PRIMARY KEY (`id`),
  ADD UNIQUE KEY `UNIQ_9099C97B9B267FDF` (`namespace_uri`),
  ADD UNIQUE KEY `UNIQ_9099C97B93B1868E` (`prefix`),
  ADD KEY `IDX_9099C97B7E3C61F9` (`owner_id`);

--
-- AUTO_INCREMENT for dumped tables
--

--
-- AUTO_INCREMENT for table `asset`
--
ALTER TABLE `asset`
  MODIFY `id` int NOT NULL AUTO_INCREMENT;

--
-- AUTO_INCREMENT for table `csvimport_entity`
--
ALTER TABLE `csvimport_entity`
  MODIFY `id` int NOT NULL AUTO_INCREMENT, AUTO_INCREMENT=156;

--
-- AUTO_INCREMENT for table `csvimport_import`
--
ALTER TABLE `csvimport_import`
  MODIFY `id` int NOT NULL AUTO_INCREMENT, AUTO_INCREMENT=38;

--
-- AUTO_INCREMENT for table `job`
--
ALTER TABLE `job`
  MODIFY `id` int NOT NULL AUTO_INCREMENT, AUTO_INCREMENT=52;

--
-- AUTO_INCREMENT for table `property`
--
ALTER TABLE `property`
  MODIFY `id` int NOT NULL AUTO_INCREMENT, AUTO_INCREMENT=306;

--
-- AUTO_INCREMENT for table `resource`
--
ALTER TABLE `resource`
  MODIFY `id` int NOT NULL AUTO_INCREMENT, AUTO_INCREMENT=298;

--
-- AUTO_INCREMENT for table `resource_class`
--
ALTER TABLE `resource_class`
  MODIFY `id` int NOT NULL AUTO_INCREMENT, AUTO_INCREMENT=151;

--
-- AUTO_INCREMENT for table `resource_template`
--
ALTER TABLE `resource_template`
  MODIFY `id` int NOT NULL AUTO_INCREMENT, AUTO_INCREMENT=17;

--
-- AUTO_INCREMENT for table `resource_template_property`
--
ALTER TABLE `resource_template_property`
  MODIFY `id` int NOT NULL AUTO_INCREMENT, AUTO_INCREMENT=83;

--
-- AUTO_INCREMENT for table `site`
--
ALTER TABLE `site`
  MODIFY `id` int NOT NULL AUTO_INCREMENT;

--
-- AUTO_INCREMENT for table `site_block_attachment`
--
ALTER TABLE `site_block_attachment`
  MODIFY `id` int NOT NULL AUTO_INCREMENT;

--
-- AUTO_INCREMENT for table `site_item_set`
--
ALTER TABLE `site_item_set`
  MODIFY `id` int NOT NULL AUTO_INCREMENT;

--
-- AUTO_INCREMENT for table `site_page`
--
ALTER TABLE `site_page`
  MODIFY `id` int NOT NULL AUTO_INCREMENT;

--
-- AUTO_INCREMENT for table `site_page_block`
--
ALTER TABLE `site_page_block`
  MODIFY `id` int NOT NULL AUTO_INCREMENT;

--
-- AUTO_INCREMENT for table `site_permission`
--
ALTER TABLE `site_permission`
  MODIFY `id` int NOT NULL AUTO_INCREMENT;

--
-- AUTO_INCREMENT for table `user`
--
ALTER TABLE `user`
  MODIFY `id` int NOT NULL AUTO_INCREMENT, AUTO_INCREMENT=3;

--
-- AUTO_INCREMENT for table `value`
--
ALTER TABLE `value`
  MODIFY `id` int NOT NULL AUTO_INCREMENT, AUTO_INCREMENT=1231;

--
-- AUTO_INCREMENT for table `vocabulary`
--
ALTER TABLE `vocabulary`
  MODIFY `id` int NOT NULL AUTO_INCREMENT, AUTO_INCREMENT=12;

--
-- Constraints for dumped tables
--

--
-- Constraints for table `api_key`
--
ALTER TABLE `api_key`
  ADD CONSTRAINT `FK_C912ED9D7E3C61F9` FOREIGN KEY (`owner_id`) REFERENCES `user` (`id`);

--
-- Constraints for table `asset`
--
ALTER TABLE `asset`
  ADD CONSTRAINT `FK_2AF5A5C7E3C61F9` FOREIGN KEY (`owner_id`) REFERENCES `user` (`id`) ON DELETE SET NULL;

--
-- Constraints for table `csvimport_entity`
--
ALTER TABLE `csvimport_entity`
  ADD CONSTRAINT `FK_84D382F4BE04EA9` FOREIGN KEY (`job_id`) REFERENCES `job` (`id`);

--
-- Constraints for table `csvimport_import`
--
ALTER TABLE `csvimport_import`
  ADD CONSTRAINT `FK_17B508814C276F75` FOREIGN KEY (`undo_job_id`) REFERENCES `job` (`id`),
  ADD CONSTRAINT `FK_17B50881BE04EA9` FOREIGN KEY (`job_id`) REFERENCES `job` (`id`);

--
-- Constraints for table `fulltext_search`
--
ALTER TABLE `fulltext_search`
  ADD CONSTRAINT `FK_AA31FE4A7E3C61F9` FOREIGN KEY (`owner_id`) REFERENCES `user` (`id`) ON DELETE SET NULL;

--
-- Constraints for table `item`
--
ALTER TABLE `item`
  ADD CONSTRAINT `FK_1F1B251EBF396750` FOREIGN KEY (`id`) REFERENCES `resource` (`id`) ON DELETE CASCADE,
  ADD CONSTRAINT `FK_1F1B251ECBE0B084` FOREIGN KEY (`primary_media_id`) REFERENCES `media` (`id`) ON DELETE SET NULL;

--
-- Constraints for table `item_item_set`
--
ALTER TABLE `item_item_set`
  ADD CONSTRAINT `FK_6D0C9625126F525E` FOREIGN KEY (`item_id`) REFERENCES `item` (`id`) ON DELETE CASCADE,
  ADD CONSTRAINT `FK_6D0C9625960278D7` FOREIGN KEY (`item_set_id`) REFERENCES `item_set` (`id`) ON DELETE CASCADE;

--
-- Constraints for table `item_set`
--
ALTER TABLE `item_set`
  ADD CONSTRAINT `FK_1015EEEBF396750` FOREIGN KEY (`id`) REFERENCES `resource` (`id`) ON DELETE CASCADE;

--
-- Constraints for table `item_site`
--
ALTER TABLE `item_site`
  ADD CONSTRAINT `FK_A1734D1F126F525E` FOREIGN KEY (`item_id`) REFERENCES `item` (`id`) ON DELETE CASCADE,
  ADD CONSTRAINT `FK_A1734D1FF6BD1646` FOREIGN KEY (`site_id`) REFERENCES `site` (`id`) ON DELETE CASCADE;

--
-- Constraints for table `job`
--
ALTER TABLE `job`
  ADD CONSTRAINT `FK_FBD8E0F87E3C61F9` FOREIGN KEY (`owner_id`) REFERENCES `user` (`id`) ON DELETE SET NULL;

--
-- Constraints for table `media`
--
ALTER TABLE `media`
  ADD CONSTRAINT `FK_6A2CA10C126F525E` FOREIGN KEY (`item_id`) REFERENCES `item` (`id`),
  ADD CONSTRAINT `FK_6A2CA10CBF396750` FOREIGN KEY (`id`) REFERENCES `resource` (`id`) ON DELETE CASCADE;

--
-- Constraints for table `password_creation`
--
ALTER TABLE `password_creation`
  ADD CONSTRAINT `FK_C77917B4A76ED395` FOREIGN KEY (`user_id`) REFERENCES `user` (`id`) ON DELETE CASCADE;

--
-- Constraints for table `property`
--
ALTER TABLE `property`
  ADD CONSTRAINT `FK_8BF21CDE7E3C61F9` FOREIGN KEY (`owner_id`) REFERENCES `user` (`id`) ON DELETE SET NULL,
  ADD CONSTRAINT `FK_8BF21CDEAD0E05F6` FOREIGN KEY (`vocabulary_id`) REFERENCES `vocabulary` (`id`);

--
-- Constraints for table `resource`
--
ALTER TABLE `resource`
  ADD CONSTRAINT `FK_BC91F41616131EA` FOREIGN KEY (`resource_template_id`) REFERENCES `resource_template` (`id`) ON DELETE SET NULL,
  ADD CONSTRAINT `FK_BC91F416448CC1BD` FOREIGN KEY (`resource_class_id`) REFERENCES `resource_class` (`id`) ON DELETE SET NULL,
  ADD CONSTRAINT `FK_BC91F4167E3C61F9` FOREIGN KEY (`owner_id`) REFERENCES `user` (`id`) ON DELETE SET NULL,
  ADD CONSTRAINT `FK_BC91F416FDFF2E92` FOREIGN KEY (`thumbnail_id`) REFERENCES `asset` (`id`) ON DELETE SET NULL;

--
-- Constraints for table `resource_class`
--
ALTER TABLE `resource_class`
  ADD CONSTRAINT `FK_C6F063AD7E3C61F9` FOREIGN KEY (`owner_id`) REFERENCES `user` (`id`) ON DELETE SET NULL,
  ADD CONSTRAINT `FK_C6F063ADAD0E05F6` FOREIGN KEY (`vocabulary_id`) REFERENCES `vocabulary` (`id`);

--
-- Constraints for table `resource_template`
--
ALTER TABLE `resource_template`
  ADD CONSTRAINT `FK_39ECD52E448CC1BD` FOREIGN KEY (`resource_class_id`) REFERENCES `resource_class` (`id`) ON DELETE SET NULL,
  ADD CONSTRAINT `FK_39ECD52E724734A3` FOREIGN KEY (`title_property_id`) REFERENCES `property` (`id`) ON DELETE SET NULL,
  ADD CONSTRAINT `FK_39ECD52E7E3C61F9` FOREIGN KEY (`owner_id`) REFERENCES `user` (`id`) ON DELETE SET NULL,
  ADD CONSTRAINT `FK_39ECD52EB84E0D1D` FOREIGN KEY (`description_property_id`) REFERENCES `property` (`id`) ON DELETE SET NULL;

--
-- Constraints for table `resource_template_property`
--
ALTER TABLE `resource_template_property`
  ADD CONSTRAINT `FK_4689E2F116131EA` FOREIGN KEY (`resource_template_id`) REFERENCES `resource_template` (`id`),
  ADD CONSTRAINT `FK_4689E2F1549213EC` FOREIGN KEY (`property_id`) REFERENCES `property` (`id`) ON DELETE CASCADE;

--
-- Constraints for table `site`
--
ALTER TABLE `site`
  ADD CONSTRAINT `FK_694309E4571EDDA` FOREIGN KEY (`homepage_id`) REFERENCES `site_page` (`id`) ON DELETE SET NULL,
  ADD CONSTRAINT `FK_694309E47E3C61F9` FOREIGN KEY (`owner_id`) REFERENCES `user` (`id`) ON DELETE SET NULL,
  ADD CONSTRAINT `FK_694309E4FDFF2E92` FOREIGN KEY (`thumbnail_id`) REFERENCES `asset` (`id`) ON DELETE SET NULL;

--
-- Constraints for table `site_block_attachment`
--
ALTER TABLE `site_block_attachment`
  ADD CONSTRAINT `FK_236473FE126F525E` FOREIGN KEY (`item_id`) REFERENCES `item` (`id`) ON DELETE SET NULL,
  ADD CONSTRAINT `FK_236473FEE9ED820C` FOREIGN KEY (`block_id`) REFERENCES `site_page_block` (`id`),
  ADD CONSTRAINT `FK_236473FEEA9FDD75` FOREIGN KEY (`media_id`) REFERENCES `media` (`id`) ON DELETE SET NULL;

--
-- Constraints for table `site_item_set`
--
ALTER TABLE `site_item_set`
  ADD CONSTRAINT `FK_D4CE134960278D7` FOREIGN KEY (`item_set_id`) REFERENCES `item_set` (`id`) ON DELETE CASCADE,
  ADD CONSTRAINT `FK_D4CE134F6BD1646` FOREIGN KEY (`site_id`) REFERENCES `site` (`id`) ON DELETE CASCADE;

--
-- Constraints for table `site_page`
--
ALTER TABLE `site_page`
  ADD CONSTRAINT `FK_2F900BD9F6BD1646` FOREIGN KEY (`site_id`) REFERENCES `site` (`id`);

--
-- Constraints for table `site_page_block`
--
ALTER TABLE `site_page_block`
  ADD CONSTRAINT `FK_C593E731C4663E4` FOREIGN KEY (`page_id`) REFERENCES `site_page` (`id`);

--
-- Constraints for table `site_permission`
--
ALTER TABLE `site_permission`
  ADD CONSTRAINT `FK_C0401D6FA76ED395` FOREIGN KEY (`user_id`) REFERENCES `user` (`id`) ON DELETE CASCADE,
  ADD CONSTRAINT `FK_C0401D6FF6BD1646` FOREIGN KEY (`site_id`) REFERENCES `site` (`id`) ON DELETE CASCADE;

--
-- Constraints for table `site_setting`
--
ALTER TABLE `site_setting`
  ADD CONSTRAINT `FK_64D05A53F6BD1646` FOREIGN KEY (`site_id`) REFERENCES `site` (`id`) ON DELETE CASCADE;

--
-- Constraints for table `user_setting`
--
ALTER TABLE `user_setting`
  ADD CONSTRAINT `FK_C779A692A76ED395` FOREIGN KEY (`user_id`) REFERENCES `user` (`id`) ON DELETE CASCADE;

--
-- Constraints for table `value`
--
ALTER TABLE `value`
  ADD CONSTRAINT `FK_1D7758344BC72506` FOREIGN KEY (`value_resource_id`) REFERENCES `resource` (`id`) ON DELETE CASCADE,
  ADD CONSTRAINT `FK_1D775834549213EC` FOREIGN KEY (`property_id`) REFERENCES `property` (`id`) ON DELETE CASCADE,
  ADD CONSTRAINT `FK_1D77583489329D25` FOREIGN KEY (`resource_id`) REFERENCES `resource` (`id`),
  ADD CONSTRAINT `FK_1D7758349B66727E` FOREIGN KEY (`value_annotation_id`) REFERENCES `value_annotation` (`id`) ON DELETE SET NULL;

--
-- Constraints for table `value_annotation`
--
ALTER TABLE `value_annotation`
  ADD CONSTRAINT `FK_C03BA4EBF396750` FOREIGN KEY (`id`) REFERENCES `resource` (`id`) ON DELETE CASCADE;

--
-- Constraints for table `vocabulary`
--
ALTER TABLE `vocabulary`
  ADD CONSTRAINT `FK_9099C97B7E3C61F9` FOREIGN KEY (`owner_id`) REFERENCES `user` (`id`) ON DELETE SET NULL;
COMMIT;

/*!40101 SET CHARACTER_SET_CLIENT=@OLD_CHARACTER_SET_CLIENT */;
/*!40101 SET CHARACTER_SET_RESULTS=@OLD_CHARACTER_SET_RESULTS */;
/*!40101 SET COLLATION_CONNECTION=@OLD_COLLATION_CONNECTION */;
